{
"type": "FeatureCollection",
"name": "kemang_neighborhood",
"crs": { "type": "name", "properties": { "name": "urn:ogc:def:crs:OGC:1.3:CRS84" } },
"features": [
{ "type": "Feature", "properties": { "OBJECTID": 26, "NAMOBJ": null, "FCODE": "BA03080040", "REMARK": null, "METADATA": null, "SRS_ID": null, "KDBBPS": null, "KDCBPS": null, "KDCPUM": "317404", "KDEBPS": null, "KDEPUM": null, "KDPBPS": null, "KDPKAB": "3174", "KDPPUM": null, "LUASWH": null, "TIPADM": null, "WADMKC": "PASAR MINGGU", "WADMKD": null, "WADMKK": "JAKARTA SELATAN", "WADMPR": null, "WIADKC": null, "WIADKK": null, "WIADPR": null, "WIADKD": null, "SHAPE_Length": 0.29143851396490161, "SHAPE_Area": 0.0017660018579318177 }, "geometry": { "type": "MultiPolygon", "coordinates": [ [ [ [ 106.851978074000044, -6.262442874999977, 0.0 ], [ 106.851924208000071, -6.262560123999947, 0.0 ], [ 106.851873555000054, -6.262670378999928, 0.0 ], [ 106.851780456000085, -6.262879132999956, 0.0 ], [ 106.851728261000062, -6.262992649999944, 0.0 ], [ 106.85166748100005, -6.263129522999975, 0.0 ], [ 106.851622047000035, -6.26323227599994, 0.0 ], [ 106.851608390000081, -6.263263163999966, 0.0 ], [ 106.851547676000052, -6.263400474999969, 0.0 ], [ 106.851418096000089, -6.263685494999947, 0.0 ], [ 106.851392343000043, -6.263742139999977, 0.0 ], [ 106.85118779000004, -6.264192066999954, 0.0 ], [ 106.851126055000066, -6.264335154999969, 0.0 ], [ 106.851123547000043, -6.264340967999942, 0.0 ], [ 106.850970106000034, -6.264696611999966, 0.0 ], [ 106.850847283000064, -6.264949952999928, 0.0 ], [ 106.85080184800006, -6.265052562999927, 0.0 ], [ 106.85067723800006, -6.265333976999955, 0.0 ], [ 106.850671396000052, -6.265347171999963, 0.0 ], [ 106.850519611000038, -6.265690107999944, 0.0 ], [ 106.850510969000084, -6.265708235999966, 0.0 ], [ 106.850322257000073, -6.266104063999933, 0.0 ], [ 106.85026012600008, -6.26623455999993, 0.0 ], [ 106.850121782000087, -6.266525127999955, 0.0 ], [ 106.850069339000072, -6.26664513999998, 0.0 ], [ 106.850005517000056, -6.266791187999956, 0.0 ], [ 106.849994301000038, -6.266816855999934, 0.0 ], [ 106.849992205000035, -6.26682165099993, 0.0 ], [ 106.850019419000034, -6.266824132999943, 0.0 ], [ 106.850071175000039, -6.266824233999955, 0.0 ], [ 106.850131066000074, -6.266824348999933, 0.0 ], [ 106.85019113900006, -6.266824463999967, 0.0 ], [ 106.850496996000061, -6.266825051999945, 0.0 ], [ 106.850930171000073, -6.266825884999946, 0.0 ], [ 106.851470283000083, -6.266820278999944, 0.0 ], [ 106.851604685000041, -6.266818883999974, 0.0 ], [ 106.851853232000053, -6.266816304999963, 0.0 ], [ 106.852336407000053, -6.266811042999962, 0.0 ], [ 106.852499629000079, -6.266809264999949, 0.0 ], [ 106.852505571000052, -6.266809199999955, 0.0 ], [ 106.852812977000042, -6.266805851999948, 0.0 ], [ 106.852828608000038, -6.266805681999926, 0.0 ], [ 106.85328650200006, -6.266786835999937, 0.0 ], [ 106.853448666000077, -6.266777955999942, 0.0 ], [ 106.853452375000074, -6.266777752999928, 0.0 ], [ 106.853698165000083, -6.266764292999937, 0.0 ], [ 106.85374409800005, -6.266761777999932, 0.0 ], [ 106.853955283000062, -6.266750372999979, 0.0 ], [ 106.854166667000072, -6.266743565999946, 0.0 ], [ 106.85416693500008, -6.266743548999955, 0.0 ], [ 106.854437879000045, -6.266726210999934, 0.0 ], [ 106.854470695000089, -6.266724111999963, 0.0 ], [ 106.854803942000046, -6.266725364999957, 0.0 ], [ 106.855115573000035, -6.26671152199998, 0.0 ], [ 106.855453160000081, -6.266690851999954, 0.0 ], [ 106.85545422000007, -6.266713168999956, 0.0 ], [ 106.855454105000035, -6.266755232999969, 0.0 ], [ 106.855454101000078, -6.266756494999981, 0.0 ], [ 106.855457600000079, -6.266846252999926, 0.0 ], [ 106.855461971000068, -6.266900342999975, 0.0 ], [ 106.855464354000048, -6.266929816999948, 0.0 ], [ 106.855464837000056, -6.266935786999966, 0.0 ], [ 106.855475571000056, -6.26702307499994, 0.0 ], [ 106.855475800000079, -6.267024938999953, 0.0 ], [ 106.855487524000068, -6.267095771999948, 0.0 ], [ 106.855490468000085, -6.267113556999959, 0.0 ], [ 106.855495843000085, -6.267139309999948, 0.0 ], [ 106.85550253200006, -6.26717135399997, 0.0 ], [ 106.855508820000068, -6.267201485999976, 0.0 ], [ 106.855526521000058, -6.26727915999993, 0.0 ], [ 106.855537530000049, -6.267322733999947, 0.0 ], [ 106.855543873000045, -6.267347834999953, 0.0 ], [ 106.855546036000078, -6.267356396999958, 0.0 ], [ 106.855567357000041, -6.267433155999981, 0.0 ], [ 106.855573234000076, -6.267452538999976, 0.0 ], [ 106.855584827000087, -6.267490773999953, 0.0 ], [ 106.855590472000074, -6.267509391999965, 0.0 ], [ 106.855603367000072, -6.267548585999975, 0.0 ], [ 106.855607280000072, -6.267560480999975, 0.0 ], [ 106.855613566000045, -6.267579586999943, 0.0 ], [ 106.855615367000041, -6.267585064999935, 0.0 ], [ 106.855636407000077, -6.267665689999944, 0.0 ], [ 106.855656719000081, -6.267746500999976, 0.0 ], [ 106.855676300000084, -6.267827491999981, 0.0 ], [ 106.855695149000042, -6.267908655999975, 0.0 ], [ 106.855713265000077, -6.267989988999943, 0.0 ], [ 106.855730645000051, -6.268071481999925, 0.0 ], [ 106.855743438000047, -6.268121812999937, 0.0 ], [ 106.85575730000005, -6.268171862999964, 0.0 ], [ 106.855778129000043, -6.268219487999943, 0.0 ], [ 106.855791115000045, -6.268269823999958, 0.0 ], [ 106.85579139400005, -6.268348767999953, 0.0 ], [ 106.855791674000045, -6.268427710999958, 0.0 ], [ 106.855815535000033, -6.268511334999971, 0.0 ], [ 106.855819179000036, -6.268521767999971, 0.0 ], [ 106.855844207000075, -6.268593433999968, 0.0 ], [ 106.855877595000038, -6.268673726999964, 0.0 ], [ 106.855882544000053, -6.268683916999976, 0.0 ], [ 106.85590344700006, -6.268726954999977, 0.0 ], [ 106.855910437000034, -6.268741346999946, 0.0 ], [ 106.855915584000059, -6.268751943999973, 0.0 ], [ 106.855958047000058, -6.26882782499996, 0.0 ], [ 106.85599691300007, -6.268898500999967, 0.0 ], [ 106.856035589000044, -6.268969279999965, 0.0 ], [ 106.856074077000073, -6.269040161999953, 0.0 ], [ 106.856112377000045, -6.269111145999943, 0.0 ], [ 106.856150486000047, -6.269182232999981, 0.0 ], [ 106.856188407000047, -6.269253420999974, 0.0 ], [ 106.856226138000068, -6.269324708999932, 0.0 ], [ 106.85626368000004, -6.269396097999959, 0.0 ], [ 106.856295665000061, -6.269455671999935, 0.0 ], [ 106.856319101000054, -6.269519102999936, 0.0 ], [ 106.856340870000054, -6.269598143999929, 0.0 ], [ 106.85635252600008, -6.269639607999977, 0.0 ], [ 106.856358438000086, -6.269660640999973, 0.0 ], [ 106.856363056000077, -6.269677069999943, 0.0 ], [ 106.856385658000079, -6.269755875999977, 0.0 ], [ 106.856408674000079, -6.269834562999961, 0.0 ], [ 106.856433886000048, -6.269912064999971, 0.0 ], [ 106.856450036000069, -6.269936733999941, 0.0 ], [ 106.85645130000006, -6.269938663999937, 0.0 ], [ 106.856452129000047, -6.269939931999943, 0.0 ], [ 106.856463597000072, -6.269957446999967, 0.0 ], [ 106.856465986000046, -6.269961098999943, 0.0 ], [ 106.856478520000053, -6.269980242999964, 0.0 ], [ 106.856488767000087, -6.269992712999965, 0.0 ], [ 106.856526541000051, -6.270038682999939, 0.0 ], [ 106.856563625000035, -6.270117393999953, 0.0 ], [ 106.856580198000074, -6.270202818999962, 0.0 ], [ 106.856575244000055, -6.270289696999953, 0.0 ], [ 106.856574619000071, -6.270290666999927, 0.0 ], [ 106.856535606000079, -6.270351123999944, 0.0 ], [ 106.856492742000057, -6.270410340999945, 0.0 ], [ 106.856446773000073, -6.270467178999979, 0.0 ], [ 106.856401024000036, -6.270516246999932, 0.0 ], [ 106.85638567400008, -6.27053271099993, 0.0 ], [ 106.856346893000079, -6.270555119999926, 0.0 ], [ 106.856308112000079, -6.270577528999979, 0.0 ], [ 106.856220849000067, -6.27059772399997, 0.0 ], [ 106.856131496000046, -6.270591532999958, 0.0 ], [ 106.85604784800006, -6.270559496999965, 0.0 ], [ 106.855974909000054, -6.270516662999967, 0.0 ], [ 106.855905540000037, -6.270468254999969, 0.0 ], [ 106.855859638000084, -6.270430561999945, 0.0 ], [ 106.855840163000039, -6.270414570999947, 0.0 ], [ 106.855814382000062, -6.270389783999974, 0.0 ], [ 106.855779178000034, -6.270355937999966, 0.0 ], [ 106.855722959000047, -6.270292715999972, 0.0 ], [ 106.855673392000085, -6.270217158999969, 0.0 ], [ 106.855624727000077, -6.270141016999958, 0.0 ], [ 106.855576971000062, -6.270064300999934, 0.0 ], [ 106.855530130000034, -6.269987021999953, 0.0 ], [ 106.855484211000032, -6.269909190999954, 0.0 ], [ 106.85543922100004, -6.269830818999935, 0.0 ], [ 106.855390483000065, -6.269765330999974, 0.0 ], [ 106.855364138000084, -6.269733520999978, 0.0 ], [ 106.855354164000062, -6.269721477999951, 0.0 ], [ 106.855338416000052, -6.269702462999931, 0.0 ], [ 106.855283157000088, -6.269642384999941, 0.0 ], [ 106.855253368000035, -6.269619786999954, 0.0 ], [ 106.855232607000062, -6.269604035999976, 0.0 ], [ 106.855221353000047, -6.269595498999934, 0.0 ], [ 106.855168976000073, -6.269583165999961, 0.0 ], [ 106.855145857000082, -6.269577721999951, 0.0 ], [ 106.855069645000071, -6.269592109999962, 0.0 ], [ 106.855005811000069, -6.269636187999936, 0.0 ], [ 106.854955002000054, -6.269690259999948, 0.0 ], [ 106.854905787000064, -6.269745788999955, 0.0 ], [ 106.854870190000042, -6.269795346999956, 0.0 ], [ 106.854849156000057, -6.26985263399996, 0.0 ], [ 106.854847950000078, -6.269867502999944, 0.0 ], [ 106.854844222000054, -6.269913464999945, 0.0 ], [ 106.854849419000061, -6.270002029999944, 0.0 ], [ 106.854855346000079, -6.270090550999953, 0.0 ], [ 106.854861999000036, -6.270179018999954, 0.0 ], [ 106.854862704000084, -6.270187463999946, 0.0 ], [ 106.854869380000082, -6.270267428999944, 0.0 ], [ 106.854877076000037, -6.27035197999993, 0.0 ], [ 106.854877993000059, -6.270361349999973, 0.0 ], [ 106.854885343000035, -6.270436479999944, 0.0 ], [ 106.854893687000072, -6.270516184999963, 0.0 ], [ 106.854894184000045, -6.270520919999967, 0.0 ], [ 106.854898928000068, -6.270539374999942, 0.0 ], [ 106.85491176000005, -6.270589285999961, 0.0 ], [ 106.85494803000006, -6.270649833999926, 0.0 ], [ 106.854999999000086, -6.27069757199996, 0.0 ], [ 106.855019535000054, -6.270711829999925, 0.0 ], [ 106.855021294000039, -6.270713734999958, 0.0 ], [ 106.855080402000056, -6.270756743999925, 0.0 ], [ 106.855191821000062, -6.270837818999951, 0.0 ], [ 106.855217409000034, -6.270860106999976, 0.0 ], [ 106.855223351000063, -6.270865176999962, 0.0 ], [ 106.855248793000044, -6.270886878999931, 0.0 ], [ 106.855311563000043, -6.270940423999946, 0.0 ], [ 106.855375452000033, -6.270974346999935, 0.0 ], [ 106.855432399000051, -6.271004583999968, 0.0 ], [ 106.855439343000057, -6.271008270999971, 0.0 ], [ 106.855503232000046, -6.27104219499995, 0.0 ], [ 106.855565624000064, -6.271082861999957, 0.0 ], [ 106.855628014000047, -6.271123528999965, 0.0 ], [ 106.855690406000065, -6.271164194999926, 0.0 ], [ 106.85570685600004, -6.271174916999939, 0.0 ], [ 106.855707275000043, -6.271175170999925, 0.0 ], [ 106.855707406000079, -6.271175275999951, 0.0 ], [ 106.855752798000083, -6.271204861999934, 0.0 ], [ 106.855815189000054, -6.271245527999952, 0.0 ], [ 106.855879471000037, -6.271285001999956, 0.0 ], [ 106.855943754000066, -6.271324474999972, 0.0 ], [ 106.856008035000059, -6.271363948999976, 0.0 ], [ 106.856072319000077, -6.271403421999935, 0.0 ], [ 106.856136602000049, -6.271442896999929, 0.0 ], [ 106.856201202000079, -6.271481463999976, 0.0 ], [ 106.856265803000042, -6.271520032999945, 0.0 ], [ 106.856330403000072, -6.271558600999981, 0.0 ], [ 106.856395004000035, -6.27159716999995, 0.0 ], [ 106.856459605000055, -6.271635737999929, 0.0 ], [ 106.856514889000039, -6.271700044999932, 0.0 ], [ 106.856545789000052, -6.271744158999979, 0.0 ], [ 106.856563544000039, -6.271769506999931, 0.0 ], [ 106.856595141000071, -6.271825726999964, 0.0 ], [ 106.856605097000056, -6.271843442999966, 0.0 ], [ 106.856639137000059, -6.271921128999963, 0.0 ], [ 106.856643032000079, -6.27193312299994, 0.0 ], [ 106.85666533400007, -6.272001803999956, 0.0 ], [ 106.856690864000086, -6.272079556999927, 0.0 ], [ 106.856716393000056, -6.272157310999944, 0.0 ], [ 106.856741923000072, -6.272235064999961, 0.0 ], [ 106.856767452000042, -6.272312819999968, 0.0 ], [ 106.856782052000085, -6.272383704999925, 0.0 ], [ 106.856788428000073, -6.272455797999953, 0.0 ], [ 106.856787784000062, -6.27247990799998, 0.0 ], [ 106.856786496000041, -6.272528145999956, 0.0 ], [ 106.856755163000059, -6.272599653999976, 0.0 ], [ 106.856723875000057, -6.272638692999976, 0.0 ], [ 106.856706346000067, -6.272660564999967, 0.0 ], [ 106.856677688000048, -6.272681564999971, 0.0 ], [ 106.856653323000046, -6.272699418999935, 0.0 ], [ 106.856653283000071, -6.272699431999968, 0.0 ], [ 106.856650702000081, -6.272701339999969, 0.0 ], [ 106.85664339300007, -6.272706695999943, 0.0 ], [ 106.856570626000064, -6.272734884999977, 0.0 ], [ 106.856543358000067, -6.272734007999929, 0.0 ], [ 106.85653682700007, -6.272733796999944, 0.0 ], [ 106.856503028000077, -6.272732704999953, 0.0 ], [ 106.856435531000045, -6.27272839699998, 0.0 ], [ 106.856368204000034, -6.272721965999949, 0.0 ], [ 106.85629894200008, -6.272711142999981, 0.0 ], [ 106.856229680000069, -6.272700320999945, 0.0 ], [ 106.856160418000059, -6.272689497999977, 0.0 ], [ 106.856091156000048, -6.272678674999952, 0.0 ], [ 106.856072046000065, -6.272677010999928, 0.0 ], [ 106.856049889000076, -6.272675081999978, 0.0 ], [ 106.856008621000058, -6.272671486999968, 0.0 ], [ 106.855926088000047, -6.272664300999963, 0.0 ], [ 106.855843553000057, -6.272657113999969, 0.0 ], [ 106.855769190000046, -6.272648250999964, 0.0 ], [ 106.855694827000036, -6.272639384999934, 0.0 ], [ 106.855621778000057, -6.272630675999949, 0.0 ], [ 106.855620464000083, -6.27263052099994, 0.0 ], [ 106.855550336000078, -6.272613733999947, 0.0 ], [ 106.855480206000038, -6.272596944999975, 0.0 ], [ 106.855410077000045, -6.272580158999972, 0.0 ], [ 106.855337395000049, -6.272551863999979, 0.0 ], [ 106.855266957000083, -6.272518361999971, 0.0 ], [ 106.855199137000056, -6.272479830999941, 0.0 ], [ 106.855134293000049, -6.272436474999949, 0.0 ], [ 106.855072763000067, -6.272388521999972, 0.0 ], [ 106.855014876000041, -6.272336224999947, 0.0 ], [ 106.854949892000036, -6.272276581999961, 0.0 ], [ 106.854882917000054, -6.272219185999973, 0.0 ], [ 106.854814028000078, -6.272164104999945, 0.0 ], [ 106.854743306000046, -6.272111400999961, 0.0 ], [ 106.854670832000068, -6.27206113699998, 0.0 ], [ 106.85459983800007, -6.272018697999954, 0.0 ], [ 106.854526609000061, -6.271980248999967, 0.0 ], [ 106.854451367000081, -6.271945907999964, 0.0 ], [ 106.854374345000053, -6.271915780999961, 0.0 ], [ 106.854305478000072, -6.271900986999981, 0.0 ], [ 106.854236234000041, -6.271888069999932, 0.0 ], [ 106.854166666000083, -6.271877039999936, 0.0 ], [ 106.854089444000067, -6.271875922999925, 0.0 ], [ 106.854012220000072, -6.271874805999971, 0.0 ], [ 106.853934998000057, -6.27187368899996, 0.0 ], [ 106.853857773000072, -6.27187257199995, 0.0 ], [ 106.853819638000061, -6.271872020999979, 0.0 ], [ 106.853780552000046, -6.271871454999939, 0.0 ], [ 106.853714905000061, -6.271874159999925, 0.0 ], [ 106.853656603000047, -6.27190447299995, 0.0 ], [ 106.853595427000073, -6.27195803099994, 0.0 ], [ 106.853561616000036, -6.27200552599993, 0.0 ], [ 106.853548267000065, -6.272024279999926, 0.0 ], [ 106.85353626300008, -6.272053848999974, 0.0 ], [ 106.85351791100004, -6.272099060999949, 0.0 ], [ 106.85351767700007, -6.27209963599995, 0.0 ], [ 106.85351765300004, -6.272099826999977, 0.0 ], [ 106.853507363000062, -6.272181156999977, 0.0 ], [ 106.853497049000055, -6.272262675999968, 0.0 ], [ 106.853494341000044, -6.272338963999971, 0.0 ], [ 106.853500458000042, -6.272415054999954, 0.0 ], [ 106.853515317000074, -6.27248992899996, 0.0 ], [ 106.853538720000074, -6.272562584999946, 0.0 ], [ 106.853552322000041, -6.272641833999955, 0.0 ], [ 106.853560134000077, -6.272721862999958, 0.0 ], [ 106.853562116000035, -6.272802248999938, 0.0 ], [ 106.853558258000078, -6.272882564999975, 0.0 ], [ 106.853548580000052, -6.272962388999929, 0.0 ], [ 106.853533132000052, -6.273041298999942, 0.0 ], [ 106.853511997000055, -6.273118877999934, 0.0 ], [ 106.853472225000075, -6.273187140999937, 0.0 ], [ 106.85344458600008, -6.27321928899994, 0.0 ], [ 106.853420725000035, -6.273247040999934, 0.0 ], [ 106.853359212000043, -6.273296586999948, 0.0 ], [ 106.85328972700006, -6.273334130999956, 0.0 ], [ 106.853214586000036, -6.273358424999969, 0.0 ], [ 106.853136285000062, -6.27336865999996, 0.0 ], [ 106.853057427000067, -6.273364496999932, 0.0 ], [ 106.852976738000052, -6.273356556999943, 0.0 ], [ 106.852896225000052, -6.273346983999943, 0.0 ], [ 106.852815922000048, -6.273335781999947, 0.0 ], [ 106.852735863000078, -6.273322954999969, 0.0 ], [ 106.852656080000088, -6.273308507999957, 0.0 ], [ 106.852576606000071, -6.27329244799995, 0.0 ], [ 106.852497472000039, -6.27327478199993, 0.0 ], [ 106.852418713000077, -6.273255515999949, 0.0 ], [ 106.85234577500006, -6.273225785999955, 0.0 ], [ 106.85227025100005, -6.27320343599996, 0.0 ], [ 106.852262953000036, -6.273202044999948, 0.0 ], [ 106.85225233500006, -6.27320002099998, 0.0 ], [ 106.852208588000053, -6.273191680999957, 0.0 ], [ 106.852189728000042, -6.273188403999939, 0.0 ], [ 106.852114440000037, -6.273181682999962, 0.0 ], [ 106.852035687000068, -6.273182492999979, 0.0 ], [ 106.85195740100005, -6.27319111099996, 0.0 ], [ 106.851870095000038, -6.27320274799996, 0.0 ], [ 106.851822070000082, -6.273214762999942, 0.0 ], [ 106.851812056000085, -6.273217267999939, 0.0 ], [ 106.851784649000081, -6.273224124999956, 0.0 ], [ 106.851702144000058, -6.27325497299995, 0.0 ], [ 106.851623624000069, -6.273294900999929, 0.0 ], [ 106.851550084000053, -6.273343402999956, 0.0 ], [ 106.851496344000054, -6.273388269999941, 0.0 ], [ 106.851495613000054, -6.27338887999997, 0.0 ], [ 106.851482455000053, -6.273399865999977, 0.0 ], [ 106.851457259000085, -6.273426239999935, 0.0 ], [ 106.851456348000056, -6.273427193999964, 0.0 ], [ 106.851444891000085, -6.273439185999962, 0.0 ], [ 106.851444105000041, -6.273440007999966, 0.0 ], [ 106.851421594000044, -6.273463572999958, 0.0 ], [ 106.851408812000045, -6.27348038599996, 0.0 ], [ 106.85139982000004, -6.273492215999966, 0.0 ], [ 106.851394933000051, -6.27349864599995, 0.0 ], [ 106.851368271000069, -6.273533718999943, 0.0 ], [ 106.851325755000062, -6.273599760999957, 0.0 ], [ 106.851295285000049, -6.273672161999968, 0.0 ], [ 106.851277779000043, -6.273748742999942, 0.0 ], [ 106.851273763000052, -6.273827198999925, 0.0 ], [ 106.85128725900006, -6.273862806999944, 0.0 ], [ 106.851290302000052, -6.273870837999937, 0.0 ], [ 106.85129616100005, -6.273886291999929, 0.0 ], [ 106.85131855700007, -6.273945382999955, 0.0 ], [ 106.851364596000053, -6.274011623999968, 0.0 ], [ 106.851410637000072, -6.274077862999945, 0.0 ], [ 106.851456677000044, -6.274144103999959, 0.0 ], [ 106.851508185000057, -6.274211376999972, 0.0 ], [ 106.851521304000073, -6.274228509999944, 0.0 ], [ 106.85155969300007, -6.274278648999939, 0.0 ], [ 106.851606447000052, -6.274350358999925, 0.0 ], [ 106.851653201000033, -6.274422069999957, 0.0 ], [ 106.851699956000061, -6.274493779999943, 0.0 ], [ 106.851740938000034, -6.274561712999969, 0.0 ], [ 106.851781919000075, -6.274629644999948, 0.0 ], [ 106.851798636000069, -6.274665370999969, 0.0 ], [ 106.851818265000077, -6.274707326999931, 0.0 ], [ 106.851854611000078, -6.27478500899997, 0.0 ], [ 106.851879261000079, -6.274838522999971, 0.0 ], [ 106.851903912000068, -6.274892035999926, 0.0 ], [ 106.851928375000057, -6.274946019999959, 0.0 ], [ 106.851952838000045, -6.275000003999935, 0.0 ], [ 106.851966160000075, -6.275073783999972, 0.0 ], [ 106.851979481000058, -6.275147563999951, 0.0 ], [ 106.851980797000067, -6.275209726999947, 0.0 ], [ 106.851982112000087, -6.275271889999942, 0.0 ], [ 106.85198342800004, -6.275334053999927, 0.0 ], [ 106.85197559900007, -6.27539472899997, 0.0 ], [ 106.85196777200008, -6.275455403999956, 0.0 ], [ 106.851959942000065, -6.275516077999953, 0.0 ], [ 106.851948659000072, -6.275571987999967, 0.0 ], [ 106.85193737700007, -6.27562790099995, 0.0 ], [ 106.851913167000077, -6.27571233499998, 0.0 ], [ 106.851888957000085, -6.275796771999978, 0.0 ], [ 106.851859377000039, -6.275873995999973, 0.0 ], [ 106.85182979700005, -6.275951219999968, 0.0 ], [ 106.851806052000086, -6.27600156099993, 0.0 ], [ 106.851782305000086, -6.276051901999949, 0.0 ], [ 106.851752407000049, -6.276106440999968, 0.0 ], [ 106.851734837000038, -6.276138489999937, 0.0 ], [ 106.851722507000034, -6.276160981999965, 0.0 ], [ 106.851675624000052, -6.276230130999977, 0.0 ], [ 106.851623070000073, -6.276295067999968, 0.0 ], [ 106.851565220000055, -6.276355328999955, 0.0 ], [ 106.851502487000062, -6.27641048299995, 0.0 ], [ 106.851435322000043, -6.276460135999969, 0.0 ], [ 106.85136420200007, -6.276503930999979, 0.0 ], [ 106.851289638000083, -6.276541555999927, 0.0 ], [ 106.851212165000049, -6.276572740999939, 0.0 ], [ 106.851132335000045, -6.276597263999975, 0.0 ], [ 106.851055389000066, -6.276639645999978, 0.0 ], [ 106.850975171000073, -6.276675444999967, 0.0 ], [ 106.850892244000079, -6.276704408999933, 0.0 ], [ 106.850807188000033, -6.276726336999957, 0.0 ], [ 106.850720597000077, -6.276741072999926, 0.0 ], [ 106.850682045000042, -6.27674435199998, 0.0 ], [ 106.850658080000073, -6.276746389999971, 0.0 ], [ 106.850633081000069, -6.276748515999941, 0.0 ], [ 106.850545247000071, -6.276748613999928, 0.0 ], [ 106.850457714000072, -6.276741365999953, 0.0 ], [ 106.850371091000056, -6.276726821999944, 0.0 ], [ 106.850297158000046, -6.276711201999944, 0.0 ], [ 106.850223224000047, -6.276695581999945, 0.0 ], [ 106.850148514000068, -6.276669, 0.0 ], [ 106.850073804000033, -6.276642419999973, 0.0 ], [ 106.85001451800008, -6.27660439999994, 0.0 ], [ 106.84995523300006, -6.276566378999973, 0.0 ], [ 106.84988476400008, -6.276547154999946, 0.0 ], [ 106.849814296000034, -6.27652792899994, 0.0 ], [ 106.849810975000082, -6.276527022999971, 0.0 ], [ 106.849743828000044, -6.27650870399998, 0.0 ], [ 106.849672525000074, -6.276502408999932, 0.0 ], [ 106.849601220000068, -6.276496114999929, 0.0 ], [ 106.849515333000056, -6.276505372999964, 0.0 ], [ 106.849429446000045, -6.276514630999941, 0.0 ], [ 106.849354275000053, -6.276540104999981, 0.0 ], [ 106.849311602000057, -6.276569322999933, 0.0 ], [ 106.849303080000084, -6.276575157999957, 0.0 ], [ 106.849289129000056, -6.276584709999952, 0.0 ], [ 106.849251885000058, -6.276610210999934, 0.0 ], [ 106.849214816000085, -6.276680535999958, 0.0 ], [ 106.849177747000056, -6.276750858999947, 0.0 ], [ 106.849140680000062, -6.276821180999946, 0.0 ], [ 106.849103611000032, -6.27689150499998, 0.0 ], [ 106.849056487000041, -6.276961375999974, 0.0 ], [ 106.849008162000075, -6.277030418999971, 0.0 ], [ 106.848958647000075, -6.277098614999943, 0.0 ], [ 106.848907958000041, -6.277165940999964, 0.0 ], [ 106.848879943000043, -6.277201839999975, 0.0 ], [ 106.848856112000078, -6.277232377999951, 0.0 ], [ 106.848803123000039, -6.277297906999934, 0.0 ], [ 106.848749008000084, -6.277362506999964, 0.0 ], [ 106.848693781000065, -6.277426158999958, 0.0 ], [ 106.848637461000067, -6.277488843999947, 0.0 ], [ 106.848580064000032, -6.277550542999961, 0.0 ], [ 106.848521607000066, -6.277611237999963, 0.0 ], [ 106.848453161000066, -6.277660023999942, 0.0 ], [ 106.848384887000066, -6.277709048999952, 0.0 ], [ 106.848316777000036, -6.277758305999953, 0.0 ], [ 106.848295728000039, -6.277773648999926, 0.0 ], [ 106.848291652000057, -6.277776621999976, 0.0 ], [ 106.848286402000042, -6.277780445999952, 0.0 ], [ 106.848248849000072, -6.277807808999967, 0.0 ], [ 106.848181087000057, -6.277857542999925, 0.0 ], [ 106.848113500000068, -6.277907510999967, 0.0 ], [ 106.848046085000078, -6.277957714999957, 0.0 ], [ 106.847978846000046, -6.278008152999973, 0.0 ], [ 106.84791178200004, -6.27805882399997, 0.0 ], [ 106.847844894000048, -6.278109726999958, 0.0 ], [ 106.847778184000049, -6.278160864999961, 0.0 ], [ 106.847711652000044, -6.27821223199993, 0.0 ], [ 106.847648267000068, -6.278261520999934, 0.0 ], [ 106.847645298000089, -6.278263830999947, 0.0 ], [ 106.847571155000082, -6.278299792999974, 0.0 ], [ 106.847498188000088, -6.278338085999962, 0.0 ], [ 106.847426469000084, -6.278378670999928, 0.0 ], [ 106.847356071000036, -6.278421510999976, 0.0 ], [ 106.847328870000069, -6.278439267999943, 0.0 ], [ 106.847287065000046, -6.27846655999997, 0.0 ], [ 106.847219519000078, -6.278513773999975, 0.0 ], [ 106.847153502000083, -6.278563103999943, 0.0 ], [ 106.847089078000067, -6.278614501999925, 0.0 ], [ 106.847026315000051, -6.278667915999961, 0.0 ], [ 106.846976729000062, -6.278705359999947, 0.0 ], [ 106.846930313000087, -6.278746674999979, 0.0 ], [ 106.846877730000074, -6.278807082999947, 0.0 ], [ 106.846844973000088, -6.278861422999967, 0.0 ], [ 106.846836379000081, -6.278875680999931, 0.0 ], [ 106.846807507000051, -6.278950400999975, 0.0 ], [ 106.846791987000074, -6.279028991999951, 0.0 ], [ 106.846790283000075, -6.27910908399997, 0.0 ], [ 106.846802448000062, -6.279188264999959, 0.0 ], [ 106.846828115000051, -6.279264146999935, 0.0 ], [ 106.846859386000062, -6.27932887399993, 0.0 ], [ 106.846895357000051, -6.279391106999981, 0.0 ], [ 106.846935833000089, -6.279450505999932, 0.0 ], [ 106.846992465000085, -6.279516286999979, 0.0 ], [ 106.847051778000036, -6.279579656999942, 0.0 ], [ 106.847113667000087, -6.279640509999979, 0.0 ], [ 106.847178031000055, -6.279698738999969, 0.0 ], [ 106.847244754000087, -6.279754244999936, 0.0 ], [ 106.847313722000081, -6.27980692899996, 0.0 ], [ 106.847355760000085, -6.279836361999969, 0.0 ], [ 106.847384815000055, -6.27985670399994, 0.0 ], [ 106.847457914000074, -6.279903482999941, 0.0 ], [ 106.847532890000082, -6.279947184999969, 0.0 ], [ 106.847562433000064, -6.279960432999928, 0.0 ], [ 106.847609975000069, -6.279981749999934, 0.0 ], [ 106.847691075000057, -6.280005384999981, 0.0 ], [ 106.847774653000045, -6.280017640999972, 0.0 ], [ 106.847859121000056, -6.280018288999941, 0.0 ], [ 106.847942876000047, -6.280007311999952, 0.0 ], [ 106.848024329000054, -6.279984921999926, 0.0 ], [ 106.848102745000062, -6.279955289999975, 0.0 ], [ 106.848181332000081, -6.279926115999956, 0.0 ], [ 106.848260090000053, -6.279897404999929, 0.0 ], [ 106.848339012000054, -6.279869154999972, 0.0 ], [ 106.84841810000006, -6.27984136699996, 0.0 ], [ 106.84849734800008, -6.279814043999977, 0.0 ], [ 106.848576756000057, -6.279787185999965, 0.0 ], [ 106.848656319000042, -6.27976079299998, 0.0 ], [ 106.848736035000059, -6.279734865999956, 0.0 ], [ 106.84881590100008, -6.279709408999963, 0.0 ], [ 106.84889858400004, -6.279691720999949, 0.0 ], [ 106.848981491000075, -6.279675098999974, 0.0 ], [ 106.849064602000055, -6.279659548999973, 0.0 ], [ 106.849147908000077, -6.279645070999948, 0.0 ], [ 106.849231394000071, -6.279631668999968, 0.0 ], [ 106.849315044000036, -6.279619345999947, 0.0 ], [ 106.849398847000089, -6.279608100999951, 0.0 ], [ 106.849482787000056, -6.279597936999949, 0.0 ], [ 106.849566851000077, -6.279588857999954, 0.0 ], [ 106.849610412000061, -6.279584719999946, 0.0 ], [ 106.84965102600006, -6.279580862999978, 0.0 ], [ 106.849736215000064, -6.279577701999926, 0.0 ], [ 106.849759204000065, -6.279575674999933, 0.0 ], [ 106.84976524700005, -6.279575141999942, 0.0 ], [ 106.84982113500007, -6.279570217999947, 0.0 ], [ 106.849905565000086, -6.279558433999966, 0.0 ], [ 106.849979311000084, -6.279544320999946, 0.0 ], [ 106.850053934000073, -6.27953602499997, 0.0 ], [ 106.850128977000054, -6.27953359299994, 0.0 ], [ 106.850203979000071, -6.279537041999959, 0.0 ], [ 106.85023194200005, -6.279540534999967, 0.0 ], [ 106.850241155000049, -6.279541685999959, 0.0 ], [ 106.850278482000078, -6.279546349999976, 0.0 ], [ 106.850353724000058, -6.279579853999962, 0.0 ], [ 106.850404556000058, -6.27964469099993, 0.0 ], [ 106.850419163000083, -6.279725790999976, 0.0 ], [ 106.850394152000035, -6.279804304999971, 0.0 ], [ 106.850385813000059, -6.279818198999976, 0.0 ], [ 106.850369941000054, -6.279844644999969, 0.0 ], [ 106.850348285000052, -6.279880728999956, 0.0 ], [ 106.850293365000084, -6.279950921999955, 0.0 ], [ 106.850230227000054, -6.280013815999951, 0.0 ], [ 106.850167009000074, -6.28006288399996, 0.0 ], [ 106.850159831000042, -6.280068454999935, 0.0 ], [ 106.850083249000079, -6.280114005999963, 0.0 ], [ 106.850012790000051, -6.280162982999968, 0.0 ], [ 106.849941396000077, -6.280210582999928, 0.0 ], [ 106.849869090000084, -6.280256786999928, 0.0 ], [ 106.849795903000086, -6.280301578999968, 0.0 ], [ 106.849721860000045, -6.280344940999953, 0.0 ], [ 106.849640165000039, -6.280376978999925, 0.0 ], [ 106.849563105000072, -6.280418968999925, 0.0 ], [ 106.849491884000088, -6.280470253999965, 0.0 ], [ 106.849427616000071, -6.280530030999955, 0.0 ], [ 106.849371307000069, -6.280597366999928, 0.0 ], [ 106.849353061000045, -6.280620385999953, 0.0 ], [ 106.849316166000051, -6.280666936999978, 0.0 ], [ 106.849261025000033, -6.280736506999972, 0.0 ], [ 106.849205883000081, -6.280806077999955, 0.0 ], [ 106.849150743000052, -6.280875648999938, 0.0 ], [ 106.849095602000034, -6.280945219999978, 0.0 ], [ 106.849040461000072, -6.281014788999926, 0.0 ], [ 106.848985320000054, -6.281084359999966, 0.0 ], [ 106.848930179000035, -6.281153929999959, 0.0 ], [ 106.848875038000074, -6.281223499999953, 0.0 ], [ 106.84882820200005, -6.281289602999948, 0.0 ], [ 106.848781367000072, -6.281355704999953, 0.0 ], [ 106.848734533000084, -6.281421806999958, 0.0 ], [ 106.84868769600007, -6.281487907999974, 0.0 ], [ 106.848640861000035, -6.281554011999958, 0.0 ], [ 106.848594024000079, -6.281620113999963, 0.0 ], [ 106.848547190000033, -6.281686214999979, 0.0 ], [ 106.848500354000066, -6.281752317999974, 0.0 ], [ 106.848447054000076, -6.281819405999954, 0.0 ], [ 106.848393753000039, -6.281886490999966, 0.0 ], [ 106.848340453000048, -6.281953576999967, 0.0 ], [ 106.848287155000037, -6.282020662999969, 0.0 ], [ 106.84825210300005, -6.282064781999964, 0.0 ], [ 106.848237753000035, -6.282091860999969, 0.0 ], [ 106.848173467000038, -6.282166835999931, 0.0 ], [ 106.848168608000037, -6.282172504999949, 0.0 ], [ 106.84811237100007, -6.282238091999943, 0.0 ], [ 106.848073573000079, -6.282283340999925, 0.0 ], [ 106.847968415000082, -6.282405982999933, 0.0 ], [ 106.847892678000051, -6.282517083999949, 0.0 ], [ 106.847892245000082, -6.282517718999941, 0.0 ], [ 106.847860755000056, -6.282557352999959, 0.0 ], [ 106.847807455000066, -6.282624437999971, 0.0 ], [ 106.847797178000064, -6.282637373999933, 0.0 ], [ 106.847754155000075, -6.282691525999951, 0.0 ], [ 106.847696844000041, -6.282751968999946, 0.0 ], [ 106.847695466000062, -6.282753420999938, 0.0 ], [ 106.847648862000085, -6.282824869999956, 0.0 ], [ 106.847615861000065, -6.282903540999939, 0.0 ], [ 106.847604518000082, -6.282955137999977, 0.0 ], [ 106.847597542000074, -6.282986869999945, 0.0 ], [ 106.84759450100006, -6.283072136999976, 0.0 ], [ 106.847606838000047, -6.283156558999963, 0.0 ], [ 106.847634150000033, -6.28323738499995, 0.0 ], [ 106.847674899000083, -6.283305257999928, 0.0 ], [ 106.84769149300007, -6.283324259999972, 0.0 ], [ 106.847726967000085, -6.283364879999965, 0.0 ], [ 106.847788723000065, -6.283414383999968, 0.0 ], [ 106.847858234000057, -6.283452220999948, 0.0 ], [ 106.847933322000074, -6.283477203999951, 0.0 ], [ 106.848011635000034, -6.283488549999959, 0.0 ], [ 106.848090721000062, -6.283485904999964, 0.0 ], [ 106.848168102000045, -6.28346935199994, 0.0 ], [ 106.848236567000072, -6.28344835799993, 0.0 ], [ 106.848305032000042, -6.283427363999976, 0.0 ], [ 106.848373496000079, -6.283406368999977, 0.0 ], [ 106.848452912000084, -6.283372733999954, 0.0 ], [ 106.848532327000044, -6.283339097999942, 0.0 ], [ 106.848587161000069, -6.283343619999926, 0.0 ], [ 106.848641995000037, -6.28334813999993, 0.0 ], [ 106.848696569000083, -6.283371253999974, 0.0 ], [ 106.848751142000083, -6.283394367999961, 0.0 ], [ 106.848783560000072, -6.283445830999938, 0.0 ], [ 106.848815978000061, -6.283497292999925, 0.0 ], [ 106.848848396000051, -6.28354875399998, 0.0 ], [ 106.848834974000056, -6.283612589999962, 0.0 ], [ 106.848823648000064, -6.283666465999943, 0.0 ], [ 106.84882269700006, -6.283670986999937, 0.0 ], [ 106.84882155400004, -6.283676424999953, 0.0 ], [ 106.84879399600004, -6.283736293999937, 0.0 ], [ 106.848789478000072, -6.283746107999946, 0.0 ], [ 106.848789035000038, -6.283747070999937, 0.0 ], [ 106.848766438000041, -6.283796163999966, 0.0 ], [ 106.848734108000087, -6.283868625999958, 0.0 ], [ 106.848689711000077, -6.283936902999926, 0.0 ], [ 106.848633170000085, -6.283993280999937, 0.0 ], [ 106.848576631000071, -6.284049661999973, 0.0 ], [ 106.848520091000069, -6.284106041999962, 0.0 ], [ 106.848463550000076, -6.284162422999941, 0.0 ], [ 106.848410476000083, -6.284214286999941, 0.0 ], [ 106.848357400000054, -6.284266149999951, 0.0 ], [ 106.848332440000036, -6.284298479999961, 0.0 ], [ 106.848322890000077, -6.28431085099993, 0.0 ], [ 106.848315046000039, -6.284321009999928, 0.0 ], [ 106.848288381000089, -6.284355550999976, 0.0 ], [ 106.848229116000084, -6.284395399999937, 0.0 ], [ 106.848180593000052, -6.284431608999967, 0.0 ], [ 106.848135833000072, -6.284464998999965, 0.0 ], [ 106.848132065000073, -6.284467810999956, 0.0 ], [ 106.848083539000072, -6.284504016999961, 0.0 ], [ 106.848029379000081, -6.284547460999931, 0.0 ], [ 106.84797522000008, -6.284590907999927, 0.0 ], [ 106.847921060000033, -6.284634353999934, 0.0 ], [ 106.847866900000042, -6.28467779999994, 0.0 ], [ 106.847800775000053, -6.28473859099995, 0.0 ], [ 106.847799919000067, -6.284739378999973, 0.0 ], [ 106.847734651000053, -6.28479938299995, 0.0 ], [ 106.847698301000037, -6.284864436999953, 0.0 ], [ 106.847683221000068, -6.284891426999934, 0.0 ], [ 106.847661950000088, -6.284929493999925, 0.0 ], [ 106.847625600000072, -6.284994549999965, 0.0 ], [ 106.847596200000055, -6.285035741999934, 0.0 ], [ 106.847558334000041, -6.285099877999926, 0.0 ], [ 106.847520468000084, -6.285164013999974, 0.0 ], [ 106.847482600000035, -6.285228148999977, 0.0 ], [ 106.847455712000055, -6.285300230999951, 0.0 ], [ 106.847428824000076, -6.285372312999925, 0.0 ], [ 106.847401982000065, -6.28544427099996, 0.0 ], [ 106.84740193600004, -6.285444393999967, 0.0 ], [ 106.84737504800006, -6.285516475999941, 0.0 ], [ 106.847348160000081, -6.285588556999926, 0.0 ], [ 106.847350833000064, -6.285670337999932, 0.0 ], [ 106.847352601000068, -6.285715408999977, 0.0 ], [ 106.847352988000068, -6.28572526499994, 0.0 ], [ 106.847353620000035, -6.285741412999926, 0.0 ], [ 106.847354039000038, -6.285752099999968, 0.0 ], [ 106.84735433700007, -6.285758613999974, 0.0 ], [ 106.847357780000038, -6.285833838999963, 0.0 ], [ 106.84736205300004, -6.285915551999949, 0.0 ], [ 106.847366858000044, -6.285997234999968, 0.0 ], [ 106.847372198000073, -6.286078884999938, 0.0 ], [ 106.847378069000058, -6.286160497999958, 0.0 ], [ 106.84738447400008, -6.286242072999926, 0.0 ], [ 106.847387126000058, -6.286331034999932, 0.0 ], [ 106.847397608000051, -6.28641941799998, 0.0 ], [ 106.847415836000039, -6.286506532999965, 0.0 ], [ 106.84744167100007, -6.286591696999949, 0.0 ], [ 106.847474910000074, -6.286674252999944, 0.0 ], [ 106.847515294000061, -6.286753551999936, 0.0 ], [ 106.847562510000046, -6.286828981999975, 0.0 ], [ 106.847600484000054, -6.28690308399996, 0.0 ], [ 106.847635903000082, -6.286978442999953, 0.0 ], [ 106.847668727000041, -6.287054968999939, 0.0 ], [ 106.84769891600007, -6.287132572999951, 0.0 ], [ 106.847726435000084, -6.287211164999974, 0.0 ], [ 106.847768664000057, -6.287272428999927, 0.0 ], [ 106.84777405300008, -6.287280244999977, 0.0 ], [ 106.847822755000038, -6.287348565999935, 0.0 ], [ 106.84787252700005, -6.287416109999981, 0.0 ], [ 106.84792335800006, -6.287482857999976, 0.0 ], [ 106.847975234000046, -6.287548798999978, 0.0 ], [ 106.848017174000063, -6.287600411999961, 0.0 ], [ 106.848094578000087, -6.287726482999972, 0.0 ], [ 106.848135296000066, -6.287763519999942, 0.0 ], [ 106.848170952000032, -6.287810463999961, 0.0 ], [ 106.848221296000077, -6.287873913999931, 0.0 ], [ 106.848272972000075, -6.28793627999994, 0.0 ], [ 106.848284483000043, -6.287949585999968, 0.0 ], [ 106.848325960000068, -6.287997534999931, 0.0 ], [ 106.84839659000005, -6.288047957999936, 0.0 ], [ 106.84846800400004, -6.288097261999951, 0.0 ], [ 106.848540184000058, -6.288145436999969, 0.0 ], [ 106.848613113000056, -6.288192470999945, 0.0 ], [ 106.848686771000075, -6.288238350999961, 0.0 ], [ 106.848721438000041, -6.288259194999966, 0.0 ], [ 106.848761142000058, -6.288283064999973, 0.0 ], [ 106.848837024000034, -6.288323834999971, 0.0 ], [ 106.848913087000085, -6.288364264999927, 0.0 ], [ 106.848989328000073, -6.288404355999944, 0.0 ], [ 106.849065748000044, -6.288444106999975, 0.0 ], [ 106.849142344000086, -6.288483517999964, 0.0 ], [ 106.84921911400005, -6.288522585999942, 0.0 ], [ 106.84929571300006, -6.288545910999972, 0.0 ], [ 106.849374555000054, -6.288559887999952, 0.0 ], [ 106.849454500000036, -6.288564315999963, 0.0 ], [ 106.849501620000069, -6.28856125599998, 0.0 ], [ 106.849534401000085, -6.288559128999964, 0.0 ], [ 106.84961310500006, -6.288544402999946, 0.0 ], [ 106.849689480000052, -6.288520351999978, 0.0 ], [ 106.849762425000051, -6.288487319999945, 0.0 ], [ 106.849781516000064, -6.288475738999978, 0.0 ], [ 106.849805335000042, -6.28846128899994, 0.0 ], [ 106.849830893000046, -6.288445782999929, 0.0 ], [ 106.849883058000046, -6.288381699999945, 0.0 ], [ 106.849932779000085, -6.288315700999931, 0.0 ], [ 106.84997998700004, -6.288247880999961, 0.0 ], [ 106.850024614000063, -6.288178331999973, 0.0 ], [ 106.850066598000069, -6.288107152999942, 0.0 ], [ 106.850105880000058, -6.288034447999962, 0.0 ], [ 106.850160494000079, -6.287977816999955, 0.0 ], [ 106.850226235000036, -6.287934615999973, 0.0 ], [ 106.850279207000085, -6.287914726999929, 0.0 ], [ 106.85029987300004, -6.287906970999927, 0.0 ], [ 106.850307527000041, -6.287905914999953, 0.0 ], [ 106.850377789000049, -6.287896233999959, 0.0 ], [ 106.850460126000087, -6.28788807199993, 0.0 ], [ 106.850542161000078, -6.287898838999979, 0.0 ], [ 106.850619609000034, -6.287927969999942, 0.0 ], [ 106.850693901000056, -6.287977944999966, 0.0 ], [ 106.850768193000079, -6.288027918999944, 0.0 ], [ 106.850842485000044, -6.288077893999969, 0.0 ], [ 106.850916778000055, -6.288127867999947, 0.0 ], [ 106.850991070000077, -6.288177841999925, 0.0 ], [ 106.851065362000043, -6.288227816999949, 0.0 ], [ 106.851132469000049, -6.288274226999931, 0.0 ], [ 106.851199576000056, -6.288320638999949, 0.0 ], [ 106.851246610000032, -6.28838714099993, 0.0 ], [ 106.85126568000004, -6.28846634599995, 0.0 ], [ 106.851254071000085, -6.288546983999936, 0.0 ], [ 106.85123864600007, -6.288625626999931, 0.0 ], [ 106.851238589000047, -6.288625916999933, 0.0 ], [ 106.85123612600006, -6.288639126999954, 0.0 ], [ 106.851225045000035, -6.288698562999969, 0.0 ], [ 106.851219727000057, -6.28872858099993, 0.0 ], [ 106.851218053000082, -6.288738033999948, 0.0 ], [ 106.851212155000042, -6.288771327999939, 0.0 ], [ 106.851199919000067, -6.288844204999975, 0.0 ], [ 106.851188339000032, -6.288917190999939, 0.0 ], [ 106.851177416000041, -6.288990275999936, 0.0 ], [ 106.851164767000057, -6.289069556999948, 0.0 ], [ 106.851147461000039, -6.289147951999951, 0.0 ], [ 106.85112556100006, -6.289225186999943, 0.0 ], [ 106.851099140000088, -6.289300993999973, 0.0 ], [ 106.851074103000087, -6.289361140999972, 0.0 ], [ 106.851068290000057, -6.289375106999955, 0.0 ], [ 106.851033121000057, -6.289447266999957, 0.0 ], [ 106.850993753000068, -6.289517223999951, 0.0 ], [ 106.850957119000043, -6.289587559999973, 0.0 ], [ 106.850912901000072, -6.28965338699993, 0.0 ], [ 106.850861647000045, -6.289713889999973, 0.0 ], [ 106.850803991000078, -6.28976832099994, 0.0 ], [ 106.850740651000081, -6.289816004999977, 0.0 ], [ 106.850705402000074, -6.289836843999979, 0.0 ], [ 106.850678687000084, -6.289852637999957, 0.0 ], [ 106.850672405000068, -6.289856350999969, 0.0 ], [ 106.85060010400008, -6.289888859999962, 0.0 ], [ 106.850524639000071, -6.289913129999945, 0.0 ], [ 106.850444789000051, -6.289938560999929, 0.0 ], [ 106.850364697000089, -6.289963214999943, 0.0 ], [ 106.850284367000086, -6.289987088999965, 0.0 ], [ 106.850203811000085, -6.290010181999946, 0.0 ], [ 106.850123034000035, -6.29003248999993, 0.0 ], [ 106.850042045000066, -6.290054012999974, 0.0 ], [ 106.849960851000048, -6.290074746999949, 0.0 ], [ 106.849879459000078, -6.290094691999968, 0.0 ], [ 106.849797877000071, -6.290113844999951, 0.0 ], [ 106.849716114000046, -6.290132203999974, 0.0 ], [ 106.849634175000062, -6.290149767999935, 0.0 ], [ 106.849556909000057, -6.290174139999976, 0.0 ], [ 106.849510189000057, -6.29020313999996, 0.0 ], [ 106.84948806400007, -6.290216873999952, 0.0 ], [ 106.849431917000061, -6.290275313999928, 0.0 ], [ 106.849391960000048, -6.290345832999947, 0.0 ], [ 106.849388823000083, -6.290386656999942, 0.0 ], [ 106.849385311000049, -6.290432365999948, 0.0 ], [ 106.849385336000068, -6.290435653999964, 0.0 ], [ 106.849385962000042, -6.290519151999945, 0.0 ], [ 106.849390554000081, -6.290569080999944, 0.0 ], [ 106.84939391000006, -6.290605574999972, 0.0 ], [ 106.849409097000034, -6.290691021999976, 0.0 ], [ 106.849431417000062, -6.290774886999941, 0.0 ], [ 106.849460710000074, -6.290856575999953, 0.0 ], [ 106.849492608000048, -6.29093258599994, 0.0 ], [ 106.849525335000067, -6.291008241999975, 0.0 ], [ 106.849558886000068, -6.291083536999963, 0.0 ], [ 106.849593256000048, -6.291158458999973, 0.0 ], [ 106.849628443000086, -6.291233001999956, 0.0 ], [ 106.849661937000064, -6.291316826999946, 0.0 ], [ 106.849690782000039, -6.291402367999979, 0.0 ], [ 106.849694593000038, -6.291416118999962, 0.0 ], [ 106.849699944000065, -6.291435428999932, 0.0 ], [ 106.849712269000065, -6.29147990499996, 0.0 ], [ 106.849714890000087, -6.291489361999936, 0.0 ], [ 106.849719211000036, -6.291509112999961, 0.0 ], [ 106.84973418800007, -6.291577551999978, 0.0 ], [ 106.849748617000046, -6.291666666999959, 0.0 ], [ 106.849759386000073, -6.291741540999965, 0.0 ], [ 106.849774713000045, -6.291815615999951, 0.0 ], [ 106.849794543000087, -6.291888612999969, 0.0 ], [ 106.849818800000037, -6.291960257999961, 0.0 ], [ 106.849847394000051, -6.292030284999953, 0.0 ], [ 106.84986374500005, -6.292098000999943, 0.0 ], [ 106.849866391000035, -6.292108965999944, 0.0 ], [ 106.849895576000051, -6.29218445999993, 0.0 ], [ 106.849934441000073, -6.292255451999949, 0.0 ], [ 106.84998230900004, -6.292320704999952, 0.0 ], [ 106.850023454000052, -6.292374603999974, 0.0 ], [ 106.85006069700006, -6.292431271999931, 0.0 ], [ 106.850093852000043, -6.29249042899994, 0.0 ], [ 106.850122751000072, -6.292551777999961, 0.0 ], [ 106.850162369000088, -6.292618321999953, 0.0 ], [ 106.850210778000076, -6.292678765999938, 0.0 ], [ 106.850258617000065, -6.292723980999938, 0.0 ], [ 106.85026705100006, -6.292731954999965, 0.0 ], [ 106.850330115000077, -6.292776873999969, 0.0 ], [ 106.850405831000046, -6.292803934999938, 0.0 ], [ 106.850481479000052, -6.292831179999951, 0.0 ], [ 106.850557059000039, -6.292858612999964, 0.0 ], [ 106.850632572000052, -6.292886232999933, 0.0 ], [ 106.850707066000041, -6.292913688999931, 0.0 ], [ 106.850708016000056, -6.292914038999925, 0.0 ], [ 106.85078339100005, -6.292942029999949, 0.0 ], [ 106.850858698000081, -6.292970207999929, 0.0 ], [ 106.850940363000063, -6.292992617999971, 0.0 ], [ 106.851024804000076, -6.292998990999934, 0.0 ], [ 106.851108906000036, -6.292989095999928, 0.0 ], [ 106.851189565000084, -6.292963293999946, 0.0 ], [ 106.851249302000042, -6.292914392999933, 0.0 ], [ 106.851303004000044, -6.292858923999972, 0.0 ], [ 106.851349955000046, -6.29279762799996, 0.0 ], [ 106.851389527000038, -6.292731323999931, 0.0 ], [ 106.851401330000044, -6.292705074999958, 0.0 ], [ 106.851421194000068, -6.292660896999962, 0.0 ], [ 106.851444532000073, -6.292587283999978, 0.0 ], [ 106.851475020000066, -6.292512338999927, 0.0 ], [ 106.851483570000084, -6.292487334999976, 0.0 ], [ 106.851501198000051, -6.292435779999948, 0.0 ], [ 106.851511343000084, -6.292399488999934, 0.0 ], [ 106.851522984000042, -6.292357855999967, 0.0 ], [ 106.851540304000082, -6.292278817999943, 0.0 ], [ 106.851553104000061, -6.292198922999944, 0.0 ], [ 106.85156134500005, -6.292118426999934, 0.0 ], [ 106.851564997000082, -6.292037594999954, 0.0 ], [ 106.851564694000047, -6.291963245999966, 0.0 ], [ 106.851566518000084, -6.291888916999937, 0.0 ], [ 106.851570467000045, -6.291814670999941, 0.0 ], [ 106.851576538000074, -6.291740566999977, 0.0 ], [ 106.851584723000087, -6.291666669999927, 0.0 ], [ 106.851596655000037, -6.291582497999968, 0.0 ], [ 106.851614255000072, -6.29149932699994, 0.0 ], [ 106.851637450000055, -6.291417541999976, 0.0 ], [ 106.85166612900008, -6.291337514999952, 0.0 ], [ 106.851700160000064, -6.29125961799997, 0.0 ], [ 106.851732654000045, -6.291207873999952, 0.0 ], [ 106.851736886000083, -6.291202792999968, 0.0 ], [ 106.851737784000079, -6.291200943999968, 0.0 ], [ 106.851740039000049, -6.291199009999957, 0.0 ], [ 106.851771762000055, -6.291160931999968, 0.0 ], [ 106.851816781000082, -6.291119633999926, 0.0 ], [ 106.851890402000038, -6.291084404999935, 0.0 ], [ 106.851967921000039, -6.291058885999973, 0.0 ], [ 106.852048069000034, -6.291043500999933, 0.0 ], [ 106.852129521000052, -6.291038500999946, 0.0 ], [ 106.852208405000056, -6.291034679999939, 0.0 ], [ 106.852286847000073, -6.291025496999964, 0.0 ], [ 106.852364482000041, -6.291010993999976, 0.0 ], [ 106.852440950000073, -6.290991239999926, 0.0 ], [ 106.852515899000082, -6.290966323999953, 0.0 ], [ 106.852588979000075, -6.290936363999947, 0.0 ], [ 106.852631460000055, -6.290916508999942, 0.0 ], [ 106.852663331000088, -6.290901613999949, 0.0 ], [ 106.852737679000086, -6.290866863999952, 0.0 ], [ 106.852812030000052, -6.290832114999944, 0.0 ], [ 106.852876212000069, -6.290796353999951, 0.0 ], [ 106.852938376000054, -6.29075718699994, 0.0 ], [ 106.852998344000071, -6.290714729999934, 0.0 ], [ 106.853056095000056, -6.290654245999974, 0.0 ], [ 106.853117301000054, -6.290597265999963, 0.0 ], [ 106.853181749000044, -6.290543985999932, 0.0 ], [ 106.853249217000041, -6.290494591999959, 0.0 ], [ 106.853319471000077, -6.290449248999948, 0.0 ], [ 106.85339226800005, -6.290408119999938, 0.0 ], [ 106.853467357000056, -6.290371346999962, 0.0 ], [ 106.853544476000081, -6.290339053999958, 0.0 ], [ 106.853565083000035, -6.29033181799997, 0.0 ], [ 106.853623361000075, -6.290311354999972, 0.0 ], [ 106.853700764000052, -6.29028376499997, 0.0 ], [ 106.853779717000066, -6.290260986999954, 0.0 ], [ 106.853859918000069, -6.290243111999928, 0.0 ], [ 106.853941067000051, -6.290230201999975, 0.0 ], [ 106.854022856000086, -6.290222308999944, 0.0 ], [ 106.854104974000052, -6.290219462999971, 0.0 ], [ 106.85418711300008, -6.290221672999962, 0.0 ], [ 106.85422991300004, -6.290243162999957, 0.0 ], [ 106.854272713000057, -6.290264652999952, 0.0 ], [ 106.854340060000084, -6.290303596999934, 0.0 ], [ 106.85440402100005, -6.290347892999932, 0.0 ], [ 106.854464169000039, -6.290397244999951, 0.0 ], [ 106.854520107000042, -6.290451327999961, 0.0 ], [ 106.854542914000035, -6.290518770999938, 0.0 ], [ 106.854546970000058, -6.290530761999946, 0.0 ], [ 106.854558633000067, -6.290613803999975, 0.0 ], [ 106.854554694000058, -6.290697568999974, 0.0 ], [ 106.854544658000066, -6.29076244099997, 0.0 ], [ 106.854534621000084, -6.290827313999955, 0.0 ], [ 106.854514882000046, -6.290905468999938, 0.0 ], [ 106.854495141000086, -6.290983623999978, 0.0 ], [ 106.854475401000059, -6.291061778999961, 0.0 ], [ 106.854463322000072, -6.291126043999952, 0.0 ], [ 106.854451241000049, -6.291190308999944, 0.0 ], [ 106.854439162000062, -6.291254573999936, 0.0 ], [ 106.854419457000063, -6.291336562999959, 0.0 ], [ 106.854399748000048, -6.291418552999971, 0.0 ], [ 106.854370850000066, -6.291475433999949, 0.0 ], [ 106.854341951000038, -6.291532314999927, 0.0 ], [ 106.854313052000066, -6.291589194999972, 0.0 ], [ 106.854268265000087, -6.29165422799997, 0.0 ], [ 106.854219403000059, -6.291716253999937, 0.0 ], [ 106.854166666000083, -6.291775016999964, 0.0 ], [ 106.854118837000044, -6.291842570999961, 0.0 ], [ 106.854071007000073, -6.291910124999958, 0.0 ], [ 106.854023177000045, -6.291977678999956, 0.0 ], [ 106.853975348000063, -6.292045232999953, 0.0 ], [ 106.853927518000035, -6.29211278799994, 0.0 ], [ 106.853879689000053, -6.292180341999938, 0.0 ], [ 106.853839066000035, -6.292237717999967, 0.0 ], [ 106.853831858000035, -6.292247895999935, 0.0 ], [ 106.853784029000053, -6.292315448999943, 0.0 ], [ 106.853750715000047, -6.292359528999953, 0.0 ], [ 106.853705805000061, -6.29241374299994, 0.0 ], [ 106.853660895000075, -6.292467956999928, 0.0 ], [ 106.853615983000054, -6.292522170999973, 0.0 ], [ 106.853567875000067, -6.292576676999943, 0.0 ], [ 106.85351976700008, -6.292631183999958, 0.0 ], [ 106.853477045000034, -6.292679587999942, 0.0 ], [ 106.853471659000036, -6.292685689999928, 0.0 ], [ 106.853417271000069, -6.292744650999964, 0.0 ], [ 106.853362882000056, -6.292803611999943, 0.0 ], [ 106.853320325000084, -6.292848625999966, 0.0 ], [ 106.853277767000066, -6.292893639999932, 0.0 ], [ 106.853225638000083, -6.292947536999975, 0.0 ], [ 106.853173508000054, -6.293001430999936, 0.0 ], [ 106.853121379000072, -6.293055326999934, 0.0 ], [ 106.853080314000067, -6.29309755099996, 0.0 ], [ 106.853039250000052, -6.293139775999975, 0.0 ], [ 106.852995473000078, -6.293181390999962, 0.0 ], [ 106.852951695000058, -6.293223003999969, 0.0 ], [ 106.852907919000074, -6.293264618999956, 0.0 ], [ 106.852858757000035, -6.293305552999925, 0.0 ], [ 106.852809596000043, -6.293346486999951, 0.0 ], [ 106.85276043500005, -6.293387420999977, 0.0 ], [ 106.852716648000069, -6.29343382299993, 0.0 ], [ 106.852714260000084, -6.293436351999958, 0.0 ], [ 106.852672860000041, -6.293480225999929, 0.0 ], [ 106.852629054000033, -6.29354131499997, 0.0 ], [ 106.852585249000072, -6.293602404999945, 0.0 ], [ 106.852548643000034, -6.293669478999959, 0.0 ], [ 106.852512038000043, -6.293736553999963, 0.0 ], [ 106.852475431000073, -6.293803626999932, 0.0 ], [ 106.852438824000046, -6.293870700999946, 0.0 ], [ 106.852411471000039, -6.293927002999965, 0.0 ], [ 106.852384119000078, -6.293983304999927, 0.0 ], [ 106.852350028000046, -6.294058784999947, 0.0 ], [ 106.852315938000061, -6.294134264999968, 0.0 ], [ 106.852287654000065, -6.294208857999934, 0.0 ], [ 106.852259371000059, -6.294283450999956, 0.0 ], [ 106.852250295000033, -6.294346931999939, 0.0 ], [ 106.852241219000064, -6.294410413999969, 0.0 ], [ 106.852232143000037, -6.294473894999953, 0.0 ], [ 106.852229489000081, -6.294485991999977, 0.0 ], [ 106.852215964000038, -6.294547618999957, 0.0 ], [ 106.852230424000084, -6.294621699999936, 0.0 ], [ 106.852273139000033, -6.294683913999961, 0.0 ], [ 106.852337059000035, -6.294723996999949, 0.0 ], [ 106.852358767000055, -6.294727295999962, 0.0 ], [ 106.85241164100006, -6.294735331999959, 0.0 ], [ 106.852439981000089, -6.294727841999929, 0.0 ], [ 106.852484575000062, -6.294716053999935, 0.0 ], [ 106.852530494000064, -6.294688032999943, 0.0 ], [ 106.852576412000076, -6.294660011999952, 0.0 ], [ 106.852623477000066, -6.294592418999969, 0.0 ], [ 106.852670541000066, -6.29452482399995, 0.0 ], [ 106.852717606000056, -6.294457232999946, 0.0 ], [ 106.852758424000058, -6.29440203799993, 0.0 ], [ 106.85279924300005, -6.294346843999961, 0.0 ], [ 106.852840061000052, -6.294291649999934, 0.0 ], [ 106.852885262000086, -6.294240316999947, 0.0 ], [ 106.852930463000064, -6.294188983999959, 0.0 ], [ 106.852975664000041, -6.294137649999925, 0.0 ], [ 106.85302086300004, -6.294086316999937, 0.0 ], [ 106.85307374100006, -6.294035534999978, 0.0 ], [ 106.853126618000033, -6.293984751999972, 0.0 ], [ 106.853182599000036, -6.29394463899996, 0.0 ], [ 106.853238579000049, -6.293904528999974, 0.0 ], [ 106.853294560000052, -6.293864417999941, 0.0 ], [ 106.853371844000037, -6.293822931999955, 0.0 ], [ 106.853449128000079, -6.293781445999969, 0.0 ], [ 106.853505851000079, -6.293758690999937, 0.0 ], [ 106.853562575000069, -6.293735935999962, 0.0 ], [ 106.853619298000069, -6.29371318099993, 0.0 ], [ 106.853692073000047, -6.293696669999974, 0.0 ], [ 106.853764847000036, -6.293680157999972, 0.0 ], [ 106.853852373000052, -6.293697514999963, 0.0 ], [ 106.853937380000048, -6.293724650999934, 0.0 ], [ 106.854018782000082, -6.293761214999961, 0.0 ], [ 106.85409553900007, -6.29380673999998, 0.0 ], [ 106.854166666000083, -6.293860643999949, 0.0 ], [ 106.854201469000088, -6.293920542999956, 0.0 ], [ 106.854232489000083, -6.293982612999969, 0.0 ], [ 106.85426384200008, -6.294044503999942, 0.0 ], [ 106.85428567200006, -6.294088961999933, 0.0 ], [ 106.854303826000034, -6.294135093999955, 0.0 ], [ 106.854325625000058, -6.29419437699994, 0.0 ], [ 106.85434441700005, -6.294254681999973, 0.0 ], [ 106.854364324000073, -6.29433075299994, 0.0 ], [ 106.85437939500008, -6.294407913999976, 0.0 ], [ 106.854379925000046, -6.294413650999957, 0.0 ], [ 106.854380456000058, -6.294419386999948, 0.0 ], [ 106.854386628000043, -6.294486175999964, 0.0 ], [ 106.854384696000068, -6.294569729999978, 0.0 ], [ 106.854382763000046, -6.294653282999946, 0.0 ], [ 106.854380830000082, -6.29473683599997, 0.0 ], [ 106.854378897000061, -6.294820389999927, 0.0 ], [ 106.854376964000039, -6.294903942999952, 0.0 ], [ 106.854369132000045, -6.294962636999969, 0.0 ], [ 106.854370998000036, -6.295052986999963, 0.0 ], [ 106.854372864000084, -6.295143334999977, 0.0 ], [ 106.854374730000075, -6.295233684999971, 0.0 ], [ 106.854376596000066, -6.295324033999975, 0.0 ], [ 106.854378462000057, -6.295414381999933, 0.0 ], [ 106.854380328000047, -6.295504731999927, 0.0 ], [ 106.854375169000036, -6.295593532999931, 0.0 ], [ 106.854370009000036, -6.295682333999935, 0.0 ], [ 106.854364851000071, -6.295771135999928, 0.0 ], [ 106.854360609000082, -6.295844160999934, 0.0 ], [ 106.85435969100007, -6.295859936999932, 0.0 ], [ 106.854354533000048, -6.295948737999936, 0.0 ], [ 106.854350884000041, -6.295991920999938, 0.0 ], [ 106.854346077000059, -6.296014554999942, 0.0 ], [ 106.854339321000054, -6.296036683999944, 0.0 ], [ 106.854328176000081, -6.296063468999932, 0.0 ], [ 106.854314180000074, -6.296088879999957, 0.0 ], [ 106.854297504000044, -6.29611261499997, 0.0 ], [ 106.854278343000033, -6.296134391999942, 0.0 ], [ 106.854256925000072, -6.296153949999962, 0.0 ], [ 106.854233506000071, -6.29617105799997, 0.0 ], [ 106.854171431000054, -6.296189432999938, 0.0 ], [ 106.854166666000083, -6.296190563999971, 0.0 ], [ 106.854094706000069, -6.296204741999929, 0.0 ], [ 106.854019727000036, -6.296214456999962, 0.0 ], [ 106.853945260000046, -6.296197327999948, 0.0 ], [ 106.853878258000066, -6.296171974999936, 0.0 ], [ 106.853811256000085, -6.29614662399996, 0.0 ], [ 106.853809812000065, -6.296145790999958, 0.0 ], [ 106.853772210000045, -6.296124101999965, 0.0 ], [ 106.853733164000062, -6.29610157999997, 0.0 ], [ 106.853655072000038, -6.296056534999934, 0.0 ], [ 106.853587021000067, -6.29602353699994, 0.0 ], [ 106.853518970000039, -6.295990538999945, 0.0 ], [ 106.853450919000068, -6.29595754099995, 0.0 ], [ 106.853376913000034, -6.295930519999956, 0.0 ], [ 106.853302907000057, -6.295903498999962, 0.0 ], [ 106.853228900000033, -6.295876477999968, 0.0 ], [ 106.853154893000067, -6.295849456999974, 0.0 ], [ 106.853071155000066, -6.295823503999941, 0.0 ], [ 106.852987420000034, -6.295797550999964, 0.0 ], [ 106.852903683000079, -6.295771597999931, 0.0 ], [ 106.852819022000062, -6.295753248999972, 0.0 ], [ 106.852734360000056, -6.295734899999957, 0.0 ], [ 106.852649700000086, -6.295716550999941, 0.0 ], [ 106.852576352000085, -6.295704540999964, 0.0 ], [ 106.852503005000074, -6.295692530999929, 0.0 ], [ 106.852429658000062, -6.295680520999952, 0.0 ], [ 106.852356311000051, -6.295668510999974, 0.0 ], [ 106.85228296300005, -6.295656500999939, 0.0 ], [ 106.85220528900004, -6.295647077999945, 0.0 ], [ 106.85212761400004, -6.295637656999929, 0.0 ], [ 106.852048552000042, -6.29563068899995, 0.0 ], [ 106.851969490000045, -6.29562371999998, 0.0 ], [ 106.851932122000051, -6.295620425999971, 0.0 ], [ 106.851890427000058, -6.295616751999944, 0.0 ], [ 106.851828545000046, -6.295612624999933, 0.0 ], [ 106.851766664000081, -6.295608497999979, 0.0 ], [ 106.851704783000059, -6.295604370999968, 0.0 ], [ 106.851634733000083, -6.295604159999925, 0.0 ], [ 106.851564685000085, -6.29560394899994, 0.0 ], [ 106.851494635000051, -6.295603735999975, 0.0 ], [ 106.851424584000085, -6.295603522999954, 0.0 ], [ 106.851340095000069, -6.295612591999941, 0.0 ], [ 106.851255607000041, -6.295621658999949, 0.0 ], [ 106.851171119000071, -6.295630725999956, 0.0 ], [ 106.85108871400007, -6.295649091999962, 0.0 ], [ 106.851007484000036, -6.295672105999927, 0.0 ], [ 106.850927689000059, -6.295699696999975, 0.0 ], [ 106.850849587000084, -6.295731771999954, 0.0 ], [ 106.85077343100005, -6.295768229999965, 0.0 ], [ 106.850699465000048, -6.295808953999938, 0.0 ], [ 106.850627927000062, -6.295853809999926, 0.0 ], [ 106.850556544000085, -6.295890324999959, 0.0 ], [ 106.850490747000038, -6.295936154999936, 0.0 ], [ 106.850431740000033, -6.295990457999949, 0.0 ], [ 106.850380607000034, -6.296052240999927, 0.0 ], [ 106.850374543000044, -6.296062000999939, 0.0 ], [ 106.850368479000053, -6.296071763999976, 0.0 ], [ 106.850338285000078, -6.296120368999937, 0.0 ], [ 106.850305550000087, -6.296193594999977, 0.0 ], [ 106.850283003000072, -6.296270572999958, 0.0 ], [ 106.850271056000054, -6.296349894999935, 0.0 ], [ 106.850287411000068, -6.296433510999975, 0.0 ], [ 106.850313228000061, -6.296514702999957, 0.0 ], [ 106.85034816700005, -6.296592401999931, 0.0 ], [ 106.850391771000034, -6.296665585999961, 0.0 ], [ 106.850443463000033, -6.296733293999978, 0.0 ], [ 106.850502565000056, -6.296794631999944, 0.0 ], [ 106.850568297000052, -6.29684879399997, 0.0 ], [ 106.850639796000053, -6.296895067999969, 0.0 ], [ 106.850649857000064, -6.29690004899993, 0.0 ], [ 106.850677959000052, -6.296913956999958, 0.0 ], [ 106.850716121000062, -6.296932845999947, 0.0 ], [ 106.850791123000079, -6.29698007199994, 0.0 ], [ 106.850866446000055, -6.297026783999968, 0.0 ], [ 106.850942089000057, -6.297072975999981, 0.0 ], [ 106.851018047000082, -6.297118644999955, 0.0 ], [ 106.851094318000037, -6.297163793999971, 0.0 ], [ 106.851170895000052, -6.297208414999943, 0.0 ], [ 106.851247777000083, -6.297252509999964, 0.0 ], [ 106.851324962000035, -6.297296073999973, 0.0 ], [ 106.851402442000051, -6.297339105999981, 0.0 ], [ 106.851480217000073, -6.297381604999941, 0.0 ], [ 106.851558283000088, -6.297423568999932, 0.0 ], [ 106.851636633000055, -6.297464993999938, 0.0 ], [ 106.851715268000078, -6.29750587999996, 0.0 ], [ 106.851794181000059, -6.297546223999973, 0.0 ], [ 106.851874876000068, -6.297580176999929, 0.0 ], [ 106.851950694000038, -6.297623960999942, 0.0 ], [ 106.852020447000086, -6.297676886999966, 0.0 ], [ 106.852083035000078, -6.297738123999977, 0.0 ], [ 106.852137480000067, -6.297806712999943, 0.0 ], [ 106.85216020200005, -6.297844144999942, 0.0 ], [ 106.852098527000066, -6.297898089999933, 0.0 ], [ 106.852103078000084, -6.297907651999935, 0.0 ], [ 106.852104508000082, -6.297910657999978, 0.0 ], [ 106.851672126000039, -6.297914835999961, 0.0 ], [ 106.851469009000084, -6.29791679899995, 0.0 ], [ 106.851162646000034, -6.297926657999938, 0.0 ], [ 106.851136258000054, -6.297925753999948, 0.0 ], [ 106.851042331000087, -6.297922537999966, 0.0 ], [ 106.851024552000069, -6.297921869999925, 0.0 ], [ 106.850991265000062, -6.297920618999967, 0.0 ], [ 106.850940649000052, -6.297913581999978, 0.0 ], [ 106.850890992000075, -6.297901498999977, 0.0 ], [ 106.850868950000063, -6.29789372099998, 0.0 ], [ 106.85078165200008, -6.297856360999958, 0.0 ], [ 106.850617016000058, -6.297780624999973, 0.0 ], [ 106.850388774000066, -6.297682280999936, 0.0 ], [ 106.850371414000051, -6.297674404999952, 0.0 ], [ 106.850353068000061, -6.297669228999951, 0.0 ], [ 106.850334153000063, -6.297666873999958, 0.0 ], [ 106.850315097000077, -6.297667390999948, 0.0 ], [ 106.850296337000088, -6.297670768999978, 0.0 ], [ 106.850278298000035, -6.297676930999955, 0.0 ], [ 106.85022622300005, -6.297700518999932, 0.0 ], [ 106.850176631000068, -6.29772896399993, 0.0 ], [ 106.85015203200004, -6.297749163999981, 0.0 ], [ 106.850124420000043, -6.297764990999951, 0.0 ], [ 106.850094563000084, -6.297776008999961, 0.0 ], [ 106.850082453000084, -6.297778293999954, 0.0 ], [ 106.850063293000062, -6.297781909999969, 0.0 ], [ 106.850031476000083, -6.29778252899996, 0.0 ], [ 106.85, -6.297777848999942, 0.0 ], [ 106.849965187000066, -6.297773349999943, 0.0 ], [ 106.84987753300004, -6.297762022999962, 0.0 ], [ 106.849864891000038, -6.297755388999974, 0.0 ], [ 106.849857865000047, -6.297750969999981, 0.0 ], [ 106.849851595000075, -6.297745526999961, 0.0 ], [ 106.849846233000051, -6.29773918799998, 0.0 ], [ 106.849841903000083, -6.29773210299993, 0.0 ], [ 106.84983870800005, -6.297724438999978, 0.0 ], [ 106.84983806300005, -6.297721902999967, 0.0 ], [ 106.849830220000058, -6.297691090999933, 0.0 ], [ 106.849826396000083, -6.297656892999953, 0.0 ], [ 106.849826431000054, -6.297655557999974, 0.0 ], [ 106.84982731000008, -6.297622492999949, 0.0 ], [ 106.849828030000083, -6.297617588999969, 0.0 ], [ 106.849827938000033, -6.297612633999961, 0.0 ], [ 106.849827041000083, -6.297607758999959, 0.0 ], [ 106.849825377000059, -6.297603140999968, 0.0 ], [ 106.849823042000082, -6.297599853999941, 0.0 ], [ 106.849820200000067, -6.297596994999935, 0.0 ], [ 106.849816927000063, -6.297594640999932, 0.0 ], [ 106.849813312000038, -6.297592857999973, 0.0 ], [ 106.849812967000048, -6.297592754999926, 0.0 ], [ 106.84981268100006, -6.297591418999957, 0.0 ], [ 106.849810141000034, -6.297591899999929, 0.0 ], [ 106.849809453000034, -6.297591692999958, 0.0 ], [ 106.84980545600007, -6.297591177999948, 0.0 ], [ 106.849801428000035, -6.297591326999964, 0.0 ], [ 106.849797479000074, -6.297592135999935, 0.0 ], [ 106.849793717000068, -6.297593581999934, 0.0 ], [ 106.849788845000035, -6.297595933999958, 0.0 ], [ 106.849787052000067, -6.297596798999962, 0.0 ], [ 106.849771328000088, -6.297599253999977, 0.0 ], [ 106.849616676000039, -6.297623389999956, 0.0 ], [ 106.849339054000041, -6.297667657999966, 0.0 ], [ 106.849062328000059, -6.297717217999946, 0.0 ], [ 106.849025815000061, -6.297727613999939, 0.0 ], [ 106.848989639000081, -6.297745479999946, 0.0 ], [ 106.848957186000064, -6.297761505999972, 0.0 ], [ 106.848947709000072, -6.297746949999976, 0.0 ], [ 106.848924049000061, -6.297721513999932, 0.0 ], [ 106.848896384000057, -6.29770051099996, 0.0 ], [ 106.848850441000081, -6.297681064999949, 0.0 ], [ 106.848850370000036, -6.297681034999925, 0.0 ], [ 106.848832917000038, -6.297673647999943, 0.0 ], [ 106.848767646000056, -6.297651535999933, 0.0 ], [ 106.848709068000062, -6.297636400999977, 0.0 ], [ 106.848700922000035, -6.297634295999956, 0.0 ], [ 106.848675292000053, -6.29762965599997, 0.0 ], [ 106.848602947000074, -6.297615209999947, 0.0 ], [ 106.848453993000078, -6.29758157599997, 0.0 ], [ 106.848273580000068, -6.29754737899998, 0.0 ], [ 106.848189172000048, -6.297532584999942, 0.0 ], [ 106.847949948000064, -6.297484814999962, 0.0 ], [ 106.847902179000073, -6.297475429999963, 0.0 ], [ 106.847903330000065, -6.297482484999932, 0.0 ], [ 106.847858785000085, -6.297474676999968, 0.0 ], [ 106.847488166000062, -6.297405315999981, 0.0 ], [ 106.84744485300007, -6.297397208999939, 0.0 ], [ 106.847149601000069, -6.297336953999945, 0.0 ], [ 106.84714947100008, -6.297336925999957, 0.0 ], [ 106.847140658000058, -6.297334968999962, 0.0 ], [ 106.847129836000079, -6.297332565999966, 0.0 ], [ 106.847119014000043, -6.297330163999959, 0.0 ], [ 106.847088676000055, -6.29732342899996, 0.0 ], [ 106.846855424000069, -6.297271643999977, 0.0 ], [ 106.846816019000073, -6.29726218299993, 0.0 ], [ 106.846562410000047, -6.297201295999969, 0.0 ], [ 106.84642887800004, -6.297180560999948, 0.0 ], [ 106.846343301000047, -6.297167271999967, 0.0 ], [ 106.846197353000036, -6.29714460799994, 0.0 ], [ 106.845833333000087, -6.297081594999952, 0.0 ], [ 106.845605034000073, -6.297043775999953, 0.0 ], [ 106.84514106000006, -6.296966915999974, 0.0 ], [ 106.844999421000068, -6.296943452999926, 0.0 ], [ 106.844998110000063, -6.296943234999958, 0.0 ], [ 106.844984969000052, -6.296941057999959, 0.0 ], [ 106.844906026000046, -6.296928419999972, 0.0 ], [ 106.844773955000051, -6.296901613999978, 0.0 ], [ 106.844649043000061, -6.29687047799996, 0.0 ], [ 106.844593366000083, -6.296847021999952, 0.0 ], [ 106.84454039700006, -6.296817964999946, 0.0 ], [ 106.844490690000043, -6.296783612999945, 0.0 ], [ 106.844444776000046, -6.296744332999936, 0.0 ], [ 106.844403140000054, -6.296700538999971, 0.0 ], [ 106.844335356000045, -6.296631642999955, 0.0 ], [ 106.844307927000045, -6.296601151999937, 0.0 ], [ 106.844256988000041, -6.296542626999951, 0.0 ], [ 106.84419140600005, -6.296457275999956, 0.0 ], [ 106.844146566000063, -6.296407060999968, 0.0 ], [ 106.844127879000041, -6.296386133999931, 0.0 ], [ 106.844060246000083, -6.296318888999963, 0.0 ], [ 106.844054294000046, -6.296313635999979, 0.0 ], [ 106.843988744000058, -6.296255776999942, 0.0 ], [ 106.843947105000041, -6.296223208999947, 0.0 ], [ 106.843913626000074, -6.296197021999944, 0.0 ], [ 106.843905541000083, -6.296192562999977, 0.0 ], [ 106.843889191000073, -6.296183544999963, 0.0 ], [ 106.843813590000082, -6.296141845999955, 0.0 ], [ 106.843710834000035, -6.296091926999964, 0.0 ], [ 106.843605633000038, -6.296047396999938, 0.0 ], [ 106.84343930600005, -6.295985938999934, 0.0 ], [ 106.843295656000066, -6.295937934999927, 0.0 ], [ 106.843271132000041, -6.295929739999963, 0.0 ], [ 106.84320891200008, -6.295911100999945, 0.0 ], [ 106.843190025000069, -6.295905441999935, 0.0 ], [ 106.843101275000038, -6.295878855999945, 0.0 ], [ 106.842929905000062, -6.295833336999976, 0.0 ], [ 106.842899911000075, -6.295825896999929, 0.0 ], [ 106.842444605000082, -6.295712960999936, 0.0 ], [ 106.841666667000084, -6.295505185999957, 0.0 ], [ 106.841548550000084, -6.295480381999937, 0.0 ], [ 106.841543907000073, -6.295479407999949, 0.0 ], [ 106.841539696000041, -6.295478523999975, 0.0 ], [ 106.841529982000054, -6.295476482999959, 0.0 ], [ 106.841512631000057, -6.295471502999931, 0.0 ], [ 106.841020060000062, -6.295330103999959, 0.0 ], [ 106.841013104000069, -6.295328106999932, 0.0 ], [ 106.840988623000044, -6.295321078999962, 0.0 ], [ 106.840986784000052, -6.295320550999975, 0.0 ], [ 106.840963165000062, -6.29531377099994, 0.0 ], [ 106.840853542000048, -6.295277756999951, 0.0 ], [ 106.840850334000038, -6.295289556999933, 0.0 ], [ 106.840779577000035, -6.295549828999981, 0.0 ], [ 106.840758511000047, -6.295633282999972, 0.0 ], [ 106.840749999000082, -6.295667003999938, 0.0 ], [ 106.840709784000069, -6.29583333599993, 0.0 ], [ 106.840696687000047, -6.295894258999965, 0.0 ], [ 106.840663440000071, -6.296048914999972, 0.0 ], [ 106.840646027000048, -6.296129917999963, 0.0 ], [ 106.840637080000079, -6.296171533999939, 0.0 ], [ 106.840633861000072, -6.296187974999953, 0.0 ], [ 106.840628333000041, -6.296216207999976, 0.0 ], [ 106.840619249000042, -6.29626260799995, 0.0 ], [ 106.840589217000058, -6.296415992999925, 0.0 ], [ 106.840570613000068, -6.296511013999975, 0.0 ], [ 106.840560475000075, -6.296568367999953, 0.0 ], [ 106.840551994000066, -6.296616354999969, 0.0 ], [ 106.840510403000053, -6.296851661999938, 0.0 ], [ 106.840507420000051, -6.296870559999945, 0.0 ], [ 106.840499301000079, -6.296922004999942, 0.0 ], [ 106.84049411500007, -6.296954862999939, 0.0 ], [ 106.840456472000085, -6.297193359999937, 0.0 ], [ 106.840419218000079, -6.297438980999971, 0.0 ], [ 106.840402536000056, -6.297565361999943, 0.0 ], [ 106.840394188000062, -6.297628603999954, 0.0 ], [ 106.840386706000061, -6.297685276999971, 0.0 ], [ 106.840358949000063, -6.297932154999955, 0.0 ], [ 106.840343500000074, -6.298098360999973, 0.0 ], [ 106.840335957000036, -6.298179521999941, 0.0 ], [ 106.840323855000065, -6.298344097999973, 0.0 ], [ 106.840319455000042, -6.298403935999943, 0.0 ], [ 106.840319290000082, -6.298406179999972, 0.0 ], [ 106.840317738000067, -6.298427285999935, 0.0 ], [ 106.840311199000041, -6.298542941999926, 0.0 ], [ 106.840303047000077, -6.298612347999949, 0.0 ], [ 106.840296315000046, -6.298669667999945, 0.0 ], [ 106.840284057000076, -6.298774032999972, 0.0 ], [ 106.840245364000054, -6.299103466999952, 0.0 ], [ 106.840225126000064, -6.299275774999956, 0.0 ], [ 106.840186824000057, -6.299708737999936, 0.0 ], [ 106.840180143000055, -6.299784264999971, 0.0 ], [ 106.840165180000042, -6.299953395999978, 0.0 ], [ 106.840147438000088, -6.300153941999952, 0.0 ], [ 106.840135800000041, -6.300245835999931, 0.0 ], [ 106.840113785000085, -6.300419678999958, 0.0 ], [ 106.840112072000068, -6.300433209999937, 0.0 ], [ 106.840041036000059, -6.30099415199993, 0.0 ], [ 106.840036229000077, -6.301032103999944, 0.0 ], [ 106.839956965000056, -6.301617241999963, 0.0 ], [ 106.839933296000083, -6.301791969999954, 0.0 ], [ 106.839918923000084, -6.301898071999972, 0.0 ], [ 106.839876182000069, -6.302237119999972, 0.0 ], [ 106.839868615000057, -6.302297146999933, 0.0 ], [ 106.839838887000042, -6.302532968999969, 0.0 ], [ 106.839809915000046, -6.302762806999965, 0.0 ], [ 106.839783835000048, -6.30301912799996, 0.0 ], [ 106.839688765000062, -6.30299176099993, 0.0 ], [ 106.839106701000048, -6.302824202999943, 0.0 ], [ 106.838492126000062, -6.302619387999925, 0.0 ], [ 106.838464979000037, -6.302610339999944, 0.0 ], [ 106.838234018000037, -6.302533368999946, 0.0 ], [ 106.838004004000084, -6.302437908999934, 0.0 ], [ 106.837499856000079, -6.302228680999974, 0.0 ], [ 106.837201061000087, -6.302072850999934, 0.0 ], [ 106.83661260100007, -6.301765944999943, 0.0 ], [ 106.836615718000076, -6.301778572999979, 0.0 ], [ 106.836616802000037, -6.301782967999941, 0.0 ], [ 106.836618799000064, -6.30179106099996, 0.0 ], [ 106.836622089000059, -6.301804381999943, 0.0 ], [ 106.836627254000064, -6.301825303999976, 0.0 ], [ 106.836634527000058, -6.301854762999938, 0.0 ], [ 106.836635736000062, -6.301859657999955, 0.0 ], [ 106.836640597000041, -6.301886875999969, 0.0 ], [ 106.83664318600006, -6.301901372999964, 0.0 ], [ 106.836643553000044, -6.301903434999929, 0.0 ], [ 106.836643847000062, -6.301905073999933, 0.0 ], [ 106.836646969000071, -6.301922561999959, 0.0 ], [ 106.836649089000048, -6.301934428999971, 0.0 ], [ 106.836661434000064, -6.302003552999963, 0.0 ], [ 106.836662442000033, -6.302009199999929, 0.0 ], [ 106.836663817000044, -6.302016898999966, 0.0 ], [ 106.836664347000067, -6.302019861999952, 0.0 ], [ 106.836670241000036, -6.30205286599994, 0.0 ], [ 106.836675794000087, -6.302083970999945, 0.0 ], [ 106.836676858000033, -6.302089919999958, 0.0 ], [ 106.836682285000052, -6.302120309999964, 0.0 ], [ 106.836689148000062, -6.30215874299995, 0.0 ], [ 106.836691816000041, -6.302172523999957, 0.0 ], [ 106.836698498000032, -6.302207034999981, 0.0 ], [ 106.836705951000056, -6.302245523999943, 0.0 ], [ 106.836704971000074, -6.302268394999942, 0.0 ], [ 106.836704310000073, -6.302283819999957, 0.0 ], [ 106.836702741000067, -6.302320438999971, 0.0 ], [ 106.836704202000078, -6.302395409999974, 0.0 ], [ 106.836710327000048, -6.302470142999937, 0.0 ], [ 106.83672686400007, -6.30255524599994, 0.0 ], [ 106.836763979000068, -6.302633585999956, 0.0 ], [ 106.83681202300005, -6.302689169999951, 0.0 ], [ 106.836833591000072, -6.302713506999964, 0.0 ], [ 106.836860750000085, -6.30274415599996, 0.0 ], [ 106.836861713000076, -6.30274521399997, 0.0 ], [ 106.83687664200005, -6.302761647999944, 0.0 ], [ 106.83687744000008, -6.302762525999981, 0.0 ], [ 106.836885511000048, -6.302771408999945, 0.0 ], [ 106.836898261000044, -6.302785441999958, 0.0 ], [ 106.836910154000066, -6.302798533999976, 0.0 ], [ 106.836960227000077, -6.302852295999969, 0.0 ], [ 106.836962592000077, -6.302854773999968, 0.0 ], [ 106.836998061000088, -6.302891923999937, 0.0 ], [ 106.837010960000043, -6.302905434999957, 0.0 ], [ 106.837039446000063, -6.302948253999944, 0.0 ], [ 106.837047985000083, -6.302962288999936, 0.0 ], [ 106.837049056000069, -6.302964049999957, 0.0 ], [ 106.837059201000045, -6.302980723999951, 0.0 ], [ 106.837063215000057, -6.302987321999979, 0.0 ], [ 106.837083499000073, -6.303023794999945, 0.0 ], [ 106.837087828000051, -6.303031578999935, 0.0 ], [ 106.837115760000074, -6.303092793999951, 0.0 ], [ 106.83711590200005, -6.30309366399996, 0.0 ], [ 106.837120637000055, -6.303105689999938, 0.0 ], [ 106.837126169000044, -6.303123572999937, 0.0 ], [ 106.837134811000055, -6.303151511999943, 0.0 ], [ 106.837137599000073, -6.303160527999978, 0.0 ], [ 106.837142163000067, -6.303175277999969, 0.0 ], [ 106.837142189000076, -6.303175400999976, 0.0 ], [ 106.837145306000082, -6.303190806999964, 0.0 ], [ 106.837153673000046, -6.303232168999955, 0.0 ], [ 106.837158033000037, -6.303253712999947, 0.0 ], [ 106.837160632000064, -6.303279812999961, 0.0 ], [ 106.837162414000034, -6.303297704999977, 0.0 ], [ 106.83716340400008, -6.303307652999933, 0.0 ], [ 106.837165962000086, -6.303333344999942, 0.0 ], [ 106.837165811000034, -6.30340141299996, 0.0 ], [ 106.837165786000071, -6.303412394999953, 0.0 ], [ 106.837165778000042, -6.303416357999936, 0.0 ], [ 106.837165723000055, -6.303440402999968, 0.0 ], [ 106.837165590000041, -6.30349936999994, 0.0 ], [ 106.837165532000085, -6.303525180999941, 0.0 ], [ 106.837165501000072, -6.303539400999966, 0.0 ], [ 106.837165406000054, -6.303582382999934, 0.0 ], [ 106.837170749000052, -6.303622134999955, 0.0 ], [ 106.837172082000052, -6.303630475999967, 0.0 ], [ 106.837172656000064, -6.303634059999979, 0.0 ], [ 106.837174727000047, -6.303647009999963, 0.0 ], [ 106.837174952000055, -6.303648409999937, 0.0 ], [ 106.837178549000043, -6.303663048999965, 0.0 ], [ 106.83718211200005, -6.303677548999929, 0.0 ], [ 106.837190016000079, -6.303709731999959, 0.0 ], [ 106.837190106000037, -6.303710098999943, 0.0 ], [ 106.837195701000041, -6.303723052999942, 0.0 ], [ 106.83719822200004, -6.303728888999956, 0.0 ], [ 106.837206192000053, -6.303753608999955, 0.0 ], [ 106.837220561000038, -6.30379818199998, 0.0 ], [ 106.837231730000042, -6.303843221999955, 0.0 ], [ 106.837233585000035, -6.303850699999941, 0.0 ], [ 106.837238085000081, -6.303868845999943, 0.0 ], [ 106.837246524000079, -6.303916760999925, 0.0 ], [ 106.837248910000085, -6.303930307999963, 0.0 ], [ 106.837250715000039, -6.303940548999947, 0.0 ], [ 106.837258390000045, -6.304012950999947, 0.0 ], [ 106.837259032000077, -6.304030424999951, 0.0 ], [ 106.837260643000036, -6.304074118999949, 0.0 ], [ 106.837261069000078, -6.304085707999945, 0.0 ], [ 106.837263492000034, -6.304132718999938, 0.0 ], [ 106.837263519000032, -6.304174210999975, 0.0 ], [ 106.837262974000055, -6.304203122999979, 0.0 ], [ 106.837261331000036, -6.30423198799997, 0.0 ], [ 106.837259846000052, -6.304255007999927, 0.0 ], [ 106.837257854000086, -6.304286240999943, 0.0 ], [ 106.837254717000064, -6.304322296999942, 0.0 ], [ 106.83725172700008, -6.304356668999958, 0.0 ], [ 106.837245425000049, -6.304435851999926, 0.0 ], [ 106.837239124000064, -6.304515036999931, 0.0 ], [ 106.837237728000048, -6.304544841999927, 0.0 ], [ 106.837237147000053, -6.304593697999962, 0.0 ], [ 106.83723679700006, -6.304623168999967, 0.0 ], [ 106.837237267000035, -6.304659692999962, 0.0 ], [ 106.837242701000037, -6.304742043999966, 0.0 ], [ 106.837253264000083, -6.304829796999968, 0.0 ], [ 106.837253716000077, -6.304832856999951, 0.0 ], [ 106.837256031000038, -6.304848549999974, 0.0 ], [ 106.837260095000033, -6.30485970899997, 0.0 ], [ 106.837270983000053, -6.304889614999979, 0.0 ], [ 106.837281545000053, -6.304938296999978, 0.0 ], [ 106.837288047000072, -6.304971336999927, 0.0 ], [ 106.837294494000048, -6.304998882999939, 0.0 ], [ 106.837301062000051, -6.305043320999971, 0.0 ], [ 106.837307809000038, -6.305133349999949, 0.0 ], [ 106.837309700000048, -6.305170447999956, 0.0 ], [ 106.837311179000039, -6.30520818399998, 0.0 ], [ 106.837316761000068, -6.305274983999936, 0.0 ], [ 106.837320049000084, -6.305336411999974, 0.0 ], [ 106.837320954000063, -6.305356063999966, 0.0 ], [ 106.83732090400008, -6.305356486999926, 0.0 ], [ 106.837321210000084, -6.305363787999966, 0.0 ], [ 106.837322247000088, -6.305388457999925, 0.0 ], [ 106.837322310000047, -6.305396044999952, 0.0 ], [ 106.837322676000042, -6.305440775999955, 0.0 ], [ 106.83732271100007, -6.305445172999953, 0.0 ], [ 106.837323219000041, -6.305507042999977, 0.0 ], [ 106.837322197000049, -6.305545306999932, 0.0 ], [ 106.837322193000034, -6.305545473999928, 0.0 ], [ 106.837322018000066, -6.305552001999956, 0.0 ], [ 106.837320825000063, -6.305596682999976, 0.0 ], [ 106.837320168000076, -6.305607020999958, 0.0 ], [ 106.837317101000053, -6.305655405999971, 0.0 ], [ 106.837316913000052, -6.305658360999928, 0.0 ], [ 106.837315617000058, -6.305678791999981, 0.0 ], [ 106.837313003000077, -6.305720040999972, 0.0 ], [ 106.837312682000061, -6.30572202999997, 0.0 ], [ 106.837308721000056, -6.305746603999978, 0.0 ], [ 106.837306112000078, -6.305761361999942, 0.0 ], [ 106.837305997000044, -6.30576201599996, 0.0 ], [ 106.837302565000073, -6.305781454999931, 0.0 ], [ 106.837296886000047, -6.305813597999929, 0.0 ], [ 106.837294690000078, -6.305826025999977, 0.0 ], [ 106.837288795000063, -6.30585939599996, 0.0 ], [ 106.837286516000063, -6.305872293999926, 0.0 ], [ 106.837285933000032, -6.305875599999979, 0.0 ], [ 106.837283690000049, -6.305888286999959, 0.0 ], [ 106.837272505000044, -6.305951605999951, 0.0 ], [ 106.837270757000056, -6.305961502999935, 0.0 ], [ 106.837266353000075, -6.305986434999966, 0.0 ], [ 106.837263330000042, -6.306003552999925, 0.0 ], [ 106.837261356000056, -6.306014716999925, 0.0 ], [ 106.837259708000033, -6.306024054999966, 0.0 ], [ 106.837259079000034, -6.306027608999955, 0.0 ], [ 106.83725886600007, -6.306028812999955, 0.0 ], [ 106.837258177000081, -6.306032708999965, 0.0 ], [ 106.837248610000074, -6.30608687299997, 0.0 ], [ 106.837247923000064, -6.306090763999975, 0.0 ], [ 106.837245653000082, -6.306103614999927, 0.0 ], [ 106.837239515000078, -6.306138356999952, 0.0 ], [ 106.837235583000052, -6.306160607999971, 0.0 ], [ 106.837229619000084, -6.306193687999951, 0.0 ], [ 106.837228894000077, -6.306197709999935, 0.0 ], [ 106.837225249000085, -6.306217925999931, 0.0 ], [ 106.837223132000076, -6.306229671999972, 0.0 ], [ 106.837221639000063, -6.306237952999936, 0.0 ], [ 106.837218027000063, -6.306257980999931, 0.0 ], [ 106.837214825000046, -6.306275741999968, 0.0 ], [ 106.837212071000067, -6.306291019999946, 0.0 ], [ 106.83721210300007, -6.306292052999936, 0.0 ], [ 106.83720991000007, -6.306305192999957, 0.0 ], [ 106.837206949000063, -6.306329989999938, 0.0 ], [ 106.837206923000053, -6.30633020099998, 0.0 ], [ 106.837206537000043, -6.306333441999925, 0.0 ], [ 106.837202945000058, -6.30636353999995, 0.0 ], [ 106.837202042000058, -6.306373982999958, 0.0 ], [ 106.837200433000078, -6.306392614999936, 0.0 ], [ 106.837199068000075, -6.306410676999974, 0.0 ], [ 106.837198105000084, -6.306423443999961, 0.0 ], [ 106.837196300000073, -6.30645497699993, 0.0 ], [ 106.837196264000056, -6.306455571999948, 0.0 ], [ 106.837195610000038, -6.306467012999974, 0.0 ], [ 106.837195551000036, -6.306479180999929, 0.0 ], [ 106.83719549500006, -6.306490485999973, 0.0 ], [ 106.837195380000082, -6.306513552999945, 0.0 ], [ 106.837195230000077, -6.306526955999971, 0.0 ], [ 106.837194996000051, -6.306547762999969, 0.0 ], [ 106.837194605000036, -6.306582610999953, 0.0 ], [ 106.837194388000057, -6.306587036999929, 0.0 ], [ 106.83719392900008, -6.306596455999966, 0.0 ], [ 106.837192508000044, -6.30662558399996, 0.0 ], [ 106.837191953000058, -6.306636955999977, 0.0 ], [ 106.837191695000058, -6.306642238999927, 0.0 ], [ 106.837191053000083, -6.306655396999929, 0.0 ], [ 106.837191042000086, -6.306655620999948, 0.0 ], [ 106.837188668000067, -6.306704224999976, 0.0 ], [ 106.837187611000047, -6.306725847999928, 0.0 ], [ 106.83718594700008, -6.306760133999944, 0.0 ], [ 106.837184315000059, -6.306793740999979, 0.0 ], [ 106.837181870000052, -6.306846397999948, 0.0 ], [ 106.837181461000057, -6.306855199999973, 0.0 ], [ 106.837180924000052, -6.306866767999963, 0.0 ], [ 106.837180628000056, -6.306873122999946, 0.0 ], [ 106.837177531000066, -6.306939794999948, 0.0 ], [ 106.837175444000081, -6.306984734999958, 0.0 ], [ 106.837175128000069, -6.30699154499996, 0.0 ], [ 106.837174871000059, -6.306997098999943, 0.0 ], [ 106.837174140000059, -6.307012821999933, 0.0 ], [ 106.837173705000055, -6.307024141999932, 0.0 ], [ 106.837170815000036, -6.307099122999944, 0.0 ], [ 106.837170513000046, -6.307106948999945, 0.0 ], [ 106.837168801000075, -6.307151443999942, 0.0 ], [ 106.837168209000083, -6.307166773999938, 0.0 ], [ 106.837167828000076, -6.307176686999981, 0.0 ], [ 106.837165484000082, -6.307237499999928, 0.0 ], [ 106.837164921000067, -6.307252150999943, 0.0 ], [ 106.83716455800004, -6.307261556999947, 0.0 ], [ 106.837162791000083, -6.307307413999979, 0.0 ], [ 106.837162699000032, -6.307309797999949, 0.0 ], [ 106.837160956000048, -6.307355037999969, 0.0 ], [ 106.837160778000055, -6.307359657999939, 0.0 ], [ 106.837155502000087, -6.307389573999956, 0.0 ], [ 106.83715525000008, -6.30739101599994, 0.0 ], [ 106.837146808000057, -6.307438884999954, 0.0 ], [ 106.837141959000064, -6.307466378999948, 0.0 ], [ 106.837137515000052, -6.307491571999947, 0.0 ], [ 106.837132721000046, -6.307518762999962, 0.0 ], [ 106.837128414000063, -6.307543184999929, 0.0 ], [ 106.837121, -6.307585220999954, 0.0 ], [ 106.837120707000054, -6.307586884999978, 0.0 ], [ 106.837118069000041, -6.307601842999929, 0.0 ], [ 106.837117480000074, -6.307605175999981, 0.0 ], [ 106.837106548000065, -6.307667164999941, 0.0 ], [ 106.837101507000057, -6.307698839999944, 0.0 ], [ 106.83709560300008, -6.307735932999947, 0.0 ], [ 106.837094188000037, -6.307744817999946, 0.0 ], [ 106.837085693000063, -6.307798181999942, 0.0 ], [ 106.837081828000066, -6.307822472999931, 0.0 ], [ 106.837081742000066, -6.307823010999925, 0.0 ], [ 106.837076386000035, -6.307856652999931, 0.0 ], [ 106.837074027000085, -6.307871470999942, 0.0 ], [ 106.837072597000088, -6.307880457999943, 0.0 ], [ 106.837069468000038, -6.307900123999957, 0.0 ], [ 106.837063650000061, -6.307937380999931, 0.0 ], [ 106.837058522000063, -6.307970247999947, 0.0 ], [ 106.837056613000073, -6.307982476999939, 0.0 ], [ 106.837054710000075, -6.307994673999929, 0.0 ], [ 106.837052994000032, -6.308005668999954, 0.0 ], [ 106.837050336000061, -6.308022696999956, 0.0 ], [ 106.837046515000054, -6.308047183999975, 0.0 ], [ 106.837048692000053, -6.308055758999956, 0.0 ], [ 106.837054091000084, -6.308077026999968, 0.0 ], [ 106.837054974000068, -6.308081770999934, 0.0 ], [ 106.837060093000048, -6.308109272999957, 0.0 ], [ 106.837065428000074, -6.308163020999928, 0.0 ], [ 106.837066077000088, -6.308169561999932, 0.0 ], [ 106.837060288000089, -6.308198526999945, 0.0 ], [ 106.83705980700006, -6.308200934999945, 0.0 ], [ 106.837057991000052, -6.308210031999977, 0.0 ], [ 106.837045668000087, -6.308271694999974, 0.0 ], [ 106.837044199000047, -6.308279044999949, 0.0 ], [ 106.837043701000084, -6.308281536999971, 0.0 ], [ 106.837042764000046, -6.308286158999977, 0.0 ], [ 106.837035064000077, -6.308324089999928, 0.0 ], [ 106.837033434000034, -6.308332114999928, 0.0 ], [ 106.837029534000067, -6.30834836799994, 0.0 ], [ 106.837025620000077, -6.308364671999925, 0.0 ], [ 106.837021948000086, -6.308379977999948, 0.0 ], [ 106.837021322000055, -6.308382577999964, 0.0 ], [ 106.83702048400005, -6.308386069999926, 0.0 ], [ 106.837010619000068, -6.308427170999948, 0.0 ], [ 106.837007558000039, -6.30843992399997, 0.0 ], [ 106.837000978000049, -6.308467339999936, 0.0 ], [ 106.836995746000071, -6.308486320999975, 0.0 ], [ 106.836994545000039, -6.308490672999937, 0.0 ], [ 106.83699200500007, -6.308499885999936, 0.0 ], [ 106.836982226000089, -6.308535358999961, 0.0 ], [ 106.836981827000045, -6.308536807999928, 0.0 ], [ 106.836973969000042, -6.308565312999974, 0.0 ], [ 106.836971175000087, -6.308575449999978, 0.0 ], [ 106.836968229000036, -6.308586134999928, 0.0 ], [ 106.836966466000035, -6.308592516999965, 0.0 ], [ 106.836961975000065, -6.308608712999956, 0.0 ], [ 106.836956349000047, -6.308628731999931, 0.0 ], [ 106.836952977000067, -6.308640733999937, 0.0 ], [ 106.836952325000084, -6.308644509999965, 0.0 ], [ 106.836949164000089, -6.308662768999966, 0.0 ], [ 106.83694403700008, -6.308692383999926, 0.0 ], [ 106.836943090000034, -6.308697854999934, 0.0 ], [ 106.836939763000032, -6.308717080999941, 0.0 ], [ 106.836937662000082, -6.308729217999939, 0.0 ], [ 106.836933635000037, -6.308752479999953, 0.0 ], [ 106.836930743000039, -6.308769181999935, 0.0 ], [ 106.836926046000087, -6.308796318999953, 0.0 ], [ 106.836924546000034, -6.308804992999967, 0.0 ], [ 106.836914986000068, -6.308860213999935, 0.0 ], [ 106.836914527000033, -6.308862872999953, 0.0 ], [ 106.836911734000068, -6.308879008999952, 0.0 ], [ 106.836906605000081, -6.308908628999973, 0.0 ], [ 106.836906250000084, -6.308910684999944, 0.0 ], [ 106.836904863000086, -6.308918698999946, 0.0 ], [ 106.836899287000051, -6.308948858999941, 0.0 ], [ 106.836892997000064, -6.30898286799993, 0.0 ], [ 106.836890833000041, -6.308994566999957, 0.0 ], [ 106.836886291000042, -6.309019114999955, 0.0 ], [ 106.836881541000082, -6.30904480199996, 0.0 ], [ 106.836880532000066, -6.309050253999942, 0.0 ], [ 106.836872248000077, -6.309095037999953, 0.0 ], [ 106.836871870000039, -6.309097082999926, 0.0 ], [ 106.836862624000048, -6.309147079999946, 0.0 ], [ 106.836862431000043, -6.309148121999954, 0.0 ], [ 106.83685538800006, -6.309185674999981, 0.0 ], [ 106.836851473000081, -6.309206553999957, 0.0 ], [ 106.836851358000047, -6.309207132999973, 0.0 ], [ 106.836844618000043, -6.309240953999961, 0.0 ], [ 106.836842620000084, -6.309250973999951, 0.0 ], [ 106.836829963000071, -6.309314488999973, 0.0 ], [ 106.836827893000077, -6.309324871999934, 0.0 ], [ 106.836818612000059, -6.309371440999939, 0.0 ], [ 106.836807262000036, -6.309428391999973, 0.0 ], [ 106.836796086000049, -6.309478527999943, 0.0 ], [ 106.836782750000054, -6.309538354999972, 0.0 ], [ 106.836771462000058, -6.309588995999945, 0.0 ], [ 106.836758323000083, -6.309647936999966, 0.0 ], [ 106.836755726000035, -6.309659584999963, 0.0 ], [ 106.836738431000072, -6.309725832999959, 0.0 ], [ 106.836724806000063, -6.30978214299995, 0.0 ], [ 106.836712175000059, -6.309847, 0.0 ], [ 106.836699544000055, -6.309911857999964, 0.0 ], [ 106.836695036000037, -6.309945070999959, 0.0 ], [ 106.836691146000078, -6.309973735999961, 0.0 ], [ 106.836682747000054, -6.310035612999968, 0.0 ], [ 106.836674348000088, -6.310097490999965, 0.0 ], [ 106.836667828000088, -6.310147373999939, 0.0 ], [ 106.836661307000043, -6.31019725799996, 0.0 ], [ 106.836654689000056, -6.310272617999942, 0.0 ], [ 106.836650507000058, -6.310342978999927, 0.0 ], [ 106.836649424000086, -6.31037693299993, 0.0 ], [ 106.836648796000077, -6.310396613999956, 0.0 ], [ 106.836647086000085, -6.310450248999928, 0.0 ], [ 106.836648315000048, -6.310527590999925, 0.0 ], [ 106.836649545000057, -6.310604933999969, 0.0 ], [ 106.836651739000047, -6.310630430999936, 0.0 ], [ 106.836655076000056, -6.310669206999933, 0.0 ], [ 106.836661807000041, -6.310728586999971, 0.0 ], [ 106.836664838000047, -6.310750792999954, 0.0 ], [ 106.836669795000034, -6.310787091999941, 0.0 ], [ 106.836668810000049, -6.310823795999966, 0.0 ], [ 106.836663541000064, -6.310851610999975, 0.0 ], [ 106.836648359000037, -6.310899652999979, 0.0 ], [ 106.836642588000075, -6.310938995999948, 0.0 ], [ 106.836636816000066, -6.310978338999973, 0.0 ], [ 106.836633771000038, -6.311002909999957, 0.0 ], [ 106.836629778000088, -6.311045330999946, 0.0 ], [ 106.836626588000058, -6.311093975999938, 0.0 ], [ 106.83662339600005, -6.311142621999977, 0.0 ], [ 106.836620681000056, -6.311201594999943, 0.0 ], [ 106.836617965000073, -6.311260569999945, 0.0 ], [ 106.836614792000034, -6.31132495199995, 0.0 ], [ 106.836611420000054, -6.311387814999932, 0.0 ], [ 106.836606564000078, -6.311450271999945, 0.0 ], [ 106.836601579000046, -6.311514398999975, 0.0 ], [ 106.836595935000048, -6.311581602999979, 0.0 ], [ 106.836594705000039, -6.311593174999928, 0.0 ], [ 106.836589555000046, -6.311641591999944, 0.0 ], [ 106.836581581000075, -6.311716592999971, 0.0 ], [ 106.836573864000059, -6.311781931999974, 0.0 ], [ 106.836564592000059, -6.311850578999952, 0.0 ], [ 106.836554567000064, -6.311924800999975, 0.0 ], [ 106.836547405000033, -6.311971613999958, 0.0 ], [ 106.836545324000042, -6.311984308999968, 0.0 ], [ 106.83654301100006, -6.31199840499994, 0.0 ], [ 106.836541518000047, -6.312007502999961, 0.0 ], [ 106.836538842000039, -6.312023812999939, 0.0 ], [ 106.836536008000053, -6.312041098999941, 0.0 ], [ 106.83653047100006, -6.312074858999949, 0.0 ], [ 106.836525331000075, -6.312106180999933, 0.0 ], [ 106.836525150000057, -6.312107175999927, 0.0 ], [ 106.836521558000072, -6.31212684299993, 0.0 ], [ 106.836513681000042, -6.312169973999971, 0.0 ], [ 106.83650934800005, -6.312192404999962, 0.0 ], [ 106.836506747000044, -6.312205854999945, 0.0 ], [ 106.836503556000082, -6.312222363999979, 0.0 ], [ 106.836494477000087, -6.312269328999946, 0.0 ], [ 106.836491784000089, -6.31228234799994, 0.0 ], [ 106.836490716000071, -6.312287509999976, 0.0 ], [ 106.83648923800007, -6.312294646999931, 0.0 ], [ 106.836486565000087, -6.312307569999973, 0.0 ], [ 106.83648234900005, -6.312327945999925, 0.0 ], [ 106.836476837000077, -6.312354588999938, 0.0 ], [ 106.836473467000076, -6.312369710999974, 0.0 ], [ 106.83647028200005, -6.312384001999931, 0.0 ], [ 106.836465997000062, -6.312403224999969, 0.0 ], [ 106.83646123300008, -6.312424606999969, 0.0 ], [ 106.83645903300004, -6.312434478999933, 0.0 ], [ 106.836446713000043, -6.312489763999963, 0.0 ], [ 106.836445014000049, -6.312497386999951, 0.0 ], [ 106.836446274000082, -6.312497532999942, 0.0 ], [ 106.836447867000061, -6.312497718999964, 0.0 ], [ 106.83644406500008, -6.31250270299995, 0.0 ], [ 106.836419445000047, -6.312640711999961, 0.0 ], [ 106.836303903000044, -6.31328840599997, 0.0 ], [ 106.836292964000052, -6.313439865999953, 0.0 ], [ 106.836292939000089, -6.313440213999968, 0.0 ], [ 106.836282203000053, -6.313588855999967, 0.0 ], [ 106.836256029000083, -6.313951238999948, 0.0 ], [ 106.836228229000085, -6.314090454999928, 0.0 ], [ 106.836226526000075, -6.314098982999951, 0.0 ], [ 106.836209588000088, -6.314183810999964, 0.0 ], [ 106.83617231900007, -6.314370445999941, 0.0 ], [ 106.83616358900008, -6.314414166999939, 0.0 ], [ 106.836145602000045, -6.314504242999931, 0.0 ], [ 106.836143286000038, -6.314514361999954, 0.0 ], [ 106.836109238000063, -6.314663074999942, 0.0 ], [ 106.836106294000047, -6.314711661999979, 0.0 ], [ 106.836090317000071, -6.314817282999968, 0.0 ], [ 106.836078860000043, -6.314893019999943, 0.0 ], [ 106.836070280000058, -6.314949740999964, 0.0 ], [ 106.836064209000085, -6.314989877999949, 0.0 ], [ 106.836043649000032, -6.315121447999957, 0.0 ], [ 106.836032893000038, -6.31519028799994, 0.0 ], [ 106.836029138000072, -6.315214322999964, 0.0 ], [ 106.836016576000077, -6.315268866999929, 0.0 ], [ 106.835993264000081, -6.315370101999974, 0.0 ], [ 106.835964758000046, -6.315493887999935, 0.0 ], [ 106.835959527000057, -6.315516604999971, 0.0 ], [ 106.835954359000084, -6.315539042999944, 0.0 ], [ 106.835947302000079, -6.315569690999951, 0.0 ], [ 106.835930935000079, -6.315670223999973, 0.0 ], [ 106.835930610000048, -6.315673482999955, 0.0 ], [ 106.835927798000057, -6.31570173199998, 0.0 ], [ 106.835914434000074, -6.315835977999939, 0.0 ], [ 106.835913285000061, -6.315856685999961, 0.0 ], [ 106.835911697000085, -6.315885254999955, 0.0 ], [ 106.835905228000058, -6.31600171599996, 0.0 ], [ 106.835905084000046, -6.316004311999961, 0.0 ], [ 106.835909762000085, -6.316111856999953, 0.0 ], [ 106.835908869000036, -6.316145805999952, 0.0 ], [ 106.835907427000052, -6.316200699999968, 0.0 ], [ 106.835903526000038, -6.316215904999979, 0.0 ], [ 106.835890394000046, -6.316267111999935, 0.0 ], [ 106.835884043000078, -6.316291879999937, 0.0 ], [ 106.835879699000088, -6.316304039999977, 0.0 ], [ 106.835853550000081, -6.31637724899997, 0.0 ], [ 106.835848970000086, -6.316390074999958, 0.0 ], [ 106.835810514000059, -6.316470473999971, 0.0 ], [ 106.835797088000049, -6.316498541999977, 0.0 ], [ 106.83577180900005, -6.31655139399993, 0.0 ], [ 106.835770310000044, -6.316553883999973, 0.0 ], [ 106.835720190000075, -6.316637134999951, 0.0 ], [ 106.835710084000084, -6.316653918999975, 0.0 ], [ 106.835705205000068, -6.316662023999925, 0.0 ], [ 106.835686202000034, -6.316693589999943, 0.0 ], [ 106.835677085000043, -6.316713147999963, 0.0 ], [ 106.835669331000076, -6.316729778999957, 0.0 ], [ 106.835669245000076, -6.316729962999943, 0.0 ], [ 106.835667188000059, -6.316734375999943, 0.0 ], [ 106.835663017000059, -6.316743323999958, 0.0 ], [ 106.835636304000047, -6.316800622999949, 0.0 ], [ 106.835635625000066, -6.316802080999935, 0.0 ], [ 106.835630237000032, -6.316813638999975, 0.0 ], [ 106.835621245000084, -6.316832928999929, 0.0 ], [ 106.835615560000065, -6.316845121999961, 0.0 ], [ 106.835604061000083, -6.316869785999927, 0.0 ], [ 106.835596297000052, -6.316886440999951, 0.0 ], [ 106.835593903000074, -6.316891576999978, 0.0 ], [ 106.835575444000085, -6.316931171999954, 0.0 ], [ 106.835572499000079, -6.31693748999993, 0.0 ], [ 106.835559876000048, -6.316956827999945, 0.0 ], [ 106.835547207000047, -6.316976237999938, 0.0 ], [ 106.835547156000075, -6.316976317999945, 0.0 ], [ 106.835523667000075, -6.317012300999977, 0.0 ], [ 106.83547483600006, -6.317087112999957, 0.0 ], [ 106.835426005000045, -6.317161923999947, 0.0 ], [ 106.835401680000075, -6.317224846999977, 0.0 ], [ 106.835377354000059, -6.31728776999995, 0.0 ], [ 106.835353029000032, -6.31735069299998, 0.0 ], [ 106.835344697000039, -6.317428914999937, 0.0 ], [ 106.835336365000046, -6.317507137999939, 0.0 ], [ 106.835330815000077, -6.317559247999952, 0.0 ], [ 106.835330495000051, -6.317562245999966, 0.0 ], [ 106.835328033000053, -6.317585359999953, 0.0 ], [ 106.835323603000063, -6.31762695499998, 0.0 ], [ 106.835319702000049, -6.317663584999934, 0.0 ], [ 106.835319541000047, -6.317665090999981, 0.0 ], [ 106.835317971000052, -6.317679828999928, 0.0 ], [ 106.835317141000075, -6.317687631999945, 0.0 ], [ 106.835315684000079, -6.31770131199994, 0.0 ], [ 106.83531299100008, -6.317726593999964, 0.0 ], [ 106.835311369000067, -6.317741805999958, 0.0 ], [ 106.835310362000087, -6.317751271999953, 0.0 ], [ 106.835306845000048, -6.317784296999946, 0.0 ], [ 106.835305050000045, -6.31780114399993, 0.0 ], [ 106.835304615000041, -6.317805227999941, 0.0 ], [ 106.835304350000058, -6.317807713999969, 0.0 ], [ 106.835303115000045, -6.317819322999981, 0.0 ], [ 106.835303039000053, -6.317820028999961, 0.0 ], [ 106.835302885000033, -6.317821475999949, 0.0 ], [ 106.835302314000046, -6.317826823999951, 0.0 ], [ 106.835300075000077, -6.31784784599995, 0.0 ], [ 106.835299772000042, -6.317850689999943, 0.0 ], [ 106.835298543000079, -6.317862223999953, 0.0 ], [ 106.835295267000049, -6.317892989999962, 0.0 ], [ 106.83529470600007, -6.317898250999974, 0.0 ], [ 106.835290417000067, -6.317924056999971, 0.0 ], [ 106.835290065000038, -6.317926171999943, 0.0 ], [ 106.835286468000049, -6.31794780499996, 0.0 ], [ 106.835283864000075, -6.317963463999945, 0.0 ], [ 106.835280668000053, -6.317982685999937, 0.0 ], [ 106.835280284000078, -6.317984997999929, 0.0 ], [ 106.835275587000069, -6.318013242999939, 0.0 ], [ 106.835271717000069, -6.318036519999964, 0.0 ], [ 106.83526782000007, -6.318059956999946, 0.0 ], [ 106.835267206000083, -6.318063650999932, 0.0 ], [ 106.835266501000035, -6.318067897999981, 0.0 ], [ 106.83526586000005, -6.318071744999941, 0.0 ], [ 106.835264749000032, -6.318078426999932, 0.0 ], [ 106.835261679000041, -6.318096897999965, 0.0 ], [ 106.835255689000064, -6.318132924999929, 0.0 ], [ 106.83525508300005, -6.318136574999926, 0.0 ], [ 106.835251440000036, -6.318158492999942, 0.0 ], [ 106.83525067000005, -6.318163125999945, 0.0 ], [ 106.835246787000074, -6.318186470999933, 0.0 ], [ 106.835244420000038, -6.318200697999941, 0.0 ], [ 106.835241235000069, -6.318219856999974, 0.0 ], [ 106.835215854000069, -6.318382550999956, 0.0 ], [ 106.835215486000038, -6.318382583999949, 0.0 ], [ 106.83518775400006, -6.318385102999969, 0.0 ], [ 106.835170599000037, -6.318386661999966, 0.0 ], [ 106.835168771000042, -6.318386826999927, 0.0 ], [ 106.835154338000052, -6.318387037999969, 0.0 ], [ 106.835142770000061, -6.318387207999933, 0.0 ], [ 106.835061182000061, -6.318388402999972, 0.0 ], [ 106.835024098000076, -6.318387671999972, 0.0 ], [ 106.834985799000037, -6.318386918999977, 0.0 ], [ 106.834951810000064, -6.31838322599998, 0.0 ], [ 106.83493941200004, -6.318381876999979, 0.0 ], [ 106.834910839000088, -6.31837877199996, 0.0 ], [ 106.834887281000078, -6.318374073999962, 0.0 ], [ 106.834878416000038, -6.318372305999958, 0.0 ], [ 106.834853398000064, -6.318367318999947, 0.0 ], [ 106.834836894000034, -6.318364027999962, 0.0 ], [ 106.834800286000075, -6.318353287999969, 0.0 ], [ 106.83478139500005, -6.318347745999972, 0.0 ], [ 106.834764540000037, -6.318342800999972, 0.0 ], [ 106.834687747000032, -6.318319490999954, 0.0 ], [ 106.834647916000051, -6.318305101999954, 0.0 ], [ 106.834647439000037, -6.318304929999954, 0.0 ], [ 106.834640440000044, -6.318302399999936, 0.0 ], [ 106.834612267000068, -6.318292221999968, 0.0 ], [ 106.83456843600004, -6.318273757999975, 0.0 ], [ 106.834538305000081, -6.318261064999945, 0.0 ], [ 106.834529781000072, -6.318256202999976, 0.0 ], [ 106.83448297800004, -6.318229506999955, 0.0 ], [ 106.834469023000054, -6.318221545999961, 0.0 ], [ 106.834422896000035, -6.318195234999962, 0.0 ], [ 106.834387739000078, -6.318175182999937, 0.0 ], [ 106.834358575000067, -6.318158547999928, 0.0 ], [ 106.834281956000041, -6.318114843999979, 0.0 ], [ 106.834275964000085, -6.318111667999972, 0.0 ], [ 106.834269580000068, -6.31810891799995, 0.0 ], [ 106.834253908000051, -6.318102171999953, 0.0 ], [ 106.834247953000045, -6.318100137999977, 0.0 ], [ 106.834229642000082, -6.318096985999944, 0.0 ], [ 106.834211062000065, -6.31809676499995, 0.0 ], [ 106.83420213800008, -6.318098081999949, 0.0 ], [ 106.834197610000047, -6.318098749999933, 0.0 ], [ 106.834192681000047, -6.318099476999976, 0.0 ], [ 106.834174958000062, -6.318105057999958, 0.0 ], [ 106.834158337000076, -6.318113365999977, 0.0 ], [ 106.834129842000038, -6.318131391999941, 0.0 ], [ 106.834103656000082, -6.318152632999954, 0.0 ], [ 106.834080136000068, -6.318176796999978, 0.0 ], [ 106.833977172000061, -6.318263639999941, 0.0 ], [ 106.833904681000035, -6.318324780999944, 0.0 ], [ 106.833874372000082, -6.318354394999972, 0.0 ], [ 106.83381032300008, -6.31841697699997, 0.0 ], [ 106.833782414000041, -6.318444444999955, 0.0 ], [ 106.833728357000041, -6.318497646999958, 0.0 ], [ 106.833695669000065, -6.318537470999956, 0.0 ], [ 106.83366755600008, -6.31858065199998, 0.0 ], [ 106.83364436100004, -6.318626665999943, 0.0 ], [ 106.833626365000043, -6.318674951999981, 0.0 ], [ 106.833623266000075, -6.318687266999973, 0.0 ], [ 106.833613787000047, -6.31872492499997, 0.0 ], [ 106.833606780000082, -6.318775979999941, 0.0 ], [ 106.833605427000066, -6.318827496999972, 0.0 ], [ 106.833605643000055, -6.318834484999968, 0.0 ], [ 106.833606175000057, -6.318851749999965, 0.0 ], [ 106.833603680000067, -6.318870776999972, 0.0 ], [ 106.833603021000044, -6.318875809999952, 0.0 ], [ 106.833602966000058, -6.318875993999939, 0.0 ], [ 106.833597113000053, -6.318895491999967, 0.0 ], [ 106.833596047000071, -6.318899047999935, 0.0 ], [ 106.833585435000089, -6.318920866999974, 0.0 ], [ 106.833566198000085, -6.318949762999978, 0.0 ], [ 106.83355756900005, -6.318962725999938, 0.0 ], [ 106.833545794000088, -6.318980415999931, 0.0 ], [ 106.83352209800006, -6.319016012999953, 0.0 ], [ 106.833470110000064, -6.319094113999938, 0.0 ], [ 106.833405863000053, -6.31919062999998, 0.0 ], [ 106.833333332000052, -6.319291573999976, 0.0 ], [ 106.83331527200005, -6.319322209999939, 0.0 ], [ 106.833312117000048, -6.319327562999945, 0.0 ], [ 106.833289218000061, -6.319362505999948, 0.0 ], [ 106.833281708000072, -6.31937430399995, 0.0 ], [ 106.833270077000066, -6.319392578999953, 0.0 ], [ 106.833259222000038, -6.319409631999974, 0.0 ], [ 106.833249701000057, -6.319424588999937, 0.0 ], [ 106.833242841000072, -6.319435369999951, 0.0 ], [ 106.833230613000069, -6.319456586999934, 0.0 ], [ 106.83322942500007, -6.319458647999966, 0.0 ], [ 106.833218659000067, -6.319477334999931, 0.0 ], [ 106.833203651000076, -6.319503382999926, 0.0 ], [ 106.833201414000087, -6.319507263999981, 0.0 ], [ 106.833199719000049, -6.31951020799994, 0.0 ], [ 106.833195730000057, -6.319517895999979, 0.0 ], [ 106.833186345000058, -6.319535980999945, 0.0 ], [ 106.833185112000081, -6.319538359999967, 0.0 ], [ 106.833170409000047, -6.319566699999939, 0.0 ], [ 106.833169066000039, -6.319569289999947, 0.0 ], [ 106.833164804000035, -6.319577501999959, 0.0 ], [ 106.833164016000069, -6.319579021999971, 0.0 ], [ 106.833159941000076, -6.319586877999939, 0.0 ], [ 106.833136937000063, -6.31963069699998, 0.0 ], [ 106.833129636000081, -6.319644602999972, 0.0 ], [ 106.833100781000041, -6.319699568999965, 0.0 ], [ 106.833094972000083, -6.319710632999943, 0.0 ], [ 106.833074443000044, -6.319749737999928, 0.0 ], [ 106.833065554000086, -6.319766669999979, 0.0 ], [ 106.833059558000059, -6.319778090999932, 0.0 ], [ 106.833030889000042, -6.31983269899996, 0.0 ], [ 106.833027517000062, -6.31983912499993, 0.0 ], [ 106.833004891000087, -6.319882224999958, 0.0 ], [ 106.832990835000032, -6.31990899799996, 0.0 ], [ 106.832990211000038, -6.319909793999955, 0.0 ], [ 106.832984262000082, -6.319917378999946, 0.0 ], [ 106.83297303900008, -6.319931693999933, 0.0 ], [ 106.832966703000068, -6.319939774999966, 0.0 ], [ 106.832943970000088, -6.319968767999967, 0.0 ], [ 106.832920897000065, -6.319995134999942, 0.0 ], [ 106.832916867000051, -6.319999736999932, 0.0 ], [ 106.832897428000081, -6.320021947999976, 0.0 ], [ 106.832894318000058, -6.320025502999954, 0.0 ], [ 106.832893949000038, -6.320025922999946, 0.0 ], [ 106.832867520000036, -6.320053022999957, 0.0 ], [ 106.832862869000053, -6.320057793999979, 0.0 ], [ 106.832859266000071, -6.32006148499994, 0.0 ], [ 106.832857411000077, -6.320063388999927, 0.0 ], [ 106.832840923000049, -6.320080295999958, 0.0 ], [ 106.832822891000035, -6.320096889999945, 0.0 ], [ 106.832817098000078, -6.320102220999956, 0.0 ], [ 106.832797035000056, -6.320120684999949, 0.0 ], [ 106.832788555000036, -6.320128489999945, 0.0 ], [ 106.832785040000033, -6.320131725999943, 0.0 ], [ 106.832758220000073, -6.320156213999951, 0.0 ], [ 106.832752516000085, -6.320161421999956, 0.0 ], [ 106.83274605400004, -6.320167322999964, 0.0 ], [ 106.83272583300004, -6.320185787999947, 0.0 ], [ 106.832724312000039, -6.320187174999944, 0.0 ], [ 106.832716954000034, -6.320194924999953, 0.0 ], [ 106.832688749000056, -6.320224619999976, 0.0 ], [ 106.832686941000077, -6.320226522999974, 0.0 ], [ 106.832673013000033, -6.320241187999954, 0.0 ], [ 106.832667055000059, -6.320248053999933, 0.0 ], [ 106.832659264000085, -6.320257033999951, 0.0 ], [ 106.832647717000043, -6.320271066999965, 0.0 ], [ 106.832641334000073, -6.320278825999935, 0.0 ], [ 106.832641161000083, -6.320279034999942, 0.0 ], [ 106.832615429000043, -6.320310308999979, 0.0 ], [ 106.832610043000045, -6.320318466999936, 0.0 ], [ 106.832602590000079, -6.320329753999943, 0.0 ], [ 106.832580664000034, -6.32036296299998, 0.0 ], [ 106.832577538000066, -6.320367697999927, 0.0 ], [ 106.832559308000043, -6.320395306999956, 0.0 ], [ 106.832529315000045, -6.320440732999941, 0.0 ], [ 106.832513911000035, -6.320464064999953, 0.0 ], [ 106.832498298000075, -6.320487710999942, 0.0 ], [ 106.83246818300006, -6.32053332299995, 0.0 ], [ 106.832461123000087, -6.320544014999939, 0.0 ], [ 106.83244376500005, -6.320570305999979, 0.0 ], [ 106.832442173000061, -6.320572812999956, 0.0 ], [ 106.832407661000047, -6.320627176999949, 0.0 ], [ 106.832383459000084, -6.320665297999938, 0.0 ], [ 106.832351918000086, -6.320714979999934, 0.0 ], [ 106.832350795000082, -6.320716749999974, 0.0 ], [ 106.832330166000077, -6.320749243999956, 0.0 ], [ 106.832325862000062, -6.32075602599997, 0.0 ], [ 106.832292780000046, -6.320808133999947, 0.0 ], [ 106.832287526000073, -6.320816411999942, 0.0 ], [ 106.832279864000043, -6.320828479999932, 0.0 ], [ 106.832276782000065, -6.320833336999954, 0.0 ], [ 106.83225658300006, -6.320876159999955, 0.0 ], [ 106.832249275000038, -6.320891654999969, 0.0 ], [ 106.832231094000065, -6.320930201999943, 0.0 ], [ 106.832219542000075, -6.32095469799998, 0.0 ], [ 106.832213282000055, -6.320967961999941, 0.0 ], [ 106.832211384000061, -6.320971990999965, 0.0 ], [ 106.832201634000057, -6.32099266299997, 0.0 ], [ 106.832195373000047, -6.32100593499996, 0.0 ], [ 106.832188184000074, -6.321022463999952, 0.0 ], [ 106.832179670000073, -6.321042039999952, 0.0 ], [ 106.832172574000083, -6.32105834999993, 0.0 ], [ 106.832171648000042, -6.321060477999936, 0.0 ], [ 106.832161357000075, -6.321084140999972, 0.0 ], [ 106.832151312000065, -6.321107233999953, 0.0 ], [ 106.832133614000043, -6.321147922999955, 0.0 ], [ 106.832119255000066, -6.321180933999926, 0.0 ], [ 106.832118640000033, -6.321182542999964, 0.0 ], [ 106.83210501700006, -6.321218234999947, 0.0 ], [ 106.832097397000041, -6.321238196999957, 0.0 ], [ 106.83209340600007, -6.321248654999977, 0.0 ], [ 106.832077518000062, -6.321281410999973, 0.0 ], [ 106.832067997000081, -6.32130104099997, 0.0 ], [ 106.832061773000078, -6.321313872999951, 0.0 ], [ 106.832047479000039, -6.321337803999938, 0.0 ], [ 106.832045984000047, -6.321340302999943, 0.0 ], [ 106.832035430000076, -6.321357973999966, 0.0 ], [ 106.832029669000065, -6.321367618999943, 0.0 ], [ 106.832025922000071, -6.321373889999961, 0.0 ], [ 106.832024602000047, -6.321376097999973, 0.0 ], [ 106.832013281000059, -6.321391774999938, 0.0 ], [ 106.831995901000084, -6.321415845999979, 0.0 ], [ 106.831983283000056, -6.321433317999947, 0.0 ], [ 106.831982172000039, -6.321434856999929, 0.0 ], [ 106.831969277000042, -6.321449787999939, 0.0 ], [ 106.831953191000082, -6.321441701999959, 0.0 ], [ 106.831934828000044, -6.321432472999959, 0.0 ], [ 106.831913381000049, -6.32142169399998, 0.0 ], [ 106.831857949000039, -6.321393832999945, 0.0 ], [ 106.831799978000049, -6.321371731999932, 0.0 ], [ 106.831784660000039, -6.32136761199996, 0.0 ], [ 106.831754007000086, -6.321359367999946, 0.0 ], [ 106.831751999000062, -6.321358827999973, 0.0 ], [ 106.831740072000059, -6.321355619999963, 0.0 ], [ 106.831663267000067, -6.321334006999962, 0.0 ], [ 106.831626651000079, -6.321323702999962, 0.0 ], [ 106.831586939000033, -6.321314798999936, 0.0 ], [ 106.831585819000054, -6.321314547999975, 0.0 ], [ 106.831533949000061, -6.321302918999947, 0.0 ], [ 106.831511683000087, -6.321297926999932, 0.0 ], [ 106.831455170000083, -6.321288412999934, 0.0 ], [ 106.831395496000084, -6.321278366999934, 0.0 ], [ 106.831357764000074, -6.321277078999969, 0.0 ], [ 106.831335667000076, -6.321276323999939, 0.0 ], [ 106.83126721800005, -6.321273987999973, 0.0 ], [ 106.831255175000081, -6.321273576999943, 0.0 ], [ 106.831208273000072, -6.321271655999965, 0.0 ], [ 106.831143486000087, -6.321268398999962, 0.0 ], [ 106.831060706000073, -6.321264235999934, 0.0 ], [ 106.830988381000054, -6.321258171999943, 0.0 ], [ 106.830847535000032, -6.321246361999954, 0.0 ], [ 106.830821866000065, -6.321243369999934, 0.0 ], [ 106.830635052000048, -6.321221583999943, 0.0 ], [ 106.830574763000072, -6.32121256299996, 0.0 ], [ 106.830552189000059, -6.32120918499993, 0.0 ], [ 106.830507449000038, -6.321202489999962, 0.0 ], [ 106.83042348400005, -6.321189924999942, 0.0 ], [ 106.830324206000057, -6.32117802199997, 0.0 ], [ 106.830315268000049, -6.321176949999938, 0.0 ], [ 106.830299211000067, -6.321175024999945, 0.0 ], [ 106.830202498000062, -6.321167685999967, 0.0 ], [ 106.830174404000047, -6.321165553999947, 0.0 ], [ 106.830049307000081, -6.321161535999977, 0.0 ], [ 106.829969221000056, -6.321162457999947, 0.0 ], [ 106.829943488000083, -6.321162753999943, 0.0 ], [ 106.829933023000081, -6.321162873999981, 0.0 ], [ 106.829924150000068, -6.321162976999972, 0.0 ], [ 106.829713886000036, -6.321203906999926, 0.0 ], [ 106.829655130000049, -6.321206790999952, 0.0 ], [ 106.829607449000036, -6.321209130999932, 0.0 ], [ 106.829601120000063, -6.32120944199994, 0.0 ], [ 106.829530465000062, -6.321210888999929, 0.0 ], [ 106.829488241000035, -6.321211752999943, 0.0 ], [ 106.829375344000084, -6.321210839999935, 0.0 ], [ 106.829359698000076, -6.321289719999925, 0.0 ], [ 106.829351526000039, -6.321330916999955, 0.0 ], [ 106.829341553000063, -6.321381206999945, 0.0 ], [ 106.829334410000058, -6.321417220999933, 0.0 ], [ 106.829333238000061, -6.321422498999937, 0.0 ], [ 106.82932276300005, -6.321469675999936, 0.0 ], [ 106.829316646000052, -6.321497222999938, 0.0 ], [ 106.829312766000044, -6.321514702999934, 0.0 ], [ 106.829308013000059, -6.321536097999967, 0.0 ], [ 106.829302994000045, -6.321558702999937, 0.0 ], [ 106.829298475000087, -6.321579055999962, 0.0 ], [ 106.829294356000048, -6.321597607999934, 0.0 ], [ 106.829288972000086, -6.321621850999975, 0.0 ], [ 106.829288802000065, -6.321622616999946, 0.0 ], [ 106.829282779000039, -6.321645573999945, 0.0 ], [ 106.829276367000034, -6.321670000999973, 0.0 ], [ 106.829270601000076, -6.321691973999975, 0.0 ], [ 106.829266347000043, -6.321708181999952, 0.0 ], [ 106.829263621000052, -6.321716550999952, 0.0 ], [ 106.829252705000044, -6.32175005299996, 0.0 ], [ 106.829250502000036, -6.321756812999979, 0.0 ], [ 106.829249727000047, -6.321759192999934, 0.0 ], [ 106.829245222000054, -6.321773020999956, 0.0 ], [ 106.829238944000053, -6.321792291999941, 0.0 ], [ 106.829227394000043, -6.321821787999966, 0.0 ], [ 106.829224185000044, -6.32182998299993, 0.0 ], [ 106.829215340000076, -6.321852566999951, 0.0 ], [ 106.829206689000046, -6.321874661999971, 0.0 ], [ 106.829193798000063, -6.321907582999927, 0.0 ], [ 106.829189395000071, -6.321918830999948, 0.0 ], [ 106.829189362000079, -6.32191891399998, 0.0 ], [ 106.829165960000068, -6.321978676999947, 0.0 ], [ 106.82916444500006, -6.321982548999927, 0.0 ], [ 106.829158265000046, -6.32199832799995, 0.0 ], [ 106.829148739000061, -6.322022656999934, 0.0 ], [ 106.829142804000071, -6.322037815999977, 0.0 ], [ 106.829139994000059, -6.322036795999963, 0.0 ], [ 106.82912834800004, -6.322032566999951, 0.0 ], [ 106.829118729000072, -6.322029074999932, 0.0 ], [ 106.829118546000075, -6.322029006999969, 0.0 ], [ 106.829047751000076, -6.322003298999959, 0.0 ], [ 106.829018787000052, -6.321991428999979, 0.0 ], [ 106.828990060000081, -6.32197965499995, 0.0 ], [ 106.828987675000064, -6.321978676999947, 0.0 ], [ 106.828981938000084, -6.321976326999959, 0.0 ], [ 106.828930684000056, -6.321955319999972, 0.0 ], [ 106.828887542000075, -6.321943315999931, 0.0 ], [ 106.828876112000046, -6.321939489999977, 0.0 ], [ 106.828873799000064, -6.321938715999977, 0.0 ], [ 106.828845074000071, -6.321929100999967, 0.0 ], [ 106.82882898400004, -6.321923062999929, 0.0 ], [ 106.828790672000082, -6.32190868899994, 0.0 ], [ 106.82873567300004, -6.321892023999965, 0.0 ], [ 106.828735066000036, -6.321891839999978, 0.0 ], [ 106.828678487000047, -6.321878624999954, 0.0 ], [ 106.828635044000066, -6.321870887999978, 0.0 ], [ 106.828627879000067, -6.321869612999933, 0.0 ], [ 106.828620049000051, -6.321868217999963, 0.0 ], [ 106.828604459000076, -6.321865440999943, 0.0 ], [ 106.828588146000072, -6.32186253499998, 0.0 ], [ 106.828563199000087, -6.321858091999957, 0.0 ], [ 106.828498677000084, -6.321846599999958, 0.0 ], [ 106.828433891000088, -6.321835059999955, 0.0 ], [ 106.828400680000072, -6.321833580999964, 0.0 ], [ 106.828386714000032, -6.321832958999948, 0.0 ], [ 106.828385177000087, -6.321832890999929, 0.0 ], [ 106.828336598000078, -6.321837129999949, 0.0 ], [ 106.828294816000039, -6.321846413999936, 0.0 ], [ 106.828277529000047, -6.321851895999941, 0.0 ], [ 106.828275098000063, -6.32185278399993, 0.0 ], [ 106.828257783000083, -6.321859108999945, 0.0 ], [ 106.828243500000042, -6.321864324999979, 0.0 ], [ 106.82824319100007, -6.321864438999967, 0.0 ], [ 106.82823135600006, -6.321879508999928, 0.0 ], [ 106.828217198000061, -6.321892418999937, 0.0 ], [ 106.828205639000032, -6.321899884999937, 0.0 ], [ 106.828201105000062, -6.321902813999941, 0.0 ], [ 106.82818351800006, -6.321910410999976, 0.0 ], [ 106.828164920000063, -6.321914998999944, 0.0 ], [ 106.828145823000057, -6.32191645499995, 0.0 ], [ 106.82809536700006, -6.32191667799998, 0.0 ], [ 106.828083142000082, -6.321915788999945, 0.0 ], [ 106.828045042000042, -6.321913020999943, 0.0 ], [ 106.82799514900006, -6.321905501999936, 0.0 ], [ 106.827963435000072, -6.321901895999929, 0.0 ], [ 106.827952699000036, -6.321900674999938, 0.0 ], [ 106.827914276000058, -6.321896307999964, 0.0 ], [ 106.827876208000077, -6.321891979999975, 0.0 ], [ 106.82779101400007, -6.321884807999936, 0.0 ], [ 106.827785352000035, -6.321884330999978, 0.0 ], [ 106.827767131000087, -6.321882797999933, 0.0 ], [ 106.827756923000038, -6.321881938999979, 0.0 ], [ 106.827669710000066, -6.321885935999944, 0.0 ], [ 106.827638253000089, -6.321888319999971, 0.0 ], [ 106.827636348000055, -6.321888464999972, 0.0 ], [ 106.827609027000051, -6.321890534999966, 0.0 ], [ 106.827583467000068, -6.321880544999942, 0.0 ], [ 106.827582143000086, -6.321880025999974, 0.0 ], [ 106.827562889000035, -6.321872500999973, 0.0 ], [ 106.82746985700004, -6.321879585999966, 0.0 ], [ 106.827436170000055, -6.321882151999944, 0.0 ], [ 106.827428191000081, -6.321882401999972, 0.0 ], [ 106.827388768000048, -6.32188363399996, 0.0 ], [ 106.827376323000067, -6.321884022999939, 0.0 ], [ 106.827349992000052, -6.321884846999978, 0.0 ], [ 106.827290210000058, -6.321886715999938, 0.0 ], [ 106.827209593000077, -6.321885626999972, 0.0 ], [ 106.827189763000035, -6.321885359999953, 0.0 ], [ 106.827144195000074, -6.321884742999941, 0.0 ], [ 106.827101803000062, -6.321879483999965, 0.0 ], [ 106.827093178000041, -6.321878412999979, 0.0 ], [ 106.827080161000083, -6.321876797999948, 0.0 ], [ 106.827045815000076, -6.321869889999959, 0.0 ], [ 106.82703762500006, -6.321868242999926, 0.0 ], [ 106.827016902000082, -6.32186407599994, 0.0 ], [ 106.826954773000068, -6.321846649999941, 0.0 ], [ 106.826931908000063, -6.321838343999957, 0.0 ], [ 106.826919467000039, -6.321833825999931, 0.0 ], [ 106.826894125000081, -6.321824619999973, 0.0 ], [ 106.826820489000056, -6.321799484999929, 0.0 ], [ 106.826808640000081, -6.321795441999939, 0.0 ], [ 106.826804168000081, -6.321793914999944, 0.0 ], [ 106.826760983000042, -6.321779173999971, 0.0 ], [ 106.826746122000088, -6.321774797999979, 0.0 ], [ 106.826720355000077, -6.321767211999941, 0.0 ], [ 106.826693608000085, -6.321759335999957, 0.0 ], [ 106.826626032000036, -6.321739439999931, 0.0 ], [ 106.826606951000088, -6.32173662699995, 0.0 ], [ 106.826578209000047, -6.321732390999955, 0.0 ], [ 106.826571827000066, -6.321731449999959, 0.0 ], [ 106.826498896000032, -6.321720700999947, 0.0 ], [ 106.826475444000039, -6.321717933999935, 0.0 ], [ 106.826446243000078, -6.321714489999977, 0.0 ], [ 106.826371271000085, -6.321705645999941, 0.0 ], [ 106.826351233000082, -6.321702888999937, 0.0 ], [ 106.826313666000033, -6.321697720999964, 0.0 ], [ 106.826265536000051, -6.321691099999953, 0.0 ], [ 106.826225289000035, -6.321685864999949, 0.0 ], [ 106.826225147000059, -6.321685542999944, 0.0 ], [ 106.826218477000054, -6.321684625999978, 0.0 ], [ 106.826197315000059, -6.321681713999965, 0.0 ], [ 106.826102754000033, -6.321666261999951, 0.0 ], [ 106.826052954000033, -6.321658123999953, 0.0 ], [ 106.826046233000056, -6.321657023999933, 0.0 ], [ 106.826024019000045, -6.321653394999942, 0.0 ], [ 106.826023259000067, -6.32165325099993, 0.0 ], [ 106.825878408000051, -6.321625809999944, 0.0 ], [ 106.825870124000062, -6.321624239999949, 0.0 ], [ 106.825851491000037, -6.321620709999934, 0.0 ], [ 106.825793300000043, -6.321608153999932, 0.0 ], [ 106.825690884000039, -6.32158605799998, 0.0 ], [ 106.825684983000087, -6.32158478499997, 0.0 ], [ 106.825679845000082, -6.321583675999932, 0.0 ], [ 106.825630953000086, -6.321574422999959, 0.0 ], [ 106.825506066000059, -6.321550784999943, 0.0 ], [ 106.825498315000061, -6.321549317999938, 0.0 ], [ 106.825481997000054, -6.321546229999967, 0.0 ], [ 106.825463763000073, -6.321542566999938, 0.0 ], [ 106.825422101000072, -6.321534109999959, 0.0 ], [ 106.825420926000049, -6.321533964999958, 0.0 ], [ 106.825403464000033, -6.321530457999927, 0.0 ], [ 106.82536280000005, -6.321522290999951, 0.0 ], [ 106.825344279000035, -6.321518572999935, 0.0 ], [ 106.825303580000082, -6.321510398999976, 0.0 ], [ 106.825284581000062, -6.321506582999973, 0.0 ], [ 106.825284459000045, -6.321506557999953, 0.0 ], [ 106.825288752000063, -6.321485420999977, 0.0 ], [ 106.82528923700005, -6.321483027999932, 0.0 ], [ 106.825290808000034, -6.321475294999971, 0.0 ], [ 106.825294045000078, -6.32145935799997, 0.0 ], [ 106.825294915000086, -6.321455070999946, 0.0 ], [ 106.825300085000038, -6.321429614999943, 0.0 ], [ 106.825306393000062, -6.321398557999942, 0.0 ], [ 106.825316376000046, -6.321349402999942, 0.0 ], [ 106.825319259000082, -6.321335203999979, 0.0 ], [ 106.82531960700004, -6.321333494999976, 0.0 ], [ 106.825324006000073, -6.321311832999925, 0.0 ], [ 106.825325789000033, -6.321303052999951, 0.0 ], [ 106.825331778000077, -6.321273561999931, 0.0 ], [ 106.825335549000044, -6.321254990999932, 0.0 ], [ 106.82533587100005, -6.32125341099993, 0.0 ], [ 106.825347354000087, -6.321196869999937, 0.0 ], [ 106.82535127500006, -6.321177564999971, 0.0 ], [ 106.82535985800007, -6.321135301999959, 0.0 ], [ 106.825363217000074, -6.321118757999955, 0.0 ], [ 106.825367283000048, -6.321098744999972, 0.0 ], [ 106.825370719000034, -6.321081817999925, 0.0 ], [ 106.825376488000074, -6.321053414999938, 0.0 ], [ 106.825382251000065, -6.321025042999963, 0.0 ], [ 106.825386866000088, -6.321002315999976, 0.0 ], [ 106.825387744000068, -6.320998, 0.0 ], [ 106.825399213000082, -6.320941523999977, 0.0 ], [ 106.825399454000035, -6.320940336999968, 0.0 ], [ 106.825400073000083, -6.320930992999934, 0.0 ], [ 106.825401118000059, -6.320915200999934, 0.0 ], [ 106.825403909000045, -6.320873075999941, 0.0 ], [ 106.825404703000061, -6.320861095999931, 0.0 ], [ 106.825405658000079, -6.320846673999938, 0.0 ], [ 106.825405882000041, -6.320838414999969, 0.0 ], [ 106.825406497000074, -6.320815731999971, 0.0 ], [ 106.825407117000054, -6.320792817999973, 0.0 ], [ 106.825407402000053, -6.32078232899994, 0.0 ], [ 106.825408082000081, -6.320757173999937, 0.0 ], [ 106.825408201000073, -6.320752839999955, 0.0 ], [ 106.82540801600004, -6.320737372999929, 0.0 ], [ 106.825407859000052, -6.320724337999934, 0.0 ], [ 106.825407707000068, -6.320711757999959, 0.0 ], [ 106.825407641000083, -6.320706222999945, 0.0 ], [ 106.825407412000061, -6.320687218999979, 0.0 ], [ 106.825407075000044, -6.320658976999937, 0.0 ], [ 106.825406480000083, -6.320644960999971, 0.0 ], [ 106.825406084000065, -6.320635581999966, 0.0 ], [ 106.825404320000075, -6.320594016999962, 0.0 ], [ 106.825403519000076, -6.320575144999964, 0.0 ], [ 106.825403447000042, -6.320573447999948, 0.0 ], [ 106.825402428000075, -6.320549395999933, 0.0 ], [ 106.825402400000087, -6.320548733999942, 0.0 ], [ 106.825401923000072, -6.320537505999937, 0.0 ], [ 106.825401599000088, -6.320529860999955, 0.0 ], [ 106.825401317000058, -6.32052317199998, 0.0 ], [ 106.825401113000055, -6.320518375999939, 0.0 ], [ 106.825399804000085, -6.320487509999964, 0.0 ], [ 106.825399522000055, -6.32048083199993, 0.0 ], [ 106.825399191000088, -6.320473041999946, 0.0 ], [ 106.825398513000039, -6.320457052999927, 0.0 ], [ 106.825397914000064, -6.320442937999928, 0.0 ], [ 106.825397464000048, -6.32043230599993, 0.0 ], [ 106.825396751000085, -6.320415514999979, 0.0 ], [ 106.825396152000053, -6.320401368999967, 0.0 ], [ 106.82539567200007, -6.320390046999933, 0.0 ], [ 106.825394786000061, -6.320369137999933, 0.0 ], [ 106.825394776000053, -6.320368807999955, 0.0 ], [ 106.825394047000088, -6.320343599999944, 0.0 ], [ 106.825393845000065, -6.320336658999963, 0.0 ], [ 106.825393268000084, -6.320316759999969, 0.0 ], [ 106.825393149000035, -6.320312626999964, 0.0 ], [ 106.82539304900007, -6.32030913899996, 0.0 ], [ 106.825392561000058, -6.320292276999965, 0.0 ], [ 106.825392393000072, -6.320286535999969, 0.0 ], [ 106.825391791000072, -6.320267035999962, 0.0 ], [ 106.82539113200005, -6.320245754999974, 0.0 ], [ 106.825391034000063, -6.320239566999931, 0.0 ], [ 106.825390290000087, -6.320213860999957, 0.0 ], [ 106.825389538000081, -6.320187881999971, 0.0 ], [ 106.825389370000039, -6.320182105999947, 0.0 ], [ 106.825389355000084, -6.320181523999963, 0.0 ], [ 106.825389225000038, -6.32017706299996, 0.0 ], [ 106.825388887000088, -6.320165396999926, 0.0 ], [ 106.825388709000038, -6.320159216999969, 0.0 ], [ 106.825388656000086, -6.320157381999934, 0.0 ], [ 106.825388125000075, -6.320139070999971, 0.0 ], [ 106.825386390000062, -6.320079158999931, 0.0 ], [ 106.825386438000066, -6.320067029999962, 0.0 ], [ 106.825386476000062, -6.320057196999926, 0.0 ], [ 106.825386480000077, -6.320055837999973, 0.0 ], [ 106.825382750000074, -6.32003281599998, 0.0 ], [ 106.825379823000048, -6.320024132999947, 0.0 ], [ 106.825375302000054, -6.320010716999946, 0.0 ], [ 106.825364952000086, -6.319991294999966, 0.0 ], [ 106.825364336000064, -6.31999013799998, 0.0 ], [ 106.825350148000041, -6.319971632999966, 0.0 ], [ 106.825325889000055, -6.319959668999957, 0.0 ], [ 106.825310286000047, -6.319951973999935, 0.0 ], [ 106.825307528000053, -6.319950612999946, 0.0 ], [ 106.825301515000035, -6.319948218999969, 0.0 ], [ 106.82527865600008, -6.319939112999975, 0.0 ], [ 106.825242481000032, -6.319926564999946, 0.0 ], [ 106.825217982000083, -6.319918988999973, 0.0 ], [ 106.825210451000032, -6.319913953999958, 0.0 ], [ 106.825195336000036, -6.319903846999978, 0.0 ], [ 106.825175244000036, -6.319885446999933, 0.0 ], [ 106.825166264000075, -6.319874280999954, 0.0 ], [ 106.825158169000076, -6.319864214999939, 0.0 ], [ 106.825157059000048, -6.319862299999954, 0.0 ], [ 106.825146267000036, -6.319843682999931, 0.0 ], [ 106.82513668100006, -6.319820676999939, 0.0 ], [ 106.825135571000033, -6.319817840999974, 0.0 ], [ 106.825134564000052, -6.319815268999946, 0.0 ], [ 106.825128580000069, -6.319788682999956, 0.0 ], [ 106.825128926000048, -6.319778393999968, 0.0 ], [ 106.82512964600005, -6.319757010999979, 0.0 ], [ 106.82513046300005, -6.319732774999977, 0.0 ], [ 106.825130849000061, -6.319721365999953, 0.0 ], [ 106.82513222700004, -6.31968044499996, 0.0 ], [ 106.825132447000044, -6.319673937999937, 0.0 ], [ 106.825133446000052, -6.319644294999932, 0.0 ], [ 106.825133635000043, -6.319638679999969, 0.0 ], [ 106.825133860000051, -6.319631995999941, 0.0 ], [ 106.825135540000076, -6.319582167999954, 0.0 ], [ 106.825136683000039, -6.319548243999975, 0.0 ], [ 106.825136887000042, -6.319542185999978, 0.0 ], [ 106.825137675000065, -6.319518800999958, 0.0 ], [ 106.825137416000075, -6.319494683999949, 0.0 ], [ 106.825136999000051, -6.319455735999952, 0.0 ], [ 106.825136697000062, -6.319427617999963, 0.0 ], [ 106.82513633800005, -6.319394166999928, 0.0 ], [ 106.82513599300006, -6.31936203999993, 0.0 ], [ 106.825135147000083, -6.319346777999954, 0.0 ], [ 106.825132040000085, -6.319290781999939, 0.0 ], [ 106.825131636000037, -6.319283519999942, 0.0 ], [ 106.825128718000087, -6.319230919999939, 0.0 ], [ 106.825127309000038, -6.31920551099995, 0.0 ], [ 106.825125978000074, -6.319192253999972, 0.0 ], [ 106.825123488000088, -6.319167463999975, 0.0 ], [ 106.82512052900006, -6.319138001999931, 0.0 ], [ 106.825119527000084, -6.31912802599993, 0.0 ], [ 106.825112083000079, -6.319053919999931, 0.0 ], [ 106.825111925000044, -6.319052340999974, 0.0 ], [ 106.825111642000081, -6.319049525999958, 0.0 ], [ 106.825099840000064, -6.318983336999963, 0.0 ], [ 106.825089237000043, -6.318923869999935, 0.0 ], [ 106.825088626000081, -6.318920445999936, 0.0 ], [ 106.825083718000087, -6.318892916999971, 0.0 ], [ 106.825074726000082, -6.318842490999941, 0.0 ], [ 106.825072087000081, -6.318827690999967, 0.0 ], [ 106.825060489000066, -6.318762641999967, 0.0 ], [ 106.825053138000044, -6.318721411999945, 0.0 ], [ 106.825038321000079, -6.318638315999976, 0.0 ], [ 106.825037681000083, -6.318634725999971, 0.0 ], [ 106.825033413000085, -6.318610786999955, 0.0 ], [ 106.825030292000065, -6.318593284999963, 0.0 ], [ 106.825026946000037, -6.318574517999934, 0.0 ], [ 106.825025295000046, -6.318565254999953, 0.0 ], [ 106.825022377000039, -6.318548892999956, 0.0 ], [ 106.825021493000065, -6.318539566999959, 0.0 ], [ 106.825016402000074, -6.318485795999948, 0.0 ], [ 106.825015975000042, -6.31848128799993, 0.0 ], [ 106.825013959000046, -6.318460007999931, 0.0 ], [ 106.825008360000083, -6.318400895999957, 0.0 ], [ 106.825005052000051, -6.318365940999968, 0.0 ], [ 106.824994742000058, -6.31825708599996, 0.0 ], [ 106.824991305000083, -6.318220784999937, 0.0 ], [ 106.824991202000035, -6.318219688999932, 0.0 ], [ 106.824987853000039, -6.318184330999941, 0.0 ], [ 106.824986091000085, -6.318165732999944, 0.0 ], [ 106.824982155000043, -6.318124163999926, 0.0 ], [ 106.824978357000077, -6.318117041999926, 0.0 ], [ 106.82496967700007, -6.31810076499994, 0.0 ], [ 106.824961169000062, -6.318084813999974, 0.0 ], [ 106.824916449000057, -6.318000951999977, 0.0 ], [ 106.82490193600006, -6.317978101999927, 0.0 ], [ 106.824901474000058, -6.317977372999962, 0.0 ], [ 106.824889169000073, -6.31795799799994, 0.0 ], [ 106.824858685000038, -6.317909996999958, 0.0 ], [ 106.824847455000054, -6.317891409999959, 0.0 ], [ 106.824846995000087, -6.317890646999956, 0.0 ], [ 106.824830354000085, -6.317863103999969, 0.0 ], [ 106.824827735000042, -6.31785876899994, 0.0 ], [ 106.824816956000063, -6.317840927999953, 0.0 ], [ 106.824816413000065, -6.317840027999978, 0.0 ], [ 106.824814538000055, -6.317836926999973, 0.0 ], [ 106.824813073000087, -6.317834502999972, 0.0 ], [ 106.824806716000069, -6.317823979999957, 0.0 ], [ 106.824804140000083, -6.317819715999974, 0.0 ], [ 106.824802801000033, -6.317817500999979, 0.0 ], [ 106.82479892300006, -6.317820425999969, 0.0 ], [ 106.824794619000045, -6.317822675999935, 0.0 ], [ 106.824790005000068, -6.317824187999975, 0.0 ], [ 106.824785205000069, -6.317824923999979, 0.0 ], [ 106.824780351000072, -6.317824860999963, 0.0 ], [ 106.824574083000073, -6.317807811999955, 0.0 ], [ 106.824367449000079, -6.317796039999962, 0.0 ], [ 106.824160580000068, -6.317789552999955, 0.0 ], [ 106.824090033000061, -6.317791029999967, 0.0 ], [ 106.824065532000077, -6.317791541999952, 0.0 ], [ 106.82405033200007, -6.317791860999932, 0.0 ], [ 106.823940140000047, -6.317787609999925, 0.0 ], [ 106.823905302000071, -6.317784184999937, 0.0 ], [ 106.823845870000071, -6.317778336999936, 0.0 ], [ 106.823830396000062, -6.317776814999945, 0.0 ], [ 106.823721489000036, -6.317759512999942, 0.0 ], [ 106.82370923700006, -6.317755638999927, 0.0 ], [ 106.82369781400007, -6.317749745999947, 0.0 ], [ 106.823687555000049, -6.317742001999932, 0.0 ], [ 106.823678754000071, -6.317732633999981, 0.0 ], [ 106.823671665000063, -6.317721909999932, 0.0 ], [ 106.823666494000065, -6.317710138999928, 0.0 ], [ 106.823669405000032, -6.317635940999935, 0.0 ], [ 106.82367679500004, -6.317569707999951, 0.0 ], [ 106.823687030000087, -6.317477981999957, 0.0 ], [ 106.823688970000035, -6.317466056999933, 0.0 ], [ 106.823688979000053, -6.317453975999967, 0.0 ], [ 106.823687054000061, -6.317442048999965, 0.0 ], [ 106.823683244000051, -6.317430584999954, 0.0 ], [ 106.823677651000082, -6.317419877999953, 0.0 ], [ 106.823670415000038, -6.317410205999977, 0.0 ], [ 106.823661726000068, -6.317401816999961, 0.0 ], [ 106.823651806000044, -6.317394928999931, 0.0 ], [ 106.823640912000087, -6.317389717999959, 0.0 ], [ 106.82362932400008, -6.317386319999969, 0.0 ], [ 106.823440260000041, -6.317358308999928, 0.0 ], [ 106.823427421000076, -6.317356405999931, 0.0 ], [ 106.823328931000049, -6.317345821999936, 0.0 ], [ 106.823229942000069, -6.317342199999928, 0.0 ], [ 106.82313094400007, -6.317345556999953, 0.0 ], [ 106.823032426000054, -6.317355876999954, 0.0 ], [ 106.823030040000049, -6.317356262999965, 0.0 ], [ 106.823017407000066, -6.317358308999928, 0.0 ], [ 106.822880915000042, -6.317380411999977, 0.0 ], [ 106.822728502000075, -6.317398499999967, 0.0 ], [ 106.822575460000053, -6.317410108999979, 0.0 ], [ 106.822469099000045, -6.317428122999956, 0.0 ], [ 106.822402317000069, -6.317444008999928, 0.0 ], [ 106.822364150000055, -6.317453086999933, 0.0 ], [ 106.82229968300004, -6.317472977999955, 0.0 ], [ 106.822261067000056, -6.317484892999971, 0.0 ], [ 106.822201834000055, -6.317493186999968, 0.0 ], [ 106.822153245000038, -6.317499990999977, 0.0 ], [ 106.822122256000057, -6.317504330999952, 0.0 ], [ 106.822103070000082, -6.317507017999958, 0.0 ], [ 106.821948323000072, -6.317521865999936, 0.0 ], [ 106.821944263000034, -6.317522254999972, 0.0 ], [ 106.821784942000079, -6.317530577999946, 0.0 ], [ 106.82153579900006, -6.317529659999934, 0.0 ], [ 106.821337953000068, -6.317531014999929, 0.0 ], [ 106.821286661000045, -6.317531365999969, 0.0 ], [ 106.821164242000066, -6.317539444999966, 0.0 ], [ 106.821041568000055, -6.317541198999947, 0.0 ], [ 106.82093672700006, -6.317537286999936, 0.0 ], [ 106.820918968000058, -6.317536623999956, 0.0 ], [ 106.820849106000082, -6.317530395999938, 0.0 ], [ 106.820796766000058, -6.317525729999943, 0.0 ], [ 106.820675287000086, -6.317508548999967, 0.0 ], [ 106.820558667000057, -6.317485866999959, 0.0 ], [ 106.820554856000058, -6.317485124999962, 0.0 ], [ 106.820491558000072, -6.31743462999998, 0.0 ], [ 106.820428259000039, -6.317384133999951, 0.0 ], [ 106.819916426000077, -6.317338078999967, 0.0 ], [ 106.819790874000034, -6.317322463999972, 0.0 ], [ 106.819215088000078, -6.317250849999937, 0.0 ], [ 106.819173864000049, -6.317243637999979, 0.0 ], [ 106.819132093000064, -6.317236331999936, 0.0 ], [ 106.819097918000068, -6.317230353999946, 0.0 ], [ 106.819095189000052, -6.317229876999932, 0.0 ], [ 106.819072977000076, -6.317225991999976, 0.0 ], [ 106.81906695400005, -6.317224938999971, 0.0 ], [ 106.81901324200004, -6.317213773999981, 0.0 ], [ 106.818942556000081, -6.317203616999961, 0.0 ], [ 106.81892018800005, -6.317200402999958, 0.0 ], [ 106.818910931000062, -6.317199073999973, 0.0 ], [ 106.818814423000049, -6.317185207999955, 0.0 ], [ 106.818812847000061, -6.317184980999969, 0.0 ], [ 106.818754949000038, -6.317176661999952, 0.0 ], [ 106.81865952000004, -6.317162951999933, 0.0 ], [ 106.818591823000077, -6.317153225999959, 0.0 ], [ 106.818555180000033, -6.317147961999979, 0.0 ], [ 106.81850374000004, -6.317140570999925, 0.0 ], [ 106.818491053000059, -6.317138747999934, 0.0 ], [ 106.818424738000033, -6.31712921999997, 0.0 ], [ 106.818387191000056, -6.317123825999943, 0.0 ], [ 106.818339861000084, -6.317117024999959, 0.0 ], [ 106.818311784000059, -6.317112991999977, 0.0 ], [ 106.818308239000032, -6.31711248199997, 0.0 ], [ 106.818292605000067, -6.317110235999962, 0.0 ], [ 106.818269408000049, -6.317106902999967, 0.0 ], [ 106.818246994000049, -6.317103682999971, 0.0 ], [ 106.818218153000032, -6.317099538999969, 0.0 ], [ 106.818203723000067, -6.31709746599995, 0.0 ], [ 106.818198409000047, -6.317096287999959, 0.0 ], [ 106.818192477000082, -6.317094972999939, 0.0 ], [ 106.818140408000033, -6.317101694999963, 0.0 ], [ 106.818135148000067, -6.31710396099993, 0.0 ], [ 106.818123208000088, -6.317111500999943, 0.0 ], [ 106.818112586000041, -6.317120805999934, 0.0 ], [ 106.818103541000085, -6.317131652999933, 0.0 ], [ 106.818096291000074, -6.317143772999941, 0.0 ], [ 106.818086146000041, -6.317154864999964, 0.0 ], [ 106.818079615000045, -6.317162004999943, 0.0 ], [ 106.818067616000064, -6.317175123999959, 0.0 ], [ 106.818064649000064, -6.317178367999929, 0.0 ], [ 106.818048479000083, -6.317196047999971, 0.0 ], [ 106.818036145000065, -6.317209531999936, 0.0 ], [ 106.818029170000045, -6.317217158999938, 0.0 ], [ 106.818029121000052, -6.317217212999935, 0.0 ], [ 106.818012842000087, -6.317225763999943, 0.0 ], [ 106.818006318000073, -6.317227952999929, 0.0 ], [ 106.817995411000084, -6.317231613999979, 0.0 ], [ 106.817977271000075, -6.317234611999936, 0.0 ], [ 106.817958886000042, -6.317234682999981, 0.0 ], [ 106.81790621600004, -6.317230587999973, 0.0 ], [ 106.81789036300006, -6.317229355999928, 0.0 ], [ 106.817812384000035, -6.317223292999927, 0.0 ], [ 106.817782907000037, -6.317220032999955, 0.0 ], [ 106.817666330000065, -6.317207143999951, 0.0 ], [ 106.817520877000049, -6.317186253999978, 0.0 ], [ 106.817376182000032, -6.317160642999966, 0.0 ], [ 106.817084666000085, -6.317076973999974, 0.0 ], [ 106.817069204000063, -6.317072301999929, 0.0 ], [ 106.816961136000089, -6.31703964899998, 0.0 ], [ 106.816961108000044, -6.317039639999962, 0.0 ], [ 106.816897393000033, -6.317019568999967, 0.0 ], [ 106.816877332000047, -6.317013247999967, 0.0 ], [ 106.816712076000044, -6.316961186999947, 0.0 ], [ 106.816663844000061, -6.316945991999944, 0.0 ], [ 106.816489175000072, -6.316890963999981, 0.0 ], [ 106.816476660000035, -6.316886861999933, 0.0 ], [ 106.816369276000046, -6.316851663999955, 0.0 ], [ 106.816382587000078, -6.316825055999971, 0.0 ], [ 106.816394658000036, -6.316788838999969, 0.0 ], [ 106.816401475000077, -6.316751274999945, 0.0 ], [ 106.816401939000059, -6.316746647999935, 0.0 ], [ 106.81640344200008, -6.316693297999961, 0.0 ], [ 106.816404243000079, -6.316527546999964, 0.0 ], [ 106.816409337000039, -6.316463247999934, 0.0 ], [ 106.816412706000051, -6.316441160999943, 0.0 ], [ 106.816419061000033, -6.316399485999966, 0.0 ], [ 106.81643336500008, -6.31633659299996, 0.0 ], [ 106.816445764000036, -6.316293386999973, 0.0 ], [ 106.816463099000089, -6.316251914999953, 0.0 ], [ 106.816473705000078, -6.316233061999981, 0.0 ], [ 106.81648513500005, -6.316212741999948, 0.0 ], [ 106.816511572000081, -6.316176396999936, 0.0 ], [ 106.816542053000035, -6.316143371999942, 0.0 ], [ 106.816547704000072, -6.316135691999932, 0.0 ], [ 106.816552508000086, -6.316126887999928, 0.0 ], [ 106.816555807000043, -6.316117413999962, 0.0 ], [ 106.816557509000063, -6.316107527999975, 0.0 ], [ 106.816557571000033, -6.31609749699993, 0.0 ], [ 106.81655599000004, -6.316087590999928, 0.0 ], [ 106.816552809000086, -6.316078077999975, 0.0 ], [ 106.816548113000067, -6.31606921499997, 0.0 ], [ 106.816542030000051, -6.316061240999943, 0.0 ], [ 106.816541473000086, -6.316060715999981, 0.0 ], [ 106.816534724000064, -6.31605437099995, 0.0 ], [ 106.816526393000061, -6.316048789999968, 0.0 ], [ 106.816517261000058, -6.316044649999981, 0.0 ], [ 106.816494839000086, -6.316039968999974, 0.0 ], [ 106.816475449000052, -6.316035919999933, 0.0 ], [ 106.816462792000038, -6.31603460499997, 0.0 ], [ 106.816432966000036, -6.31603150799998, 0.0 ], [ 106.816390252000076, -6.31603145899993, 0.0 ], [ 106.816347958000051, -6.316031332999955, 0.0 ], [ 106.816286114000036, -6.316031150999947, 0.0 ], [ 106.816290089000063, -6.316017836999947, 0.0 ], [ 106.816291822000039, -6.316012024999964, 0.0 ], [ 106.816294005000088, -6.316004710999948, 0.0 ], [ 106.816295270000069, -6.316000475999942, 0.0 ], [ 106.816299259000061, -6.315987115999974, 0.0 ], [ 106.816320818000065, -6.315914886999963, 0.0 ], [ 106.816349481000088, -6.315796988999978, 0.0 ], [ 106.816355145000045, -6.315767039999969, 0.0 ], [ 106.816372027000057, -6.315677766999954, 0.0 ], [ 106.816379439000059, -6.315623324999933, 0.0 ], [ 106.816388395000047, -6.315557540999976, 0.0 ], [ 106.816398544000037, -6.315436628999976, 0.0 ], [ 106.816402442000083, -6.315315354999939, 0.0 ], [ 106.816400083000076, -6.315194041999973, 0.0 ], [ 106.816396406000081, -6.315142358999935, 0.0 ], [ 106.816394260000038, -6.315112197999952, 0.0 ], [ 106.816391472000078, -6.315073010999981, 0.0 ], [ 106.81637212000004, -6.314914364999936, 0.0 ], [ 106.81636426700004, -6.31485, 0.0 ], [ 106.816342165000037, -6.314668832999928, 0.0 ], [ 106.816324344000066, -6.314522747999945, 0.0 ], [ 106.816317697000045, -6.314468258999966, 0.0 ], [ 106.816296961000035, -6.314298277999967, 0.0 ], [ 106.816291365000041, -6.314238972999931, 0.0 ], [ 106.816288178000036, -6.314205211999933, 0.0 ], [ 106.81628657300007, -6.314113549999945, 0.0 ], [ 106.816281082000046, -6.313800062999974, 0.0 ], [ 106.816281034000042, -6.313797291999947, 0.0 ], [ 106.816280678000055, -6.313781214999949, 0.0 ], [ 106.816280008000035, -6.31375105199993, 0.0 ], [ 106.816270538000083, -6.313324363999925, 0.0 ], [ 106.816269121000062, -6.313260490999937, 0.0 ], [ 106.816265857000076, -6.313080275999937, 0.0 ], [ 106.816263799000069, -6.312966650999954, 0.0 ], [ 106.816263872000036, -6.312940091999963, 0.0 ], [ 106.816265066000085, -6.312500087999979, 0.0 ], [ 106.816263952000043, -6.312476486999969, 0.0 ], [ 106.816251696000052, -6.312216864999925, 0.0 ], [ 106.816246865000039, -6.312114528999928, 0.0 ], [ 106.816246624000087, -6.312088982999967, 0.0 ], [ 106.816245306000042, -6.311947532999966, 0.0 ], [ 106.816243676000056, -6.31181633999995, 0.0 ], [ 106.816238811000062, -6.311673612999925, 0.0 ], [ 106.816236653000033, -6.311623930999929, 0.0 ], [ 106.816234178000059, -6.311566951999964, 0.0 ], [ 106.81623234500006, -6.311524702999975, 0.0 ], [ 106.816231129000073, -6.311496688999966, 0.0 ], [ 106.816230778000033, -6.31148860899998, 0.0 ], [ 106.816228227000067, -6.311429828999962, 0.0 ], [ 106.816223759000081, -6.311327088999974, 0.0 ], [ 106.81621780100005, -6.311217458999977, 0.0 ], [ 106.816211821000081, -6.311134085999981, 0.0 ], [ 106.816206287000057, -6.311056937999979, 0.0 ], [ 106.81620302500005, -6.311009536999961, 0.0 ], [ 106.816197453000086, -6.310926306999932, 0.0 ], [ 106.816196821000062, -6.310916869999971, 0.0 ], [ 106.816192413000067, -6.310851034999928, 0.0 ], [ 106.81618704300007, -6.310742026999947, 0.0 ], [ 106.816184514000042, -6.310724189999974, 0.0 ], [ 106.816179386000044, -6.310706919999973, 0.0 ], [ 106.816171772000075, -6.310690594999926, 0.0 ], [ 106.816161836000049, -6.310675569999944, 0.0 ], [ 106.816158352000059, -6.31067169399995, 0.0 ], [ 106.816149797000037, -6.310662173999958, 0.0 ], [ 106.816135917000054, -6.31065069999994, 0.0 ], [ 106.81613586800006, -6.310650674999977, 0.0 ], [ 106.816134555000076, -6.310649994999949, 0.0 ], [ 106.816116364000038, -6.310654, 0.0 ], [ 106.816021054000032, -6.310674975999973, 0.0 ], [ 106.816005902000086, -6.310678309999957, 0.0 ], [ 106.815905025000063, -6.310698927999965, 0.0 ], [ 106.815888979000079, -6.310702207999952, 0.0 ], [ 106.815876623000065, -6.310704733999955, 0.0 ], [ 106.815772137000067, -6.310726743999965, 0.0 ], [ 106.815707782000061, -6.310738449999974, 0.0 ], [ 106.815675111000076, -6.31074377799996, 0.0 ], [ 106.815657970000075, -6.31074657299996, 0.0 ], [ 106.815633949000073, -6.310750145999975, 0.0 ], [ 106.815616906000059, -6.31075268099994, 0.0 ], [ 106.815583879000087, -6.310756315999981, 0.0 ], [ 106.815404513000033, -6.310776052999927, 0.0 ], [ 106.815403794000076, -6.310776118999968, 0.0 ], [ 106.815282468000078, -6.31078714399996, 0.0 ], [ 106.815253589000065, -6.31078976799995, 0.0 ], [ 106.815118078000069, -6.310801282999932, 0.0 ], [ 106.814962478000041, -6.310812373999966, 0.0 ], [ 106.814825124000038, -6.310820791999959, 0.0 ], [ 106.814732483000057, -6.310823428999981, 0.0 ], [ 106.814569874000085, -6.310822472999973, 0.0 ], [ 106.814470252000035, -6.310818013999949, 0.0 ], [ 106.814433901000086, -6.310816384999953, 0.0 ], [ 106.814307470000074, -6.31080953999998, 0.0 ], [ 106.814243072000068, -6.310806517999936, 0.0 ], [ 106.814074496000046, -6.310798007999949, 0.0 ], [ 106.813907519000054, -6.31078892599993, 0.0 ], [ 106.813766371000042, -6.310782535999977, 0.0 ], [ 106.813720581000041, -6.310781149999968, 0.0 ], [ 106.813674737000042, -6.310779760999935, 0.0 ], [ 106.813639151000075, -6.310779129999958, 0.0 ], [ 106.813598296000066, -6.310776770999951, 0.0 ], [ 106.813558, -6.31076963199996, 0.0 ], [ 106.81354772800006, -6.310767410999972, 0.0 ], [ 106.813525287000061, -6.310762789999956, 0.0 ], [ 106.813462837000088, -6.310753962999968, 0.0 ], [ 106.813422673000048, -6.31075201799996, 0.0 ], [ 106.813383659000067, -6.310751619999962, 0.0 ], [ 106.813336830000083, -6.310753663999947, 0.0 ], [ 106.813333872000044, -6.310753855999963, 0.0 ], [ 106.813290743000039, -6.31075663799993, 0.0 ], [ 106.81320684700006, -6.310760051999978, 0.0 ], [ 106.813153680000084, -6.310762214999954, 0.0 ], [ 106.813126233000048, -6.310763332999954, 0.0 ], [ 106.813116768000043, -6.310763716999929, 0.0 ], [ 106.813077992000046, -6.310762582999928, 0.0 ], [ 106.813015651000057, -6.310760757999958, 0.0 ], [ 106.812997902000063, -6.310760239999979, 0.0 ], [ 106.812973453000041, -6.310759523999934, 0.0 ], [ 106.812957031000053, -6.310758541999974, 0.0 ], [ 106.81291755500007, -6.310756180999931, 0.0 ], [ 106.812902448000045, -6.310755277999931, 0.0 ], [ 106.812880748000055, -6.310753980999948, 0.0 ], [ 106.812754655000049, -6.310746350999977, 0.0 ], [ 106.812644181000053, -6.310739584999965, 0.0 ], [ 106.812623484000085, -6.310738317999949, 0.0 ], [ 106.812546917000077, -6.310733628999969, 0.0 ], [ 106.812530206000076, -6.310732606999977, 0.0 ], [ 106.812479971000073, -6.310729476999938, 0.0 ], [ 106.812475522000057, -6.310729198999979, 0.0 ], [ 106.812453755000035, -6.310727442999962, 0.0 ], [ 106.812387064000063, -6.310725273999935, 0.0 ], [ 106.812374814000066, -6.310724874999948, 0.0 ], [ 106.812329910000074, -6.310723, 0.0 ], [ 106.812241289000042, -6.31071929899997, 0.0 ], [ 106.812204923000081, -6.310718071999929, 0.0 ], [ 106.812193832000048, -6.310717696999973, 0.0 ], [ 106.812101839000036, -6.310714591999954, 0.0 ], [ 106.812019433000046, -6.310711811999965, 0.0 ], [ 106.811983783000073, -6.31071235099995, 0.0 ], [ 106.811946741000042, -6.310712910999939, 0.0 ], [ 106.811882242000081, -6.310717428999965, 0.0 ], [ 106.81185699200006, -6.310721146999981, 0.0 ], [ 106.811848206000036, -6.310722441999928, 0.0 ], [ 106.811818274000075, -6.31072684999998, 0.0 ], [ 106.811804536000068, -6.310729957999968, 0.0 ], [ 106.811755208000079, -6.310741118999943, 0.0 ], [ 106.811693414000047, -6.310760154999969, 0.0 ], [ 106.811669130000041, -6.310768261999954, 0.0 ], [ 106.811629295000046, -6.310781561999931, 0.0 ], [ 106.811583607000046, -6.310796815999936, 0.0 ], [ 106.811576949000084, -6.31079903899996, 0.0 ], [ 106.811513679000086, -6.31082220899998, 0.0 ], [ 106.811478477000037, -6.310835100999952, 0.0 ], [ 106.811425134000046, -6.310854637999967, 0.0 ], [ 106.811423883000089, -6.310855093999976, 0.0 ], [ 106.811353370000063, -6.310881048999931, 0.0 ], [ 106.811341785000081, -6.310885311999925, 0.0 ], [ 106.811318148000055, -6.310894011999949, 0.0 ], [ 106.811256153000045, -6.310911973999964, 0.0 ], [ 106.811222043000043, -6.31091779299993, 0.0 ], [ 106.81120769100005, -6.310920240999963, 0.0 ], [ 106.811198119000039, -6.310920989999943, 0.0 ], [ 106.811164638000037, -6.310923609999975, 0.0 ], [ 106.811104586000056, -6.310922312999935, 0.0 ], [ 106.811041197000065, -6.310913844999959, 0.0 ], [ 106.811026372000072, -6.310910045999947, 0.0 ], [ 106.811014776000036, -6.310907074999932, 0.0 ], [ 106.810935426000071, -6.310886742999969, 0.0 ], [ 106.810869968000077, -6.310869970999931, 0.0 ], [ 106.810864253000034, -6.310868505999963, 0.0 ], [ 106.810829026000079, -6.310859017999974, 0.0 ], [ 106.810824681000042, -6.310857700999975, 0.0 ], [ 106.810726429000056, -6.310827874999973, 0.0 ], [ 106.810720562000085, -6.310826136999935, 0.0 ], [ 106.810671122000088, -6.310811488999946, 0.0 ], [ 106.810668522000071, -6.31081071899996, 0.0 ], [ 106.810645658000055, -6.310805367999933, 0.0 ], [ 106.810621907000041, -6.310799808999946, 0.0 ], [ 106.810609199000055, -6.310797564999973, 0.0 ], [ 106.810579124000071, -6.310792253999978, 0.0 ], [ 106.810555310000041, -6.310788966999951, 0.0 ], [ 106.810528931000079, -6.310785325999973, 0.0 ], [ 106.810522828000046, -6.310784842999965, 0.0 ], [ 106.810489139000083, -6.310782180999979, 0.0 ], [ 106.810420671000088, -6.310783292999929, 0.0 ], [ 106.810399614000062, -6.310784890999969, 0.0 ], [ 106.810357575000069, -6.310788080999941, 0.0 ], [ 106.81035238700008, -6.310788474999981, 0.0 ], [ 106.810299937000082, -6.310795612999925, 0.0 ], [ 106.810284534000061, -6.310797708999928, 0.0 ], [ 106.810230512000032, -6.310807518999979, 0.0 ], [ 106.810220748000063, -6.310809291999931, 0.0 ], [ 106.810205475000032, -6.310812064999936, 0.0 ], [ 106.81018270900006, -6.31081619899993, 0.0 ], [ 106.810120937000079, -6.310827416999928, 0.0 ], [ 106.810085489000073, -6.310833852999963, 0.0 ], [ 106.81002833000008, -6.310844972999973, 0.0 ], [ 106.809997800000076, -6.310850911999978, 0.0 ], [ 106.809924632000047, -6.310865145999969, 0.0 ], [ 106.809908436000057, -6.310868295999967, 0.0 ], [ 106.809907477000081, -6.310868497999934, 0.0 ], [ 106.809896167000034, -6.310870867999938, 0.0 ], [ 106.809874597000032, -6.310875389999978, 0.0 ], [ 106.809864670000081, -6.31087746999998, 0.0 ], [ 106.809830367000075, -6.310884658999953, 0.0 ], [ 106.809804665000058, -6.31089004599994, 0.0 ], [ 106.809792617000085, -6.310894073999975, 0.0 ], [ 106.809740803000068, -6.31091138599993, 0.0 ], [ 106.809707414000059, -6.310922542999947, 0.0 ], [ 106.809676987000046, -6.310939165999969, 0.0 ], [ 106.809669103000033, -6.310944579999955, 0.0 ], [ 106.809647085000051, -6.31095969699993, 0.0 ], [ 106.80964348100008, -6.310962865999954, 0.0 ], [ 106.809636671000078, -6.310968849999938, 0.0 ], [ 106.80960925100004, -6.310992950999946, 0.0 ], [ 106.809592085000077, -6.311011707999967, 0.0 ], [ 106.809575005000056, -6.311033608999935, 0.0 ], [ 106.809570914000062, -6.31103993499994, 0.0 ], [ 106.80954902700006, -6.311073784999962, 0.0 ], [ 106.809543802000064, -6.311081864999949, 0.0 ], [ 106.809539852000057, -6.311087974999964, 0.0 ], [ 106.809537096000042, -6.311092236999968, 0.0 ], [ 106.809530691000077, -6.311103894999974, 0.0 ], [ 106.809519281000064, -6.311124660999951, 0.0 ], [ 106.809511419000046, -6.311138971999981, 0.0 ], [ 106.809506502000033, -6.311150165999948, 0.0 ], [ 106.809485745000075, -6.311197410999966, 0.0 ], [ 106.80948046900005, -6.311212140999942, 0.0 ], [ 106.80947864500007, -6.311217231999933, 0.0 ], [ 106.809470643000054, -6.311239575999934, 0.0 ], [ 106.809464266000077, -6.311257381999951, 0.0 ], [ 106.809456083000043, -6.311280230999955, 0.0 ], [ 106.809454281000058, -6.311285262999945, 0.0 ], [ 106.809442335000085, -6.311318620999941, 0.0 ], [ 106.809442094000076, -6.311319295999965, 0.0 ], [ 106.809440543000051, -6.311323627999968, 0.0 ], [ 106.80943903800005, -6.311327829999925, 0.0 ], [ 106.80941200400008, -6.311399969999968, 0.0 ], [ 106.809411454000042, -6.311401436999972, 0.0 ], [ 106.809403278000048, -6.31142325299993, 0.0 ], [ 106.809399108000036, -6.311433295999962, 0.0 ], [ 106.809391788000084, -6.311450918999981, 0.0 ], [ 106.80938393200006, -6.311469833999979, 0.0 ], [ 106.809380818000079, -6.311477331999981, 0.0 ], [ 106.809376021000048, -6.311488880999946, 0.0 ], [ 106.809369492000087, -6.311504599999978, 0.0 ], [ 106.809362531000033, -6.31151899799994, 0.0 ], [ 106.80934551200005, -6.311554196999964, 0.0 ], [ 106.809344569000075, -6.311556147999966, 0.0 ], [ 106.809341941000071, -6.311561584999936, 0.0 ], [ 106.809331151000038, -6.311583900999949, 0.0 ], [ 106.809327362000033, -6.311589247999962, 0.0 ], [ 106.809327170000074, -6.311589516999959, 0.0 ], [ 106.80931042800006, -6.311613145999956, 0.0 ], [ 106.809285171000056, -6.311638573999971, 0.0 ], [ 106.80925607100005, -6.311659488999965, 0.0 ], [ 106.809223923000047, -6.31167531899996, 0.0 ], [ 106.809189609000043, -6.311685632999968, 0.0 ], [ 106.809163435000073, -6.31168895299993, 0.0 ], [ 106.809162984000068, -6.311689010999942, 0.0 ], [ 106.80915406400004, -6.311690142999964, 0.0 ], [ 106.809118261000037, -6.311688731999936, 0.0 ], [ 106.809083183000041, -6.311681435999958, 0.0 ], [ 106.809049784000081, -6.31166845499996, 0.0 ], [ 106.809017768000047, -6.311654173999955, 0.0 ], [ 106.809009837000076, -6.311650954999948, 0.0 ], [ 106.808982288000038, -6.311635255999931, 0.0 ], [ 106.808924246000061, -6.311602178999976, 0.0 ], [ 106.808871378000049, -6.311568242999954, 0.0 ], [ 106.808777681000038, -6.311504967999952, 0.0 ], [ 106.808740945000068, -6.311480840999934, 0.0 ], [ 106.808712790000072, -6.311462348999953, 0.0 ], [ 106.808685603000072, -6.311444493999943, 0.0 ], [ 106.808673139000064, -6.311436306999951, 0.0 ], [ 106.808637021000038, -6.311412587999939, 0.0 ], [ 106.80851500600005, -6.311328097999933, 0.0 ], [ 106.808412342000054, -6.311258944999963, 0.0 ], [ 106.808332496000048, -6.311205993999977, 0.0 ], [ 106.808297164000066, -6.311182562999932, 0.0 ], [ 106.808273771000074, -6.311167904999934, 0.0 ], [ 106.808255543000087, -6.31115648399998, 0.0 ], [ 106.808247350000045, -6.311151348999942, 0.0 ], [ 106.808162377000087, -6.311107973999981, 0.0 ], [ 106.808142133000047, -6.31110042399996, 0.0 ], [ 106.808089752000058, -6.311080888999925, 0.0 ], [ 106.808050320000063, -6.311069178999958, 0.0 ], [ 106.808018735000076, -6.311059800999942, 0.0 ], [ 106.808000187000061, -6.311054292999927, 0.0 ], [ 106.807982510000045, -6.311050299999977, 0.0 ], [ 106.80796833800008, -6.31104709899995, 0.0 ], [ 106.807968347000042, -6.311047072999941, 0.0 ], [ 106.80798268500007, -6.311050211999941, 0.0 ], [ 106.808000444000072, -6.31104124999996, 0.0 ], [ 106.808033927000054, -6.311028652999937, 0.0 ], [ 106.808051783000053, -6.311021933999939, 0.0 ], [ 106.808111524000083, -6.311012156999936, 0.0 ], [ 106.808167670000046, -6.311000000999968, 0.0 ], [ 106.80822616100005, -6.310974678999969, 0.0 ], [ 106.808301343000039, -6.310936139999967, 0.0 ], [ 106.808340684000086, -6.310904902999937, 0.0 ], [ 106.808381216000043, -6.310871270999939, 0.0 ], [ 106.808420492000039, -6.310820895999939, 0.0 ], [ 106.808433758000035, -6.310796886999981, 0.0 ], [ 106.80845323300008, -6.310759019999978, 0.0 ], [ 106.808480457000087, -6.310684163999952, 0.0 ], [ 106.808505791000073, -6.310608599999966, 0.0 ], [ 106.808527616000049, -6.31055900399997, 0.0 ], [ 106.808539430000053, -6.310518293999962, 0.0 ], [ 106.808541630000036, -6.310463262999974, 0.0 ], [ 106.808522295000046, -6.310403521999945, 0.0 ], [ 106.808480316000043, -6.310364194999977, 0.0 ], [ 106.80844793600005, -6.310334403999946, 0.0 ], [ 106.808411983000042, -6.310309408999956, 0.0 ], [ 106.808384313000033, -6.310259266999935, 0.0 ], [ 106.808372188000078, -6.310210265999956, 0.0 ], [ 106.808344489000035, -6.310151750999978, 0.0 ], [ 106.808342119000088, -6.310148100999925, 0.0 ], [ 106.808320452000032, -6.310114754999972, 0.0 ], [ 106.80829643900006, -6.310084933999974, 0.0 ], [ 106.808280739000054, -6.310039533999941, 0.0 ], [ 106.80827219400004, -6.309988127999929, 0.0 ], [ 106.808259765000059, -6.309940973999971, 0.0 ], [ 106.808256444000051, -6.30992837499997, 0.0 ], [ 106.808222834000048, -6.309889018999968, 0.0 ], [ 106.808174903000065, -6.309856888999946, 0.0 ], [ 106.808111423000071, -6.309822420999978, 0.0 ], [ 106.808069514000067, -6.309803427999952, 0.0 ], [ 106.808025187000055, -6.309776069999941, 0.0 ], [ 106.807979071000034, -6.309734696999953, 0.0 ], [ 106.807941037000035, -6.309685782999964, 0.0 ], [ 106.807912297000087, -6.309630882999954, 0.0 ], [ 106.807884577000038, -6.309559134999972, 0.0 ], [ 106.807856857000047, -6.30948738799998, 0.0 ], [ 106.807829138000045, -6.309415639999941, 0.0 ], [ 106.807801417000064, -6.309343891999958, 0.0 ], [ 106.807784451000089, -6.309303227999976, 0.0 ], [ 106.807765194000069, -6.309266213999933, 0.0 ], [ 106.807709787000078, -6.309233864999953, 0.0 ], [ 106.807707839000045, -6.309234013999969, 0.0 ], [ 106.807683301000054, -6.309235889999968, 0.0 ], [ 106.80764582200004, -6.309238755999957, 0.0 ], [ 106.807633618000068, -6.309245139999973, 0.0 ], [ 106.807578693000039, -6.30926446899997, 0.0 ], [ 106.80752431600007, -6.30929217299996, 0.0 ], [ 106.807467126000063, -6.309313461999977, 0.0 ], [ 106.807407874000035, -6.30932805499998, 0.0 ], [ 106.807329594000066, -6.309334691999936, 0.0 ], [ 106.807253024000033, -6.309317102999955, 0.0 ], [ 106.80720341500006, -6.30929447799997, 0.0 ], [ 106.80713034200005, -6.309251669999981, 0.0 ], [ 106.807097412000076, -6.309241980999957, 0.0 ], [ 106.807074095000075, -6.309235119999926, 0.0 ], [ 106.807016610000062, -6.309205415999941, 0.0 ], [ 106.806990777000067, -6.30919466499995, 0.0 ], [ 106.806956749000051, -6.309180502999936, 0.0 ], [ 106.806922946000043, -6.309170162999976, 0.0 ], [ 106.806906486000059, -6.309165127999961, 0.0 ], [ 106.806874137000079, -6.309144905999972, 0.0 ], [ 106.806842977000088, -6.309122285999933, 0.0 ], [ 106.806829698000058, -6.309085251999932, 0.0 ], [ 106.80683156200007, -6.30903750799996, 0.0 ], [ 106.806831894000084, -6.309029023999926, 0.0 ], [ 106.806850889000089, -6.308990681999944, 0.0 ], [ 106.806885475000058, -6.308966638999948, 0.0 ], [ 106.806906882000078, -6.308948787999952, 0.0 ], [ 106.806920044000037, -6.308937810999964, 0.0 ], [ 106.806957032000071, -6.308917347999966, 0.0 ], [ 106.806972442000074, -6.308879017999971, 0.0 ], [ 106.806976316000032, -6.308866337999973, 0.0 ], [ 106.806987809000077, -6.308828726999934, 0.0 ], [ 106.806992341000068, -6.308756940999956, 0.0 ], [ 106.806985060000045, -6.308725866999964, 0.0 ], [ 106.806983740000078, -6.308689984999944, 0.0 ], [ 106.807011180000075, -6.308673143999954, 0.0 ], [ 106.807061384000065, -6.308671773999947, 0.0 ], [ 106.80706764200005, -6.308671752999942, 0.0 ], [ 106.807100238000032, -6.308671639999943, 0.0 ], [ 106.807159457000068, -6.308683992999931, 0.0 ], [ 106.807207906000087, -6.308693395999967, 0.0 ], [ 106.807228761000033, -6.308697549999977, 0.0 ], [ 106.807242719000044, -6.308700330999955, 0.0 ], [ 106.807280034000087, -6.308704985999952, 0.0 ], [ 106.807316138000033, -6.308705099999941, 0.0 ], [ 106.807348611000066, -6.308692547999954, 0.0 ], [ 106.807382978000078, -6.308674245999953, 0.0 ], [ 106.807410657000048, -6.308657882999967, 0.0 ], [ 106.807458386000064, -6.30863188099994, 0.0 ], [ 106.807470762000037, -6.308615569999972, 0.0 ], [ 106.807488891000048, -6.308603065999932, 0.0 ], [ 106.807500332000075, -6.308592500999964, 0.0 ], [ 106.807523191000087, -6.30856562699995, 0.0 ], [ 106.807541486000048, -6.308545778999928, 0.0 ], [ 106.807547964000037, -6.308538747999933, 0.0 ], [ 106.807576596000047, -6.308521424999981, 0.0 ], [ 106.807622465000065, -6.308510736999949, 0.0 ], [ 106.807657386000074, -6.308498400999952, 0.0 ], [ 106.807682645000057, -6.308489476999966, 0.0 ], [ 106.807742856000061, -6.30847778499998, 0.0 ], [ 106.807789674000048, -6.308465181999964, 0.0 ], [ 106.807835324000052, -6.30845151099993, 0.0 ], [ 106.807880431000058, -6.308436159999928, 0.0 ], [ 106.80794919300007, -6.30840817099994, 0.0 ], [ 106.807978812000044, -6.308399455999961, 0.0 ], [ 106.808034206000059, -6.308377253999936, 0.0 ], [ 106.808078537000085, -6.308361074999937, 0.0 ], [ 106.808123039000066, -6.308345367999948, 0.0 ], [ 106.808203275000039, -6.308316380999941, 0.0 ], [ 106.808223397000063, -6.308309074999954, 0.0 ], [ 106.808268114000043, -6.308292840999968, 0.0 ], [ 106.808333153000035, -6.308269861999975, 0.0 ], [ 106.808399102000067, -6.308249673999967, 0.0 ], [ 106.808407088000081, -6.308247646999973, 0.0 ], [ 106.808448791000046, -6.308237060999943, 0.0 ], [ 106.808481287000063, -6.308231205999959, 0.0 ], [ 106.808512791000055, -6.30821482999994, 0.0 ], [ 106.808550033000074, -6.308198432999973, 0.0 ], [ 106.80856667200004, -6.308170144999963, 0.0 ], [ 106.808583311000064, -6.308141857999942, 0.0 ], [ 106.808600393000063, -6.308103521999954, 0.0 ], [ 106.808599272000038, -6.308055679999939, 0.0 ], [ 106.808599131000051, -6.308015489999946, 0.0 ], [ 106.80859014400005, -6.307957717999955, 0.0 ], [ 106.808583534000036, -6.307929619999925, 0.0 ], [ 106.808576736000077, -6.307900736999954, 0.0 ], [ 106.808561161000057, -6.307823871999972, 0.0 ], [ 106.808544982000058, -6.307747133999953, 0.0 ], [ 106.808525763000034, -6.307671109999944, 0.0 ], [ 106.808501084000056, -6.307596696999951, 0.0 ], [ 106.808468299000083, -6.307519299999967, 0.0 ], [ 106.80844535500006, -6.307456590999948, 0.0 ], [ 106.808433517000083, -6.30742080999994, 0.0 ], [ 106.808424378000041, -6.307393187999935, 0.0 ], [ 106.808402609000041, -6.307330055999955, 0.0 ], [ 106.808378627000081, -6.30727103299995, 0.0 ], [ 106.808375080000076, -6.307262306999974, 0.0 ], [ 106.80836241600008, -6.30723437499995, 0.0 ], [ 106.808344881000039, -6.307195695999951, 0.0 ], [ 106.808343457000035, -6.307192560999965, 0.0 ], [ 106.808335057000079, -6.307174073999931, 0.0 ], [ 106.808334823000052, -6.307173555999952, 0.0 ], [ 106.80831968800004, -6.307140244999971, 0.0 ], [ 106.808314629000051, -6.307129108999959, 0.0 ], [ 106.808305994000079, -6.307107989999963, 0.0 ], [ 106.808286954000039, -6.307061417999932, 0.0 ], [ 106.808277773000043, -6.307032722999963, 0.0 ], [ 106.80827086000005, -6.307011118999981, 0.0 ], [ 106.808264673000053, -6.306991783999933, 0.0 ], [ 106.808254180000063, -6.306952167999953, 0.0 ], [ 106.808249490000037, -6.306934459999979, 0.0 ], [ 106.808239406000041, -6.306876083999953, 0.0 ], [ 106.808238507000056, -6.306835828999965, 0.0 ], [ 106.808238274000075, -6.306825369999956, 0.0 ], [ 106.808241663000047, -6.306802220999941, 0.0 ], [ 106.808243881000067, -6.306787073999942, 0.0 ], [ 106.808255530000054, -6.306757181999956, 0.0 ], [ 106.808256204000088, -6.306755453999926, 0.0 ], [ 106.808267942000043, -6.306743171999926, 0.0 ], [ 106.808280979000074, -6.306729530999974, 0.0 ], [ 106.808318264000036, -6.306725572999937, 0.0 ], [ 106.808386687000052, -6.306726001999948, 0.0 ], [ 106.808393545000058, -6.306725816999972, 0.0 ], [ 106.808455022000032, -6.306724140999961, 0.0 ], [ 106.80852860400006, -6.306706660999964, 0.0 ], [ 106.808548045000066, -6.30670033399997, 0.0 ], [ 106.808555351000052, -6.306697955999937, 0.0 ], [ 106.808582100000081, -6.306689250999966, 0.0 ], [ 106.808622192000087, -6.306667101999949, 0.0 ], [ 106.808657484000037, -6.306640185999981, 0.0 ], [ 106.808694660000072, -6.30660465099993, 0.0 ], [ 106.808705927000062, -6.306544324999948, 0.0 ], [ 106.808710524000048, -6.306490720999932, 0.0 ], [ 106.808690191000039, -6.306419022999933, 0.0 ], [ 106.808651733000033, -6.306360783999935, 0.0 ], [ 106.808605898000053, -6.306312543999979, 0.0 ], [ 106.808567149000055, -6.306266063999942, 0.0 ], [ 106.808563402000061, -6.306261570999936, 0.0 ], [ 106.808546055000079, -6.30622335399994, 0.0 ], [ 106.808515214000067, -6.306154561999961, 0.0 ], [ 106.808503862000066, -6.30608198699997, 0.0 ], [ 106.808502497000063, -6.306073268999967, 0.0 ], [ 106.808486898000069, -6.305987198999958, 0.0 ], [ 106.808473312000046, -6.305938796999953, 0.0 ], [ 106.808458827000038, -6.305890646999956, 0.0 ], [ 106.808446013000037, -6.305847062999931, 0.0 ], [ 106.808436525000047, -6.305802686999925, 0.0 ], [ 106.808434462000037, -6.305758676999972, 0.0 ], [ 106.808435254000074, -6.305711782999936, 0.0 ], [ 106.808455172000038, -6.305663867999954, 0.0 ], [ 106.808497130000035, -6.305628315999968, 0.0 ], [ 106.80850795300006, -6.30562656799998, 0.0 ], [ 106.808551614000066, -6.305619514999933, 0.0 ], [ 106.80858797500008, -6.305625129999953, 0.0 ], [ 106.808649207000087, -6.305631615999971, 0.0 ], [ 106.80869993400006, -6.305629674999977, 0.0 ], [ 106.808750562000057, -6.305625522999946, 0.0 ], [ 106.808824738000055, -6.305625383999939, 0.0 ], [ 106.80889886600005, -6.30562845399993, 0.0 ], [ 106.808973033000086, -6.305630056999973, 0.0 ], [ 106.809047040000053, -6.305625450999969, 0.0 ], [ 106.809072598000057, -6.30562163999997, 0.0 ], [ 106.809103035000078, -6.305623996999941, 0.0 ], [ 106.809103505000053, -6.305616055999963, 0.0 ], [ 106.809145456000067, -6.305599271999938, 0.0 ], [ 106.809189140000058, -6.30554987599993, 0.0 ], [ 106.809197218000065, -6.305526063999935, 0.0 ], [ 106.809210327000073, -6.305487417999927, 0.0 ], [ 106.80922015200008, -6.305412472999933, 0.0 ], [ 106.809226403000082, -6.305337692999956, 0.0 ], [ 106.80922644900005, -6.305337150999947, 0.0 ], [ 106.809226574000036, -6.305333747999953, 0.0 ], [ 106.809228522000069, -6.305280271999948, 0.0 ], [ 106.809229203000086, -6.305261614999949, 0.0 ], [ 106.809228408000081, -6.305186032999927, 0.0 ], [ 106.809225134000087, -6.305129124999951, 0.0 ], [ 106.80922406600007, -6.305110572999979, 0.0 ], [ 106.809216187000061, -6.305035397999973, 0.0 ], [ 106.809197897000047, -6.305001012999981, 0.0 ], [ 106.809159498000042, -6.304959997999958, 0.0 ], [ 106.809111601000041, -6.304911250999965, 0.0 ], [ 106.809064477000049, -6.304861764999941, 0.0 ], [ 106.809030908000068, -6.304824259999975, 0.0 ], [ 106.809000130000072, -6.304784476999941, 0.0 ], [ 106.808996572000069, -6.304777660999946, 0.0 ], [ 106.808958731000075, -6.304705195999929, 0.0 ], [ 106.808944416000088, -6.304669014999945, 0.0 ], [ 106.808930752000038, -6.304634480999937, 0.0 ], [ 106.80892864100008, -6.304577072999962, 0.0 ], [ 106.808930731000032, -6.304545717999929, 0.0 ], [ 106.808932276000064, -6.304522514999974, 0.0 ], [ 106.808935713000039, -6.304444859999933, 0.0 ], [ 106.808936622000033, -6.304367138999964, 0.0 ], [ 106.808932957000081, -6.304289510999979, 0.0 ], [ 106.80892259400008, -6.304212504999953, 0.0 ], [ 106.808911901000045, -6.304162782999981, 0.0 ], [ 106.808891632000041, -6.304109264999965, 0.0 ], [ 106.808859821000055, -6.304036649999944, 0.0 ], [ 106.808823305000033, -6.303987015999951, 0.0 ], [ 106.808791649000057, -6.30395937399993, 0.0 ], [ 106.80875713000006, -6.303933656999959, 0.0 ], [ 106.808720703000063, -6.303908902999979, 0.0 ], [ 106.808657482000058, -6.303880414999981, 0.0 ], [ 106.808629713000073, -6.303867170999979, 0.0 ], [ 106.808563112000058, -6.303833692999945, 0.0 ], [ 106.808495906000076, -6.303801447999945, 0.0 ], [ 106.808452303000081, -6.30377864999997, 0.0 ], [ 106.808441093000056, -6.30377, 0.0 ], [ 106.808413345000076, -6.303748585999926, 0.0 ], [ 106.808375717000047, -6.303671642999973, 0.0 ], [ 106.808414536000043, -6.303595291999954, 0.0 ], [ 106.808438546000048, -6.303566142999955, 0.0 ], [ 106.808447864000073, -6.303554830999929, 0.0 ], [ 106.808433359000048, -6.303508948999934, 0.0 ], [ 106.808415507000063, -6.303483622999977, 0.0 ], [ 106.808399011000063, -6.303460217999941, 0.0 ], [ 106.808397656000068, -6.303458294999928, 0.0 ], [ 106.808356512000046, -6.303411609999955, 0.0 ], [ 106.808339856000089, -6.303386470999953, 0.0 ], [ 106.808316494000053, -6.303351213999974, 0.0 ], [ 106.808275759000082, -6.303291315999957, 0.0 ], [ 106.808232948000068, -6.303238658999931, 0.0 ], [ 106.808221779000064, -6.303226783999946, 0.0 ], [ 106.808186463000084, -6.303189234999934, 0.0 ], [ 106.808138495000037, -6.303146339999955, 0.0 ], [ 106.80812387900005, -6.303136986999959, 0.0 ], [ 106.808095364000053, -6.303118738999956, 0.0 ], [ 106.808072377000087, -6.303109248999931, 0.0 ], [ 106.808039844000064, -6.303104577999932, 0.0 ], [ 106.808001612000055, -6.303111408999939, 0.0 ], [ 106.807969123000078, -6.303119176999928, 0.0 ], [ 106.807916615000067, -6.303146152999943, 0.0 ], [ 106.807880386000079, -6.303178811999942, 0.0 ], [ 106.807843181000067, -6.303205736999928, 0.0 ], [ 106.807809758000076, -6.303220206999981, 0.0 ], [ 106.807761023000069, -6.303231858999936, 0.0 ], [ 106.807703641000046, -6.303232057999935, 0.0 ], [ 106.807659651000051, -6.303233166999973, 0.0 ], [ 106.807616593000034, -6.303228530999945, 0.0 ], [ 106.80760798700004, -6.303227603999972, 0.0 ], [ 106.807568718000084, -6.303210515999979, 0.0 ], [ 106.807545708000077, -6.303194327999961, 0.0 ], [ 106.807521200000053, -6.303170712999929, 0.0 ], [ 106.807514042000037, -6.303163814999948, 0.0 ], [ 106.807481655000061, -6.303131871999938, 0.0 ], [ 106.807471582000062, -6.303123364999976, 0.0 ], [ 106.807457674000034, -6.303111619999981, 0.0 ], [ 106.80743010100008, -6.303088988999946, 0.0 ], [ 106.807392926000034, -6.303055624999956, 0.0 ], [ 106.807349772000066, -6.303022281999972, 0.0 ], [ 106.807292250000046, -6.302981812999974, 0.0 ], [ 106.807239264000088, -6.30294301899994, 0.0 ], [ 106.80718796900004, -6.302902030999974, 0.0 ], [ 106.807148993000055, -6.302867528999968, 0.0 ], [ 106.807145858000069, -6.302864357999965, 0.0 ], [ 106.807120671000064, -6.302838884999971, 0.0 ], [ 106.807112404000065, -6.302830523999944, 0.0 ], [ 106.807069178000063, -6.302775650999934, 0.0 ], [ 106.807048689000055, -6.30272787499996, 0.0 ], [ 106.80702460200007, -6.302676522999946, 0.0 ], [ 106.807001640000067, -6.302604833999965, 0.0 ], [ 106.806992631000071, -6.302560104999941, 0.0 ], [ 106.806988612000055, -6.302537642999937, 0.0 ], [ 106.806988508000074, -6.30253705399997, 0.0 ], [ 106.806984593000038, -6.302515180999933, 0.0 ], [ 106.806970145000037, -6.302458529999967, 0.0 ], [ 106.806956705000061, -6.302401642999939, 0.0 ], [ 106.806950426000071, -6.30236078799993, 0.0 ], [ 106.806944213000065, -6.302292628999965, 0.0 ], [ 106.806950021000034, -6.302243565999959, 0.0 ], [ 106.806950989000086, -6.302177773999972, 0.0 ], [ 106.806950337000046, -6.30211296799996, 0.0 ], [ 106.806948135000084, -6.302092624999943, 0.0 ], [ 106.806946295000046, -6.302075635999927, 0.0 ], [ 106.806945564000046, -6.302068886999962, 0.0 ], [ 106.806944676000057, -6.302060688999973, 0.0 ], [ 106.806943369000066, -6.302048614999933, 0.0 ], [ 106.806930049000073, -6.301999618999957, 0.0 ], [ 106.806907152000065, -6.301947066999958, 0.0 ], [ 106.80689686900007, -6.301923515999931, 0.0 ], [ 106.806872207000083, -6.301867045999927, 0.0 ], [ 106.806854833000045, -6.301824600999964, 0.0 ], [ 106.806840012000066, -6.301788388999967, 0.0 ], [ 106.806808944000068, -6.30170927599994, 0.0 ], [ 106.80677694700006, -6.301630536999937, 0.0 ], [ 106.806755001000056, -6.301580482999952, 0.0 ], [ 106.80673356300008, -6.301530209999953, 0.0 ], [ 106.806708663000052, -6.301464463999935, 0.0 ], [ 106.806678158000068, -6.301410785999963, 0.0 ], [ 106.806645744000036, -6.301371424999957, 0.0 ], [ 106.806610989000035, -6.301346426999942, 0.0 ], [ 106.806602415000043, -6.301342051999939, 0.0 ], [ 106.806569073000048, -6.301325040999927, 0.0 ], [ 106.80653191600004, -6.301296461999925, 0.0 ], [ 106.806485156000065, -6.301257150999959, 0.0 ], [ 106.806446781000034, -6.301222594999956, 0.0 ], [ 106.806399968000051, -6.301167733999932, 0.0 ], [ 106.80636635500008, -6.30112718099997, 0.0 ], [ 106.806348273000083, -6.301084181999954, 0.0 ], [ 106.806326611000088, -6.301042390999953, 0.0 ], [ 106.806303753000066, -6.301000604999956, 0.0 ], [ 106.806284654000081, -6.300952741999936, 0.0 ], [ 106.806265169000085, -6.300905045999968, 0.0 ], [ 106.806244720000052, -6.300869231999968, 0.0 ], [ 106.806241205000049, -6.300862811999934, 0.0 ], [ 106.806214645000068, -6.300814312999933, 0.0 ], [ 106.806198987000073, -6.300780875999976, 0.0 ], [ 106.806196087000046, -6.300762713999973, 0.0 ], [ 106.806192878000047, -6.300742618999948, 0.0 ], [ 106.806183570000087, -6.300703123999938, 0.0 ], [ 106.806177104000085, -6.300675687999956, 0.0 ], [ 106.806164918000036, -6.300608745999966, 0.0 ], [ 106.806164228000057, -6.300606911999978, 0.0 ], [ 106.806134755000073, -6.300528707999945, 0.0 ], [ 106.806127467000067, -6.300495239999975, 0.0 ], [ 106.806114723000064, -6.300449385999968, 0.0 ], [ 106.806103240000084, -6.300403220999954, 0.0 ], [ 106.80609583100005, -6.300335064999956, 0.0 ], [ 106.806094459000064, -6.300293857999975, 0.0 ], [ 106.806093162000082, -6.300254930999927, 0.0 ], [ 106.80609374900007, -6.300222634999955, 0.0 ], [ 106.806094248000079, -6.300194522999959, 0.0 ], [ 106.80609643400004, -6.300176979999947, 0.0 ], [ 106.806097156000078, -6.300171186999933, 0.0 ], [ 106.806106595000074, -6.300134669999977, 0.0 ], [ 106.80612910800005, -6.300076579999939, 0.0 ], [ 106.806152805000067, -6.300015493999979, 0.0 ], [ 106.806168125000056, -6.29996284899994, 0.0 ], [ 106.806183458000078, -6.299902987999928, 0.0 ], [ 106.806186935000085, -6.299875919999977, 0.0 ], [ 106.806191608000063, -6.299839563999967, 0.0 ], [ 106.806191628000079, -6.299811723999937, 0.0 ], [ 106.806191661000071, -6.299768391999976, 0.0 ], [ 106.806186677000085, -6.299710395999966, 0.0 ], [ 106.806180427000072, -6.299663743999929, 0.0 ], [ 106.806174727000041, -6.299623634999932, 0.0 ], [ 106.806173803000036, -6.299617140999942, 0.0 ], [ 106.806168114000059, -6.299563544999955, 0.0 ], [ 106.806162672000085, -6.29950992299996, 0.0 ], [ 106.806156514000065, -6.299457312999948, 0.0 ], [ 106.806153928000072, -6.29940110299998, 0.0 ], [ 106.806147741000075, -6.299340119999954, 0.0 ], [ 106.806141556000057, -6.299280333999945, 0.0 ], [ 106.80612698200008, -6.299214595999956, 0.0 ], [ 106.806109969000033, -6.299134511999966, 0.0 ], [ 106.806084695000038, -6.299085557999945, 0.0 ], [ 106.806042685000079, -6.299036659999956, 0.0 ], [ 106.805994694000049, -6.298986587999934, 0.0 ], [ 106.805982780000079, -6.298970807999979, 0.0 ], [ 106.805962267000041, -6.298943637999969, 0.0 ], [ 106.805958541000052, -6.29893875099998, 0.0 ], [ 106.805932245000065, -6.298904268999934, 0.0 ], [ 106.805926123000063, -6.298862424999925, 0.0 ], [ 106.805927031000067, -6.29884341199994, 0.0 ], [ 106.805928354000059, -6.298815766999951, 0.0 ], [ 106.805950892000055, -6.298765449999962, 0.0 ], [ 106.805973425000047, -6.298712740999974, 0.0 ], [ 106.805974475000085, -6.298709266999936, 0.0 ], [ 106.805991153000036, -6.298654067999962, 0.0 ], [ 106.806007715000078, -6.298603771999979, 0.0 ], [ 106.806014682000068, -6.298543939999945, 0.0 ], [ 106.806014504000075, -6.298492505999945, 0.0 ], [ 106.805997107000053, -6.298457992999943, 0.0 ], [ 106.805990429000076, -6.298444742999948, 0.0 ], [ 106.805963868000049, -6.298432144999936, 0.0 ], [ 106.805962888000067, -6.298431679999965, 0.0 ], [ 106.805935348000048, -6.29841861899996, 0.0 ], [ 106.805886870000052, -6.298403422999968, 0.0 ], [ 106.805886281000085, -6.298403237999935, 0.0 ], [ 106.805884671000058, -6.298403161999943, 0.0 ], [ 106.805838423000068, -6.298401010999953, 0.0 ], [ 106.805825485000071, -6.298402351999925, 0.0 ], [ 106.805790654000077, -6.298405960999958, 0.0 ], [ 106.805745252000065, -6.298413294999932, 0.0 ], [ 106.805707071000086, -6.298434959999952, 0.0 ], [ 106.805701786000043, -6.298438289999979, 0.0 ], [ 106.80569201600008, -6.298444446999952, 0.0 ], [ 106.805669515000034, -6.298458624999967, 0.0 ], [ 106.805659357000081, -6.298465027999953, 0.0 ], [ 106.80559968700004, -6.298495137999964, 0.0 ], [ 106.805551895000065, -6.298502479999968, 0.0 ], [ 106.805510058000038, -6.29850382099994, 0.0 ], [ 106.805434744000081, -6.298504081999965, 0.0 ], [ 106.805376139000089, -6.298495911999964, 0.0 ], [ 106.805325877000087, -6.298480535999943, 0.0 ], [ 106.805274411000084, -6.298462770999947, 0.0 ], [ 106.805219357000055, -6.298445018999928, 0.0 ], [ 106.805187018000083, -6.298427187999948, 0.0 ], [ 106.805173794000041, -6.298405704999936, 0.0 ], [ 106.805170068000052, -6.298365046999947, 0.0 ], [ 106.805165435000049, -6.298346211999956, 0.0 ], [ 106.805160366000052, -6.298325606999981, 0.0 ], [ 106.80512721100007, -6.298273022999979, 0.0 ], [ 106.805106246000037, -6.298231297999962, 0.0 ], [ 106.805089389000045, -6.298196667999946, 0.0 ], [ 106.805038995000075, -6.298143013999947, 0.0 ], [ 106.805013754000072, -6.298103628999968, 0.0 ], [ 106.805002841000032, -6.298059408999961, 0.0 ], [ 106.805000765000045, -6.298022363999962, 0.0 ], [ 106.805000293000035, -6.29801396299996, 0.0 ], [ 106.805008575000045, -6.297988816999975, 0.0 ], [ 106.805035930000088, -6.297948051999981, 0.0 ], [ 106.805063342000039, -6.297924032999958, 0.0 ], [ 106.80513, -6.29789068499997, 0.0 ], [ 106.805196716000069, -6.297857449999981, 0.0 ], [ 106.805214897000042, -6.297845758999927, 0.0 ], [ 106.805232627000066, -6.297834076999948, 0.0 ], [ 106.805288549000068, -6.297781179999959, 0.0 ], [ 106.805323211000086, -6.297726678999936, 0.0 ], [ 106.805329863000054, -6.297716219999927, 0.0 ], [ 106.805333011000073, -6.297706714999947, 0.0 ], [ 106.805354065000074, -6.297643126999958, 0.0 ], [ 106.80536879400006, -6.297580533999962, 0.0 ], [ 106.805381125000054, -6.297517436999954, 0.0 ], [ 106.805383050000046, -6.297493446999965, 0.0 ], [ 106.805387644000064, -6.297436194999932, 0.0 ], [ 106.805391757000052, -6.297370200999978, 0.0 ], [ 106.805392468000036, -6.297364461999962, 0.0 ], [ 106.805396311000038, -6.297333441999967, 0.0 ], [ 106.805399888000068, -6.297304580999935, 0.0 ], [ 106.80541200600004, -6.297239580999928, 0.0 ], [ 106.805420648000052, -6.297191943999962, 0.0 ], [ 106.80544195300007, -6.297130866999964, 0.0 ], [ 106.805447196000046, -6.297113020999973, 0.0 ], [ 106.80546763500007, -6.297033839999926, 0.0 ], [ 106.805477155000062, -6.297003320999977, 0.0 ], [ 106.805491988000085, -6.296955772999979, 0.0 ], [ 106.805512345000068, -6.29690037499995, 0.0 ], [ 106.805520193000064, -6.296879016999981, 0.0 ], [ 106.805538113000068, -6.296836858999939, 0.0 ], [ 106.805552182000042, -6.296803760999978, 0.0 ], [ 106.805556600000045, -6.296794653999939, 0.0 ], [ 106.805584315000033, -6.296737527999937, 0.0 ], [ 106.805587873000036, -6.296730190999938, 0.0 ], [ 106.805614528000035, -6.296687634999955, 0.0 ], [ 106.805651210000065, -6.296653353999943, 0.0 ], [ 106.805683627000064, -6.296631264999974, 0.0 ], [ 106.80570081500008, -6.29661955499995, 0.0 ], [ 106.805754500000035, -6.29659271099996, 0.0 ], [ 106.805763701000046, -6.29658773899996, 0.0 ], [ 106.805819291000034, -6.296557707999966, 0.0 ], [ 106.805882540000084, -6.296519983999929, 0.0 ], [ 106.805932093000081, -6.29648814799998, 0.0 ], [ 106.805944504000081, -6.296480175999932, 0.0 ], [ 106.80600548700005, -6.296438879999926, 0.0 ], [ 106.806019027000048, -6.296429406999948, 0.0 ], [ 106.806065836000073, -6.296396659999971, 0.0 ], [ 106.806115920000082, -6.296360600999947, 0.0 ], [ 106.806117597000082, -6.296359235999944, 0.0 ], [ 106.806129831000078, -6.296348437999939, 0.0 ], [ 106.806151944000078, -6.296328922999976, 0.0 ], [ 106.806171311000071, -6.296311832999947, 0.0 ], [ 106.806185752000033, -6.296299072999943, 0.0 ], [ 106.806195034000041, -6.296279841999933, 0.0 ], [ 106.806195734000084, -6.296278986999937, 0.0 ], [ 106.806237434000082, -6.296238172999949, 0.0 ], [ 106.806285066000044, -6.296184180999944, 0.0 ], [ 106.806337496000083, -6.296134957999925, 0.0 ], [ 106.806366849000085, -6.296116987999937, 0.0 ], [ 106.806370898000068, -6.29611450699997, 0.0 ], [ 106.806423433000077, -6.296095185999945, 0.0 ], [ 106.806480752000084, -6.296077045999937, 0.0 ], [ 106.806501135000076, -6.296066827999937, 0.0 ], [ 106.806563667000034, -6.296040408999943, 0.0 ], [ 106.806625182000062, -6.296011699999951, 0.0 ], [ 106.806637442000067, -6.296005415999957, 0.0 ], [ 106.806685596000079, -6.295980737999969, 0.0 ], [ 106.806693960000075, -6.295976053999937, 0.0 ], [ 106.806744829000081, -6.295947567999974, 0.0 ], [ 106.806770726000082, -6.295926522999935, 0.0 ], [ 106.806821952000064, -6.295874909999952, 0.0 ], [ 106.806857637000064, -6.295823352999946, 0.0 ], [ 106.806876603000035, -6.29577663699996, 0.0 ], [ 106.806886005000081, -6.295729953999967, 0.0 ], [ 106.806888829000059, -6.295661596999935, 0.0 ], [ 106.806889316000081, -6.295649799999978, 0.0 ], [ 106.806881116000056, -6.295595329999969, 0.0 ], [ 106.806880672000034, -6.29559237199993, 0.0 ], [ 106.806877080000049, -6.295568504999949, 0.0 ], [ 106.806850308000037, -6.295496553999953, 0.0 ], [ 106.806811316000051, -6.295430431999932, 0.0 ], [ 106.806804885000076, -6.29542293999998, 0.0 ], [ 106.806761319000088, -6.295372192999935, 0.0 ], [ 106.80675681200006, -6.295368670999949, 0.0 ], [ 106.806701377000081, -6.295325362999961, 0.0 ], [ 106.806644206000044, -6.295300109999971, 0.0 ], [ 106.806587199000035, -6.295274494999944, 0.0 ], [ 106.806532489000062, -6.295243857999935, 0.0 ], [ 106.80651989200004, -6.295236803999956, 0.0 ], [ 106.806491846000085, -6.295205646999932, 0.0 ], [ 106.806468274000053, -6.295179458999939, 0.0 ], [ 106.806437827000082, -6.295108551999931, 0.0 ], [ 106.806434308000064, -6.295091572999979, 0.0 ], [ 106.806430941000087, -6.295075567999959, 0.0 ], [ 106.806429337000054, -6.295067939999967, 0.0 ], [ 106.806419723000033, -6.295022245999974, 0.0 ], [ 106.806413507000059, -6.294952889999934, 0.0 ], [ 106.806407672000034, -6.294900758999972, 0.0 ], [ 106.806400632000077, -6.294853165999939, 0.0 ], [ 106.806399996000039, -6.294848870999942, 0.0 ], [ 106.806389052000043, -6.294795081999951, 0.0 ], [ 106.806386489000033, -6.294763780999972, 0.0 ], [ 106.806384059000038, -6.294734094999967, 0.0 ], [ 106.806373118000067, -6.294681502999936, 0.0 ], [ 106.806358295000052, -6.294656551999935, 0.0 ], [ 106.806357752000054, -6.294655635999959, 0.0 ], [ 106.806345463000071, -6.294634947999953, 0.0 ], [ 106.806299833000082, -6.294576493999955, 0.0 ], [ 106.806264979000048, -6.294522786999948, 0.0 ], [ 106.806235146000063, -6.294487525999955, 0.0 ], [ 106.806201390000069, -6.294456023999942, 0.0 ], [ 106.806146271000046, -6.294419131999973, 0.0 ], [ 106.806086375000064, -6.294383454999945, 0.0 ], [ 106.806058950000079, -6.294374097999935, 0.0 ], [ 106.806016957000054, -6.294359770999961, 0.0 ], [ 106.805960730000038, -6.294348004999961, 0.0 ], [ 106.805883010000059, -6.294343488999971, 0.0 ], [ 106.805822301000035, -6.294342573999927, 0.0 ], [ 106.80581845200004, -6.294342515999972, 0.0 ], [ 106.805735765000065, -6.294341598999949, 0.0 ], [ 106.805653115000041, -6.294339183999966, 0.0 ], [ 106.80557095100005, -6.294330213999956, 0.0 ], [ 106.805545325000082, -6.294325854999954, 0.0 ], [ 106.805520104000038, -6.294321564999962, 0.0 ], [ 106.80547045600008, -6.294307834999927, 0.0 ], [ 106.805406983000069, -6.294274561999941, 0.0 ], [ 106.80537027400004, -6.294236058999957, 0.0 ], [ 106.805363790000058, -6.294229256999927, 0.0 ], [ 106.805328939000049, -6.294176746999938, 0.0 ], [ 106.805299765000086, -6.294140771999935, 0.0 ], [ 106.805270116000088, -6.294105181999953, 0.0 ], [ 106.805242699000075, -6.294067054999971, 0.0 ], [ 106.805237695000073, -6.294060095999953, 0.0 ], [ 106.805222067000045, -6.294038361999981, 0.0 ], [ 106.805185985000037, -6.293975090999936, 0.0 ], [ 106.80515113000007, -6.29392138299994, 0.0 ], [ 106.805115056000034, -6.293860503999952, 0.0 ], [ 106.805107907000036, -6.293846326999926, 0.0 ], [ 106.805088158000046, -6.293807158999925, 0.0 ], [ 106.805065668000054, -6.293751825999948, 0.0 ], [ 106.805045090000078, -6.293677733999971, 0.0 ], [ 106.805019758000071, -6.293612031999942, 0.0 ], [ 106.805011217000072, -6.293561822999948, 0.0 ], [ 106.805008672000042, -6.293517573999964, 0.0 ], [ 106.80500941400004, -6.293459077999955, 0.0 ], [ 106.805009613000038, -6.293443408999963, 0.0 ], [ 106.805010519000064, -6.293359674999977, 0.0 ], [ 106.805012667000085, -6.293289093999931, 0.0 ], [ 106.805014920000076, -6.293249612999944, 0.0 ], [ 106.805026706000035, -6.293200529999979, 0.0 ], [ 106.805036097000084, -6.293150258999958, 0.0 ], [ 106.805067015000077, -6.293103500999962, 0.0 ], [ 106.805083095000043, -6.293087777999972, 0.0 ], [ 106.805107526000086, -6.293063887999949, 0.0 ], [ 106.805169409000086, -6.293014654999979, 0.0 ], [ 106.80517547900007, -6.293009826999935, 0.0 ], [ 106.805227938000087, -6.292968974999951, 0.0 ], [ 106.805284055000072, -6.292926784999963, 0.0 ], [ 106.80528539900007, -6.292925810999975, 0.0 ], [ 106.805285760000061, -6.292925546999925, 0.0 ], [ 106.805340899000043, -6.292885579999961, 0.0 ], [ 106.805398451000087, -6.292845371999931, 0.0 ], [ 106.805436193000048, -6.292814690999933, 0.0 ], [ 106.805449212000042, -6.292797295999947, 0.0 ], [ 106.805465341000058, -6.292775744999972, 0.0 ], [ 106.805500140000049, -6.292711457999928, 0.0 ], [ 106.805505184000083, -6.292702138999971, 0.0 ], [ 106.805509584000049, -6.292693002999954, 0.0 ], [ 106.805541503000086, -6.292626730999928, 0.0 ], [ 106.80557422000004, -6.292549688999941, 0.0 ], [ 106.805603261000044, -6.292471186999933, 0.0 ], [ 106.80562855900007, -6.29239139699996, 0.0 ], [ 106.80563717800004, -6.292358971999931, 0.0 ], [ 106.805646210000077, -6.292324983999947, 0.0 ], [ 106.805650061000051, -6.292310500999974, 0.0 ], [ 106.805667714000037, -6.292228677999958, 0.0 ], [ 106.80567129800005, -6.292207189999942, 0.0 ], [ 106.805681485000036, -6.292146110999965, 0.0 ], [ 106.805686410000078, -6.292104558999938, 0.0 ], [ 106.805691336000052, -6.292062984999973, 0.0 ], [ 106.805701348000071, -6.29198748999994, 0.0 ], [ 106.805705296000042, -6.291957726999954, 0.0 ], [ 106.805706271000076, -6.291950376999978, 0.0 ], [ 106.805711359000043, -6.291911994999964, 0.0 ], [ 106.80572137200005, -6.291836499999931, 0.0 ], [ 106.805731382000033, -6.291761003999966, 0.0 ], [ 106.805731626000068, -6.291759168999931, 0.0 ], [ 106.805734185000063, -6.291739876999941, 0.0 ], [ 106.805741394000052, -6.291685508999933, 0.0 ], [ 106.80574813800007, -6.291633993999938, 0.0 ], [ 106.805754772000057, -6.291583316999947, 0.0 ], [ 106.805754882000087, -6.291582478999942, 0.0 ], [ 106.80576295700007, -6.291544760999955, 0.0 ], [ 106.805777806000037, -6.291483200999949, 0.0 ], [ 106.805781231000083, -6.291469001999928, 0.0 ], [ 106.805782537000084, -6.29146538699996, 0.0 ], [ 106.805790331000082, -6.291443828999945, 0.0 ], [ 106.805807724000033, -6.291395714999965, 0.0 ], [ 106.805828099000053, -6.29135428799998, 0.0 ], [ 106.805842115000075, -6.291325790999963, 0.0 ], [ 106.805883989000051, -6.291260077999937, 0.0 ], [ 106.805922548000069, -6.291204948999962, 0.0 ], [ 106.805932447000089, -6.291190796999956, 0.0 ], [ 106.805942406000042, -6.29117655999994, 0.0 ], [ 106.805980907000048, -6.291121515999976, 0.0 ], [ 106.806019112000058, -6.291066896999951, 0.0 ], [ 106.806029367000065, -6.291052234999938, 0.0 ], [ 106.806070313000077, -6.290995069999951, 0.0 ], [ 106.806082285000059, -6.290978354999936, 0.0 ], [ 106.806111258000044, -6.290937903999975, 0.0 ], [ 106.806152203000067, -6.290880740999967, 0.0 ], [ 106.806193147000045, -6.290823573999944, 0.0 ], [ 106.806207216000075, -6.290807474999951, 0.0 ], [ 106.806215479000059, -6.290798018999965, 0.0 ], [ 106.806244868000078, -6.290764388999946, 0.0 ], [ 106.806266605000076, -6.290742429999966, 0.0 ], [ 106.806273734000058, -6.29073522799996, 0.0 ], [ 106.80630016200007, -6.29070853199994, 0.0 ], [ 106.806331974000045, -6.290680159999965, 0.0 ], [ 106.806358817000046, -6.290656217999981, 0.0 ], [ 106.806384076000086, -6.290636363999965, 0.0 ], [ 106.806387372000074, -6.290633772999968, 0.0 ], [ 106.806420605000085, -6.290607650999959, 0.0 ], [ 106.806471930000043, -6.290572233999967, 0.0 ], [ 106.806485288000033, -6.290563015999965, 0.0 ], [ 106.806537417000072, -6.29052827199996, 0.0 ], [ 106.806559417000074, -6.29051863899997, 0.0 ], [ 106.806605113000046, -6.290498628999956, 0.0 ], [ 106.806674950000058, -6.290474467999957, 0.0 ], [ 106.806746487000055, -6.29045593799998, 0.0 ], [ 106.806819268000083, -6.290443159999938, 0.0 ], [ 106.806892836000088, -6.290436211999975, 0.0 ], [ 106.806896051000081, -6.29043635599993, 0.0 ], [ 106.806942079000066, -6.29043841999993, 0.0 ], [ 106.806957573000034, -6.29043911499997, 0.0 ], [ 106.806974676000038, -6.290438663999964, 0.0 ], [ 106.807012452000038, -6.290437661999931, 0.0 ], [ 106.807024113000068, -6.290436587999977, 0.0 ], [ 106.807067117000088, -6.290432623999948, 0.0 ], [ 106.807084134000036, -6.290426468999954, 0.0 ], [ 106.807100545000083, -6.290420533999963, 0.0 ], [ 106.807112188000076, -6.290416321999942, 0.0 ], [ 106.807165612000063, -6.290380694999953, 0.0 ], [ 106.807200047000038, -6.290329315999941, 0.0 ], [ 106.807218050000074, -6.290270131999932, 0.0 ], [ 106.807218058000046, -6.290208267999958, 0.0 ], [ 106.807222146000072, -6.290181983999958, 0.0 ], [ 106.807228562000034, -6.290140744999974, 0.0 ], [ 106.807228685000041, -6.290139951999947, 0.0 ], [ 106.807279204000054, -6.290092781999931, 0.0 ], [ 106.807303532000049, -6.290090701999929, 0.0 ], [ 106.807347407000066, -6.290086946999963, 0.0 ], [ 106.807348051000076, -6.290086891999977, 0.0 ], [ 106.807348366000042, -6.290087098999948, 0.0 ], [ 106.807405839000069, -6.29012479499994, 0.0 ], [ 106.807406290000074, -6.290125259999968, 0.0 ], [ 106.807455770000047, -6.290176378999945, 0.0 ], [ 106.807524872000045, -6.29019577899993, 0.0 ], [ 106.807594332000065, -6.290177716999949, 0.0 ], [ 106.807669831000055, -6.290152402999979, 0.0 ], [ 106.807677883000053, -6.290149704999976, 0.0 ], [ 106.807727538000051, -6.290147377999972, 0.0 ], [ 106.807753306000052, -6.290146169999957, 0.0 ], [ 106.807828655000037, -6.290151055999956, 0.0 ], [ 106.807898385000044, -6.290163481999969, 0.0 ], [ 106.807902993000084, -6.290164302999926, 0.0 ], [ 106.807957254000087, -6.290180371999952, 0.0 ], [ 106.807975395000085, -6.290185745999963, 0.0 ], [ 106.807993537000073, -6.290187774999936, 0.0 ], [ 106.808004389000075, -6.290185197999961, 0.0 ], [ 106.808030341000062, -6.290179033999948, 0.0 ], [ 106.808052843000041, -6.290173688999971, 0.0 ], [ 106.808106494000072, -6.290144742999928, 0.0 ], [ 106.808142171000043, -6.290114201999927, 0.0 ], [ 106.808173456000077, -6.290079172999981, 0.0 ], [ 106.80820781400007, -6.290038265999954, 0.0 ], [ 106.808236605000047, -6.289993262999928, 0.0 ], [ 106.808258716000068, -6.289951864999978, 0.0 ], [ 106.808275752000043, -6.289919968999925, 0.0 ], [ 106.808310927000036, -6.289844684999935, 0.0 ], [ 106.808342031000052, -6.289767626999947, 0.0 ], [ 106.80836897100005, -6.289689015999954, 0.0 ], [ 106.808391673000074, -6.289609075999977, 0.0 ], [ 106.808405882000045, -6.28955590299995, 0.0 ], [ 106.808422513000039, -6.28950343899993, 0.0 ], [ 106.808453833000044, -6.289431128999979, 0.0 ], [ 106.808456683000088, -6.289425267999945, 0.0 ], [ 106.808459959000061, -6.289418529999978, 0.0 ], [ 106.808481531000041, -6.289374150999947, 0.0 ], [ 106.808488285000067, -6.289360257999931, 0.0 ], [ 106.808525802000077, -6.289290963999974, 0.0 ], [ 106.808566313000085, -6.289223377999974, 0.0 ], [ 106.808605872000044, -6.289163109999947, 0.0 ], [ 106.808619385000043, -6.289136720999977, 0.0 ], [ 106.808638730000041, -6.289098937999938, 0.0 ], [ 106.808664505000081, -6.289031603999945, 0.0 ], [ 106.808660281000073, -6.288944865999952, 0.0 ], [ 106.808628344000056, -6.28887174099998, 0.0 ], [ 106.808603958000049, -6.288815933999956, 0.0 ], [ 106.808596391000037, -6.288798620999955, 0.0 ], [ 106.808564424000053, -6.28872550799997, 0.0 ], [ 106.808530403000077, -6.288642723999942, 0.0 ], [ 106.808519397000055, -6.288610495999933, 0.0 ], [ 106.808501478000039, -6.288558020999972, 0.0 ], [ 106.808493789000067, -6.288521000999935, 0.0 ], [ 106.808485664000045, -6.288481888999968, 0.0 ], [ 106.808482272000049, -6.288455806999934, 0.0 ], [ 106.808478003000062, -6.288423001999945, 0.0 ], [ 106.808475633000057, -6.288404779999951, 0.0 ], [ 106.808471440000062, -6.288327134999975, 0.0 ], [ 106.80847153600007, -6.288322763999929, 0.0 ], [ 106.808473112000058, -6.288249393999934, 0.0 ], [ 106.808473678000041, -6.28824113099995, 0.0 ], [ 106.808464098000059, -6.288163752999935, 0.0 ], [ 106.808463080000081, -6.28815551699995, 0.0 ], [ 106.808457299000054, -6.288108831999978, 0.0 ], [ 106.808449386000063, -6.288045011999941, 0.0 ], [ 106.808449083000085, -6.28804256799998, 0.0 ], [ 106.808448276000036, -6.28804116699996, 0.0 ], [ 106.80844634500005, -6.288034485999958, 0.0 ], [ 106.808427552000069, -6.287954766999974, 0.0 ], [ 106.80842429900008, -6.287938851999968, 0.0 ], [ 106.808414371000083, -6.287884279999957, 0.0 ], [ 106.808423162000054, -6.287823684999978, 0.0 ], [ 106.808432696000068, -6.287763200999962, 0.0 ], [ 106.808442974000059, -6.287702839999952, 0.0 ], [ 106.808453185000076, -6.287641687999951, 0.0 ], [ 106.808453843000052, -6.287637741999959, 0.0 ], [ 106.80845921100007, -6.287593895999976, 0.0 ], [ 106.808461863000048, -6.287572230999956, 0.0 ], [ 106.808479940000041, -6.287491830999954, 0.0 ], [ 106.808491520000075, -6.287464555999975, 0.0 ], [ 106.808512145000066, -6.28741598299996, 0.0 ], [ 106.808556384000042, -6.287348742999939, 0.0 ], [ 106.808557431000054, -6.287347151999938, 0.0 ], [ 106.808614330000069, -6.287287571999968, 0.0 ], [ 106.808675615000084, -6.287232466999967, 0.0 ], [ 106.808736471000088, -6.287176887999976, 0.0 ], [ 106.808796897000036, -6.287120839999943, 0.0 ], [ 106.808856886000058, -6.28706432499996, 0.0 ], [ 106.808916436000061, -6.287007345999939, 0.0 ], [ 106.808975543000088, -6.28694990799994, 0.0 ], [ 106.809034204000056, -6.286892013999932, 0.0 ], [ 106.809048106000034, -6.286835267999948, 0.0 ], [ 106.809041868000065, -6.28680049899998, 0.0 ], [ 106.809040097000036, -6.286790628999938, 0.0 ], [ 106.809037789000058, -6.286777762999975, 0.0 ], [ 106.809018794000053, -6.286706786999957, 0.0 ], [ 106.809016439000061, -6.286684265999952, 0.0 ], [ 106.809014171000058, -6.286662585999977, 0.0 ], [ 106.809011153000085, -6.286633705999975, 0.0 ], [ 106.809015056000078, -6.286560330999976, 0.0 ], [ 106.809030406000034, -6.286488474999942, 0.0 ], [ 106.809056824000038, -6.286419914999954, 0.0 ], [ 106.809087142000067, -6.286352160999968, 0.0 ], [ 106.809103680000078, -6.286301084999934, 0.0 ], [ 106.809108334000086, -6.286290899999926, 0.0 ], [ 106.809108905000073, -6.286284947999945, 0.0 ], [ 106.809110009000051, -6.286281536999979, 0.0 ], [ 106.80911504900007, -6.286257353999929, 0.0 ], [ 106.809125160000065, -6.286208863999946, 0.0 ], [ 106.809132418000047, -6.286134982999954, 0.0 ], [ 106.809131699000034, -6.286060748999944, 0.0 ], [ 106.809136808000062, -6.285998717999973, 0.0 ], [ 106.809163743000056, -6.285942613999964, 0.0 ], [ 106.809201898000083, -6.285916167999972, 0.0 ], [ 106.809211188000063, -6.285909728999968, 0.0 ], [ 106.80926807700007, -6.28589999299993, 0.0 ], [ 106.809332446000042, -6.285905065999941, 0.0 ], [ 106.809395687000062, -6.285918093999953, 0.0 ], [ 106.809445977000053, -6.285929796999937, 0.0 ], [ 106.809476741000083, -6.285936956999933, 0.0 ], [ 106.809559893000085, -6.285940262999929, 0.0 ], [ 106.809642189000044, -6.285927894999929, 0.0 ], [ 106.809645727000088, -6.285926650999954, 0.0 ], [ 106.809675052000046, -6.285926170999971, 0.0 ], [ 106.809684444000084, -6.285919553999975, 0.0 ], [ 106.809693716000083, -6.285913021999932, 0.0 ], [ 106.809702875000085, -6.285906557999965, 0.0 ], [ 106.809720700000071, -6.285900289999972, 0.0 ], [ 106.809746646000065, -6.285875641999951, 0.0 ], [ 106.80975260200006, -6.285871419999978, 0.0 ], [ 106.809752267000079, -6.285870302999967, 0.0 ], [ 106.809756796000045, -6.285866, 0.0 ], [ 106.80975729000005, -6.285852321999926, 0.0 ], [ 106.809759523000082, -6.285790438999925, 0.0 ], [ 106.809751883000047, -6.285781395999948, 0.0 ], [ 106.809710738000035, -6.285732696999958, 0.0 ], [ 106.809692420000033, -6.285717230999978, 0.0 ], [ 106.80966326500004, -6.285692614999959, 0.0 ], [ 106.809641963000047, -6.285634228999925, 0.0 ], [ 106.809639485000048, -6.285601163999956, 0.0 ], [ 106.809636792000049, -6.28556520099994, 0.0 ], [ 106.809643222000034, -6.285496277999925, 0.0 ], [ 106.809653508000054, -6.28544861499995, 0.0 ], [ 106.809661679000044, -6.285400541999934, 0.0 ], [ 106.809665584000072, -6.285337385999981, 0.0 ], [ 106.809664629000054, -6.285274116999972, 0.0 ], [ 106.809658445000082, -6.285195897999927, 0.0 ], [ 106.809653301000083, -6.285142659999963, 0.0 ], [ 106.809650899000076, -6.285117799999966, 0.0 ], [ 106.809643014000073, -6.285040680999941, 0.0 ], [ 106.809624986000074, -6.284965289999946, 0.0 ], [ 106.809597134000057, -6.284892950999961, 0.0 ], [ 106.80958219300004, -6.284840172999964, 0.0 ], [ 106.80957813100008, -6.284785468999928, 0.0 ], [ 106.809578560000034, -6.284782003999965, 0.0 ], [ 106.809583750000058, -6.284740105999958, 0.0 ], [ 106.80959474000008, -6.284707587999947, 0.0 ], [ 106.809603292000077, -6.284668248999935, 0.0 ], [ 106.809606338000037, -6.284654246999935, 0.0 ], [ 106.809607688000085, -6.284648041999958, 0.0 ], [ 106.809632201000056, -6.284563639999931, 0.0 ], [ 106.809638024000037, -6.284543589999942, 0.0 ], [ 106.809644928000068, -6.284477398999968, 0.0 ], [ 106.80964361100007, -6.284416797999938, 0.0 ], [ 106.809630324000068, -6.284383587999969, 0.0 ], [ 106.809621098000036, -6.284360523999965, 0.0 ], [ 106.809580037000046, -6.284297944999935, 0.0 ], [ 106.809535592000088, -6.28424410599996, 0.0 ], [ 106.809532392000051, -6.284240228999977, 0.0 ], [ 106.809519278000039, -6.284227480999959, 0.0 ], [ 106.809478732000059, -6.284188064999967, 0.0 ], [ 106.809453214000087, -6.28415460399998, 0.0 ], [ 106.809425323000085, -6.284118029999945, 0.0 ], [ 106.809385979000069, -6.284039218999965, 0.0 ], [ 106.80937771300006, -6.28400987699996, 0.0 ], [ 106.809362093000061, -6.283954428999948, 0.0 ], [ 106.809354512000084, -6.28386666199998, 0.0 ], [ 106.809359168000071, -6.283818194999981, 0.0 ], [ 106.809371806000058, -6.28377560399997, 0.0 ], [ 106.809373018000088, -6.28377151899997, 0.0 ], [ 106.809408296000072, -6.283706355999925, 0.0 ], [ 106.809446778000051, -6.283643036999933, 0.0 ], [ 106.809488373000079, -6.283581718999926, 0.0 ], [ 106.809532975000081, -6.283522554999934, 0.0 ], [ 106.809573085000068, -6.283474534999925, 0.0 ], [ 106.80957851900007, -6.283468030999927, 0.0 ], [ 106.809580471000061, -6.283465691999936, 0.0 ], [ 106.80960989600004, -6.283424152999942, 0.0 ], [ 106.809615349000069, -6.283373532999974, 0.0 ], [ 106.809598726000047, -6.283334542999967, 0.0 ], [ 106.809587365000084, -6.283307892999972, 0.0 ], [ 106.809560447000081, -6.283259254999962, 0.0 ], [ 106.809552789000065, -6.283245417999979, 0.0 ], [ 106.809515196000063, -6.283184716999926, 0.0 ], [ 106.809474676000036, -6.283125930999972, 0.0 ], [ 106.809431321000034, -6.283069202999968, 0.0 ], [ 106.809376376000046, -6.28300024999993, 0.0 ], [ 106.809332937000079, -6.282923516999972, 0.0 ], [ 106.809309781000081, -6.282861522999951, 0.0 ], [ 106.809302082000045, -6.282840909999948, 0.0 ], [ 106.809288881000043, -6.282774376999953, 0.0 ], [ 106.809288988000048, -6.28270654499994, 0.0 ], [ 106.809302395000088, -6.282640053999955, 0.0 ], [ 106.80931337700008, -6.282580391999943, 0.0 ], [ 106.809314961000041, -6.282500201999937, 0.0 ], [ 106.809318934000032, -6.282420094999964, 0.0 ], [ 106.809320623000076, -6.282398865999937, 0.0 ], [ 106.809325290000061, -6.282340143999932, 0.0 ], [ 106.809334024000066, -6.28226041399995, 0.0 ], [ 106.80934568300006, -6.28219884799995, 0.0 ], [ 106.80938285600007, -6.282148418999952, 0.0 ], [ 106.809447618000036, -6.282105513999966, 0.0 ], [ 106.809457249000047, -6.282097840999938, 0.0 ], [ 106.809506609000039, -6.282058512999981, 0.0 ], [ 106.809507650000057, -6.282057684999927, 0.0 ], [ 106.809508377000043, -6.282057103999932, 0.0 ], [ 106.809551519000081, -6.282015503999958, 0.0 ], [ 106.80957830400007, -6.281961878999937, 0.0 ], [ 106.809585771000059, -6.281908103999967, 0.0 ], [ 106.809585698000035, -6.281903694999926, 0.0 ], [ 106.809585632000051, -6.281899744999976, 0.0 ], [ 106.80958490900008, -6.281856365999943, 0.0 ], [ 106.809584867000069, -6.281853818999934, 0.0 ], [ 106.809586619000072, -6.281803601999968, 0.0 ], [ 106.809607902000039, -6.281758091999961, 0.0 ], [ 106.809638202000087, -6.281715778999967, 0.0 ], [ 106.809651820000056, -6.281696760999978, 0.0 ], [ 106.809682352000038, -6.281657724999945, 0.0 ], [ 106.809698293000054, -6.281637345999968, 0.0 ], [ 106.809747236000078, -6.281579951999959, 0.0 ], [ 106.809798565000051, -6.28152468299993, 0.0 ], [ 106.809852184000079, -6.281471636999981, 0.0 ], [ 106.809906993000084, -6.281425898999942, 0.0 ], [ 106.809916834000035, -6.281417683999962, 0.0 ], [ 106.809984309000072, -6.281367312999976, 0.0 ], [ 106.810054412000056, -6.281320671999936, 0.0 ], [ 106.810072770000033, -6.281309843999964, 0.0 ], [ 106.810126934000039, -6.281277896999939, 0.0 ], [ 106.810201666000069, -6.281239113999959, 0.0 ], [ 106.810245811000073, -6.281201169999974, 0.0 ], [ 106.810264889000052, -6.281184771999961, 0.0 ], [ 106.810289239000042, -6.281148163999944, 0.0 ], [ 106.810323984000036, -6.281105755999931, 0.0 ], [ 106.810335443000042, -6.281091769999932, 0.0 ], [ 106.810357686000089, -6.281064619999938, 0.0 ], [ 106.810392744000069, -6.281021830999975, 0.0 ], [ 106.810408177000056, -6.281002982999951, 0.0 ], [ 106.810463593000065, -6.280951859999959, 0.0 ], [ 106.81049237600007, -6.280915119999975, 0.0 ], [ 106.810502274000044, -6.280902486999935, 0.0 ], [ 106.810539590000076, -6.28082726599996, 0.0 ], [ 106.810543390000078, -6.280816785999946, 0.0 ], [ 106.810568213000067, -6.28074832599998, 0.0 ], [ 106.810579832000087, -6.280667420999976, 0.0 ], [ 106.810581092000064, -6.280657911999981, 0.0 ], [ 106.810590131000083, -6.280589788999976, 0.0 ], [ 106.810590580000053, -6.280586396999979, 0.0 ], [ 106.810592369000062, -6.280571702999964, 0.0 ], [ 106.810600455000042, -6.280505262999952, 0.0 ], [ 106.810609458000044, -6.280424026999981, 0.0 ], [ 106.810617587000081, -6.28034269699998, 0.0 ], [ 106.810624841000049, -6.280261286999973, 0.0 ], [ 106.810632204000058, -6.280192047999947, 0.0 ], [ 106.810632544000043, -6.280188840999926, 0.0 ], [ 106.810633918000065, -6.280175923999934, 0.0 ], [ 106.810639568000056, -6.280122808999977, 0.0 ], [ 106.810646930000075, -6.280053570999939, 0.0 ], [ 106.810656301000051, -6.279996908999976, 0.0 ], [ 106.810661670000059, -6.279964437999979, 0.0 ], [ 106.810676833000059, -6.27987537599995, 0.0 ], [ 106.810686695000072, -6.279819041999929, 0.0 ], [ 106.810692413000083, -6.279786387999934, 0.0 ], [ 106.810719629000062, -6.279717209999944, 0.0 ], [ 106.810766415000046, -6.279650741999944, 0.0 ], [ 106.810769249000089, -6.279647704999945, 0.0 ], [ 106.810821867000072, -6.279591319999952, 0.0 ], [ 106.81085457100005, -6.279564744999959, 0.0 ], [ 106.810873948000051, -6.279549, 0.0 ], [ 106.810884939000061, -6.27954006899995, 0.0 ], [ 106.810936151000078, -6.279510949999974, 0.0 ], [ 106.810977435000041, -6.279492420999929, 0.0 ], [ 106.810989895000034, -6.27948682799996, 0.0 ], [ 106.811051360000079, -6.279449003999957, 0.0 ], [ 106.811105276000035, -6.279401019999966, 0.0 ], [ 106.811159407000048, -6.279341916999954, 0.0 ], [ 106.811165326000037, -6.279336218999958, 0.0 ], [ 106.811217148000082, -6.279286337999963, 0.0 ], [ 106.811268984000037, -6.279242382999939, 0.0 ], [ 106.811278271000049, -6.279234508999934, 0.0 ], [ 106.811342531000037, -6.279186630999959, 0.0 ], [ 106.811389792000057, -6.279165481999939, 0.0 ], [ 106.811406160000047, -6.279158154999948, 0.0 ], [ 106.811412396000037, -6.279157641999973, 0.0 ], [ 106.811475625000071, -6.279152428999964, 0.0 ], [ 106.81155962400004, -6.279172142999926, 0.0 ], [ 106.81160208700004, -6.279185612999981, 0.0 ], [ 106.811641868000038, -6.279198232999931, 0.0 ], [ 106.81168475000004, -6.279215810999972, 0.0 ], [ 106.811685890000035, -6.279216276999932, 0.0 ], [ 106.811705454000048, -6.279225736999933, 0.0 ], [ 106.811728724000034, -6.279236990999948, 0.0 ], [ 106.81172898300008, -6.279237040999931, 0.0 ], [ 106.81178815800007, -6.279248387999928, 0.0 ], [ 106.811856836000061, -6.279222662999928, 0.0 ], [ 106.811919268000054, -6.279184174999955, 0.0 ], [ 106.811973119000072, -6.279134368999962, 0.0 ], [ 106.812016368000059, -6.279075113999966, 0.0 ], [ 106.812047393000057, -6.279008626999939, 0.0 ], [ 106.812074746000064, -6.278946682999958, 0.0 ], [ 106.812077656000042, -6.278940091999971, 0.0 ], [ 106.812083059000088, -6.278927856999928, 0.0 ], [ 106.812102100000061, -6.278884737999931, 0.0 ], [ 106.812129452000079, -6.27882279399995, 0.0 ], [ 106.812160864000077, -6.278763922999929, 0.0 ], [ 106.812171075000037, -6.278744783999969, 0.0 ], [ 106.812192275000086, -6.278705052999953, 0.0 ], [ 106.812223686000038, -6.278646181999932, 0.0 ], [ 106.812233499000058, -6.278629138999975, 0.0 ], [ 106.812246946000073, -6.278605781999943, 0.0 ], [ 106.812250493000079, -6.278599619999966, 0.0 ], [ 106.812252168000043, -6.278596709999931, 0.0 ], [ 106.812258969000084, -6.278584897999963, 0.0 ], [ 106.812272128000075, -6.278562038999951, 0.0 ], [ 106.812277299000073, -6.278553056999954, 0.0 ], [ 106.812282335000077, -6.278545355999938, 0.0 ], [ 106.812289445000033, -6.278536182999972, 0.0 ], [ 106.81229572400008, -6.278528082999969, 0.0 ], [ 106.812308484000084, -6.278511622999929, 0.0 ], [ 106.812319663000039, -6.278497200999936, 0.0 ], [ 106.812340830000039, -6.27847613299997, 0.0 ], [ 106.812362844000063, -6.278454222999926, 0.0 ], [ 106.812381161000076, -6.278439614999968, 0.0 ], [ 106.812420386000042, -6.278408334999938, 0.0 ], [ 106.812477906000083, -6.278391968999927, 0.0 ], [ 106.81249540500005, -6.27839262599997, 0.0 ], [ 106.812499999000067, -6.27839279899996, 0.0 ], [ 106.812550166000051, -6.27841154999993, 0.0 ], [ 106.81255593700007, -6.278413705999981, 0.0 ], [ 106.812565705000054, -6.278417356999967, 0.0 ], [ 106.812634666000065, -6.278404553999962, 0.0 ], [ 106.812648171000035, -6.278393630999972, 0.0 ], [ 106.812698071000057, -6.278353281999955, 0.0 ], [ 106.812701430000061, -6.278345772999955, 0.0 ], [ 106.812731385000063, -6.278278831999955, 0.0 ], [ 106.812735314000065, -6.278253309999968, 0.0 ], [ 106.812743544000057, -6.278199844999961, 0.0 ], [ 106.812743729000033, -6.278197918999979, 0.0 ], [ 106.81274664700004, -6.278167673999974, 0.0 ], [ 106.812749455000073, -6.278138560999935, 0.0 ], [ 106.812751854000055, -6.278113691999977, 0.0 ], [ 106.812754713000061, -6.278083854999977, 0.0 ], [ 106.812755942000081, -6.278076204999934, 0.0 ], [ 106.812759500000084, -6.278054056999963, 0.0 ], [ 106.812760388000072, -6.278048528999932, 0.0 ], [ 106.812770095000076, -6.27800775299994, 0.0 ], [ 106.812783924000087, -6.277964528999973, 0.0 ], [ 106.812785029000054, -6.277961077999976, 0.0 ], [ 106.812801686000057, -6.277918464999971, 0.0 ], [ 106.812809989000073, -6.277897224999947, 0.0 ], [ 106.81281548000004, -6.277886101999968, 0.0 ], [ 106.812824634000037, -6.277867555999933, 0.0 ], [ 106.812836079000078, -6.277845454999976, 0.0 ], [ 106.812856718000035, -6.277798786999938, 0.0 ], [ 106.812864586000046, -6.277770277999934, 0.0 ], [ 106.812869492000061, -6.277745017999962, 0.0 ], [ 106.812871762000043, -6.277721018999955, 0.0 ], [ 106.81286983800004, -6.277704425999957, 0.0 ], [ 106.812867140000037, -6.27768115799995, 0.0 ], [ 106.812860417000081, -6.277650462999929, 0.0 ], [ 106.812855951000074, -6.277636566999945, 0.0 ], [ 106.812851911000052, -6.277623997999967, 0.0 ], [ 106.812846151000088, -6.27760607099998, 0.0 ], [ 106.812834922000036, -6.277577453999925, 0.0 ], [ 106.812831585000083, -6.277568948999942, 0.0 ], [ 106.812829591000082, -6.277558693999936, 0.0 ], [ 106.812828477000039, -6.277552969999931, 0.0 ], [ 106.81282365900006, -6.277528182999959, 0.0 ], [ 106.812823644000048, -6.277527953999936, 0.0 ], [ 106.812821554000038, -6.277493540999956, 0.0 ], [ 106.812831007000057, -6.277449424999929, 0.0 ], [ 106.812842806000049, -6.277423776999967, 0.0 ], [ 106.812855355000067, -6.277399549999927, 0.0 ], [ 106.812858009000081, -6.277393616999973, 0.0 ], [ 106.812885191000078, -6.277332858999955, 0.0 ], [ 106.812905320000084, -6.277277286999947, 0.0 ], [ 106.81292545000008, -6.277221716999975, 0.0 ], [ 106.812929419000056, -6.277202132999946, 0.0 ], [ 106.812928812000052, -6.277169663999928, 0.0 ], [ 106.812925810000081, -6.277147439999965, 0.0 ], [ 106.812925668000048, -6.277146388999938, 0.0 ], [ 106.812922524000044, -6.277123113999949, 0.0 ], [ 106.812925902000075, -6.277076262999969, 0.0 ], [ 106.81294272100007, -6.277029831999926, 0.0 ], [ 106.812966105000044, -6.276986651999948, 0.0 ], [ 106.812966237000069, -6.27698640999995, 0.0 ], [ 106.812971087000051, -6.276972230999945, 0.0 ], [ 106.812979261000066, -6.276948335999975, 0.0 ], [ 106.812993584000083, -6.276906463999978, 0.0 ], [ 106.812993776000042, -6.276850941999953, 0.0 ], [ 106.812993878000043, -6.276821963999964, 0.0 ], [ 106.812966819000053, -6.276740479999944, 0.0 ], [ 106.81294988500008, -6.276682764999975, 0.0 ], [ 106.812945288000037, -6.276667099999941, 0.0 ], [ 106.812932948000082, -6.276625048999961, 0.0 ], [ 106.812927344000059, -6.276603997999928, 0.0 ], [ 106.812918809000053, -6.276571954999952, 0.0 ], [ 106.812915509000049, -6.276559559999953, 0.0 ], [ 106.812903639000069, -6.276514505999955, 0.0 ], [ 106.812897786000065, -6.276492294999969, 0.0 ], [ 106.812891767000053, -6.276469451999958, 0.0 ], [ 106.812894497000059, -6.276406747999943, 0.0 ], [ 106.812895089000051, -6.276393159999941, 0.0 ], [ 106.812921306000078, -6.276356, 0.0 ], [ 106.812939104000066, -6.276330773999973, 0.0 ], [ 106.813002183000037, -6.276291496999931, 0.0 ], [ 106.813008646000071, -6.276287471999979, 0.0 ], [ 106.81305367200008, -6.27625943399994, 0.0 ], [ 106.813056717000052, -6.27625753999996, 0.0 ], [ 106.813078189000066, -6.276244168999938, 0.0 ], [ 106.813121692000038, -6.276216481999938, 0.0 ], [ 106.813163099000064, -6.276185741999939, 0.0 ], [ 106.813195952000058, -6.276144957999975, 0.0 ], [ 106.813210887000082, -6.276126414999965, 0.0 ], [ 106.813215685000046, -6.276120460999948, 0.0 ], [ 106.813228803000072, -6.276104175999933, 0.0 ], [ 106.81326794000006, -6.276055595999935, 0.0 ], [ 106.813307077000047, -6.276007015999937, 0.0 ], [ 106.813373862000049, -6.275961330999962, 0.0 ], [ 106.813441343000079, -6.27593302899993, 0.0 ], [ 106.813484193000079, -6.275928817999954, 0.0 ], [ 106.813514162000047, -6.275925873999938, 0.0 ], [ 106.81353318500004, -6.275929754999936, 0.0 ], [ 106.813585855000042, -6.275940501999969, 0.0 ], [ 106.813660309000056, -6.27595765999996, 0.0 ], [ 106.81373476300007, -6.275974817999952, 0.0 ], [ 106.813786659000073, -6.275986777999947, 0.0 ], [ 106.813809215000049, -6.275991975999943, 0.0 ], [ 106.813851126000088, -6.275995573999978, 0.0 ], [ 106.813897204000057, -6.275999528999932, 0.0 ], [ 106.813929537000035, -6.275992652999946, 0.0 ], [ 106.813983589000088, -6.275981160999947, 0.0 ], [ 106.814022464000061, -6.27593361199996, 0.0 ], [ 106.814030169000034, -6.275911074999954, 0.0 ], [ 106.814042334000078, -6.275875485999961, 0.0 ], [ 106.81404785400008, -6.275844913999947, 0.0 ], [ 106.814049583000042, -6.275835337999979, 0.0 ], [ 106.814052599000036, -6.275818632999972, 0.0 ], [ 106.814056597000047, -6.275782436999975, 0.0 ], [ 106.814058580000051, -6.275733385999956, 0.0 ], [ 106.814060560000087, -6.275684337999962, 0.0 ], [ 106.81406846200008, -6.275618760999976, 0.0 ], [ 106.814082658000075, -6.275542624999957, 0.0 ], [ 106.814097867000044, -6.275497254999948, 0.0 ], [ 106.814107274000037, -6.27546919699995, 0.0 ], [ 106.814140198000075, -6.275404135999963, 0.0 ], [ 106.814146158000085, -6.275392358999966, 0.0 ], [ 106.814188019000085, -6.275312519999943, 0.0 ], [ 106.814204527000072, -6.275260277999962, 0.0 ], [ 106.814205756000035, -6.275256388999935, 0.0 ], [ 106.814207048000071, -6.275245758999972, 0.0 ], [ 106.814211343000068, -6.275210414999947, 0.0 ], [ 106.814210336000087, -6.275164113999949, 0.0 ], [ 106.814209236000067, -6.275156907999929, 0.0 ], [ 106.814205051000044, -6.275129467999932, 0.0 ], [ 106.814188138000077, -6.27511020999998, 0.0 ], [ 106.814185320000036, -6.275107000999981, 0.0 ], [ 106.814174287000071, -6.275086385999941, 0.0 ], [ 106.814158572000053, -6.275036050999972, 0.0 ], [ 106.814142859000071, -6.274985717999925, 0.0 ], [ 106.81414262800007, -6.274984897999957, 0.0 ], [ 106.814135070000077, -6.274957991999941, 0.0 ], [ 106.814122888000043, -6.274914614999943, 0.0 ], [ 106.814104735000058, -6.274849983999957, 0.0 ], [ 106.814102919000049, -6.27484351399994, 0.0 ], [ 106.814079364000065, -6.27477332199993, 0.0 ], [ 106.814077858000076, -6.274769466999942, 0.0 ], [ 106.814062383000078, -6.274729871999966, 0.0 ], [ 106.814045402000033, -6.274686422999935, 0.0 ], [ 106.814029464000043, -6.274659038999971, 0.0 ], [ 106.814011409000045, -6.274636788999942, 0.0 ], [ 106.813971992000063, -6.274581069999954, 0.0 ], [ 106.813960850000058, -6.274565318999976, 0.0 ], [ 106.813942166000061, -6.274531784999965, 0.0 ], [ 106.813931646000071, -6.274466019999977, 0.0 ], [ 106.813929786000074, -6.274454396999943, 0.0 ], [ 106.813930030000051, -6.274440666999965, 0.0 ], [ 106.813930829000071, -6.274395784999967, 0.0 ], [ 106.813939252000068, -6.274330524999925, 0.0 ], [ 106.813943800000061, -6.274295287999962, 0.0 ], [ 106.813947675000065, -6.274265267999965, 0.0 ], [ 106.813956098000062, -6.274200009999959, 0.0 ], [ 106.813962482000079, -6.274158903999933, 0.0 ], [ 106.813958149000086, -6.274091693999935, 0.0 ], [ 106.813949304000062, -6.274071118999927, 0.0 ], [ 106.813943188000053, -6.274056895999934, 0.0 ], [ 106.813931552000042, -6.274029824999957, 0.0 ], [ 106.813894001000051, -6.273984625999958, 0.0 ], [ 106.81385645000006, -6.273939428999938, 0.0 ], [ 106.813832514000069, -6.273897115999944, 0.0 ], [ 106.813811542000053, -6.273810768999965, 0.0 ], [ 106.81380880200004, -6.273745493999968, 0.0 ], [ 106.813807826000073, -6.273722246999967, 0.0 ], [ 106.813807815000075, -6.273721988999966, 0.0 ], [ 106.813819333000083, -6.27364793299995, 0.0 ], [ 106.81382147100004, -6.273634186999971, 0.0 ], [ 106.813851989000057, -6.273550739999962, 0.0 ], [ 106.813885764000077, -6.273495271999934, 0.0 ], [ 106.813886123000088, -6.273494682999967, 0.0 ], [ 106.813898194000046, -6.27347485599995, 0.0 ], [ 106.813904921000074, -6.27346535199996, 0.0 ], [ 106.813938567000037, -6.273417811999934, 0.0 ], [ 106.813943058000064, -6.273409457999946, 0.0 ], [ 106.81397165900006, -6.273356251999928, 0.0 ], [ 106.813977259000069, -6.27329564799993, 0.0 ], [ 106.813975614000071, -6.273280602999932, 0.0 ], [ 106.813970642000072, -6.273235145999934, 0.0 ], [ 106.81395384700005, -6.27316560099996, 0.0 ], [ 106.813927137000064, -6.273099232999925, 0.0 ], [ 106.813923320000072, -6.27308807999998, 0.0 ], [ 106.813917562000086, -6.273071251999966, 0.0 ], [ 106.813914009000086, -6.273058498999944, 0.0 ], [ 106.813913987000035, -6.273058420999973, 0.0 ], [ 106.813910440000086, -6.273045688999957, 0.0 ], [ 106.813936763000072, -6.273042579999981, 0.0 ], [ 106.813943361000042, -6.273041798999941, 0.0 ], [ 106.814038785000037, -6.273033504999944, 0.0 ], [ 106.814195478000045, -6.273006281999926, 0.0 ], [ 106.814264250000065, -6.272989559999928, 0.0 ], [ 106.814368869000077, -6.272963618999938, 0.0 ], [ 106.814469559000088, -6.272943344999931, 0.0 ], [ 106.814543349000076, -6.27293156199994, 0.0 ], [ 106.814581907000047, -6.27292577999998, 0.0 ], [ 106.814618255000084, -6.272922798999957, 0.0 ], [ 106.814654359000087, -6.272920231999933, 0.0 ], [ 106.814718270000071, -6.272916581999937, 0.0 ], [ 106.814768826000034, -6.272916609999925, 0.0 ], [ 106.814849330000072, -6.272920049999925, 0.0 ], [ 106.814907807000054, -6.272923839999976, 0.0 ], [ 106.814969164000047, -6.272928547999925, 0.0 ], [ 106.815018528000053, -6.272932323999953, 0.0 ], [ 106.815046535000079, -6.272934418999967, 0.0 ], [ 106.815063676000079, -6.272935802999939, 0.0 ], [ 106.815066954000088, -6.272936067999979, 0.0 ], [ 106.81508301100007, -6.272935670999971, 0.0 ], [ 106.81509888100004, -6.272933190999936, 0.0 ], [ 106.815114293000079, -6.272928670999931, 0.0 ], [ 106.815126619000068, -6.272923391999939, 0.0 ], [ 106.815138302000037, -6.272916806999945, 0.0 ], [ 106.815143520000049, -6.272913288999973, 0.0 ], [ 106.815156621000085, -6.272934542999963, 0.0 ], [ 106.815180976000079, -6.272963969999978, 0.0 ], [ 106.815209910000078, -6.272988904999977, 0.0 ], [ 106.815242608000062, -6.273008645999937, 0.0 ], [ 106.815278147000072, -6.273022632999925, 0.0 ], [ 106.815281266000056, -6.273023566999939, 0.0 ], [ 106.815352960000041, -6.273039021999978, 0.0 ], [ 106.815401041000086, -6.273047533999943, 0.0 ], [ 106.815899125000044, -6.273135718999981, 0.0 ], [ 106.816369224000084, -6.273223384999937, 0.0 ], [ 106.816557948000082, -6.273258578999958, 0.0 ], [ 106.81667148300005, -6.273280517999979, 0.0 ], [ 106.81698384200007, -6.273337303999938, 0.0 ], [ 106.817033876000039, -6.273347428999955, 0.0 ], [ 106.817047909000053, -6.273350268999934, 0.0 ], [ 106.817312334000064, -6.273403778999977, 0.0 ], [ 106.81732244300008, -6.273406035999926, 0.0 ], [ 106.817421383000067, -6.273428108999951, 0.0 ], [ 106.817615749000083, -6.273471467999968, 0.0 ], [ 106.817716176000033, -6.27349387299995, 0.0 ], [ 106.817932296000038, -6.273538619999954, 0.0 ], [ 106.818202463000034, -6.273594556999967, 0.0 ], [ 106.818279334000067, -6.273610472999962, 0.0 ], [ 106.818563130000086, -6.273664689999976, 0.0 ], [ 106.818772508000052, -6.273704689999931, 0.0 ], [ 106.818779323000058, -6.273705991999975, 0.0 ], [ 106.818945044000088, -6.273742143999925, 0.0 ], [ 106.819252353000081, -6.273818333999941, 0.0 ], [ 106.819268863000048, -6.273822757999937, 0.0 ], [ 106.819585649000032, -6.273907666999946, 0.0 ], [ 106.819609127000035, -6.273913359999938, 0.0 ], [ 106.820017533000055, -6.274012397999968, 0.0 ], [ 106.820334367000044, -6.274094101999935, 0.0 ], [ 106.820429208000064, -6.274119969999958, 0.0 ], [ 106.820485280000071, -6.274134352999965, 0.0 ], [ 106.820702574000052, -6.274190089999934, 0.0 ], [ 106.820741723000083, -6.274199400999976, 0.0 ], [ 106.820795704000034, -6.27421223999994, 0.0 ], [ 106.820841193000035, -6.274223656999936, 0.0 ], [ 106.820886684000072, -6.274235073999932, 0.0 ], [ 106.820925614000032, -6.274248391999947, 0.0 ], [ 106.820935526000085, -6.274252249999961, 0.0 ], [ 106.820935601000087, -6.27425227599997, 0.0 ], [ 106.820954427000061, -6.274262488999966, 0.0 ], [ 106.820969611000066, -6.274274379999952, 0.0 ], [ 106.820971291000035, -6.274275695999961, 0.0 ], [ 106.820980128000087, -6.274285391999967, 0.0 ], [ 106.820985720000067, -6.274291527999935, 0.0 ], [ 106.820992605000072, -6.274288236999951, 0.0 ], [ 106.820999013000062, -6.274285173999942, 0.0 ], [ 106.821000320000053, -6.274284373999933, 0.0 ], [ 106.821000824000066, -6.27428406599995, 0.0 ], [ 106.821002755000052, -6.274282883999945, 0.0 ], [ 106.82100308400004, -6.274282682999967, 0.0 ], [ 106.821004831000039, -6.27428161399996, 0.0 ], [ 106.821004965000043, -6.27428152899995, 0.0 ], [ 106.82101158100005, -6.274277482999935, 0.0 ], [ 106.821013394000033, -6.27427622099998, 0.0 ], [ 106.821014356000035, -6.274275535999948, 0.0 ], [ 106.821016125000085, -6.274274239999954, 0.0 ], [ 106.821018121000066, -6.274272642999961, 0.0 ], [ 106.821018226000035, -6.27427255899994, 0.0 ], [ 106.821021689000077, -6.27426978699998, 0.0 ], [ 106.821024094000052, -6.274267861999931, 0.0 ], [ 106.821024880000039, -6.274267061999979, 0.0 ], [ 106.821027187000084, -6.274264715999948, 0.0 ], [ 106.821037716000035, -6.274254005999978, 0.0 ], [ 106.821040617000051, -6.274251055999969, 0.0 ], [ 106.821054150000066, -6.274231761999943, 0.0 ], [ 106.821064327000045, -6.274210502999949, 0.0 ], [ 106.821071825000047, -6.274181023999972, 0.0 ], [ 106.821088054000086, -6.274117222999962, 0.0 ], [ 106.821153742000035, -6.273845550999965, 0.0 ], [ 106.821232891000079, -6.273551667999925, 0.0 ], [ 106.821252340000058, -6.273479459999976, 0.0 ], [ 106.821258240000077, -6.273457553999947, 0.0 ], [ 106.821364790000075, -6.27306194099998, 0.0 ], [ 106.821375767000063, -6.273027811999953, 0.0 ], [ 106.821454039000059, -6.272704320999935, 0.0 ], [ 106.821548460000088, -6.272251614999959, 0.0 ], [ 106.821553182000059, -6.272228973999972, 0.0 ], [ 106.821560268000042, -6.272197846999973, 0.0 ], [ 106.82156597900007, -6.272170793999976, 0.0 ], [ 106.821652656000083, -6.271760166999968, 0.0 ], [ 106.821668921000082, -6.271726874999956, 0.0 ], [ 106.821690282000077, -6.271696603999942, 0.0 ], [ 106.821716194000032, -6.271670126999936, 0.0 ], [ 106.821745996000061, -6.271648120999942, 0.0 ], [ 106.821778924000057, -6.271631148999973, 0.0 ], [ 106.821831261000057, -6.271609544999933, 0.0 ], [ 106.821831319000069, -6.271609518999981, 0.0 ], [ 106.821898951000037, -6.271585563999963, 0.0 ], [ 106.821959792000087, -6.271567635999929, 0.0 ], [ 106.822021459000041, -6.271552799999938, 0.0 ], [ 106.822114806000059, -6.271536472999969, 0.0 ], [ 106.822209118000046, -6.271527227999968, 0.0 ], [ 106.822290457000065, -6.271523750999961, 0.0 ], [ 106.82245124700006, -6.27151407599996, 0.0 ], [ 106.822611772000073, -6.27150069299995, 0.0 ], [ 106.822695239000041, -6.271498398999938, 0.0 ], [ 106.822778576000076, -6.271493221999947, 0.0 ], [ 106.822857409000051, -6.271485653999946, 0.0 ], [ 106.822863080000047, -6.27148484199995, 0.0 ], [ 106.822903196000084, -6.271476762999953, 0.0 ], [ 106.822942314000045, -6.271464751999929, 0.0 ], [ 106.822980052000048, -6.271448925999948, 0.0 ], [ 106.823009327000079, -6.27143343299997, 0.0 ], [ 106.823037267000075, -6.271415644999934, 0.0 ], [ 106.823056964000045, -6.271401078999929, 0.0 ], [ 106.823121013000048, -6.27135448599995, 0.0 ], [ 106.823203267000054, -6.271288349999963, 0.0 ], [ 106.823281746000077, -6.271217773999979, 0.0 ], [ 106.82347705400008, -6.271024912999962, 0.0 ], [ 106.823668421000036, -6.270828139999935, 0.0 ], [ 106.823668447000045, -6.270828116999951, 0.0 ], [ 106.823679792000064, -6.270816197999977, 0.0 ], [ 106.823738157000037, -6.27075750399996, 0.0 ], [ 106.823762627000065, -6.270728196999926, 0.0 ], [ 106.823770429000035, -6.270757935999939, 0.0 ], [ 106.823774137000044, -6.270772228999931, 0.0 ], [ 106.823797412000033, -6.270864579999966, 0.0 ], [ 106.823811543000033, -6.270923024999945, 0.0 ], [ 106.823811554000088, -6.270923062999941, 0.0 ], [ 106.823819596000078, -6.270957199999941, 0.0 ], [ 106.823852431000034, -6.271069959999977, 0.0 ], [ 106.82386056100006, -6.27108562899997, 0.0 ], [ 106.82387054700007, -6.271100185999956, 0.0 ], [ 106.823882236000088, -6.271113411999977, 0.0 ], [ 106.823901355000032, -6.271129481999935, 0.0 ], [ 106.82392296200004, -6.271142004999945, 0.0 ], [ 106.823946407000051, -6.271150606999981, 0.0 ], [ 106.824042643000041, -6.271157494999954, 0.0 ], [ 106.824163614000042, -6.271165265999969, 0.0 ], [ 106.824238247000039, -6.271173868999938, 0.0 ], [ 106.824313117000088, -6.271180067999978, 0.0 ], [ 106.824375039000074, -6.271183368999971, 0.0 ], [ 106.824509081000087, -6.271200864999969, 0.0 ], [ 106.824548961000062, -6.271207917999959, 0.0 ], [ 106.824567171000069, -6.271211138999945, 0.0 ], [ 106.82459791000008, -6.271216575999972, 0.0 ], [ 106.824692626000058, -6.271231383999975, 0.0 ], [ 106.824777622000056, -6.271247208999966, 0.0 ], [ 106.824862151000048, -6.271265361999951, 0.0 ], [ 106.825067141000034, -6.271319962999939, 0.0 ], [ 106.82506727100008, -6.271319990999928, 0.0 ], [ 106.825202318000038, -6.271352600999933, 0.0 ], [ 106.82520287300008, -6.271349505999979, 0.0 ], [ 106.82525748200004, -6.271070899999927, 0.0 ], [ 106.824993383000049, -6.27102588799994, 0.0 ], [ 106.825036647000047, -6.270817128999965, 0.0 ], [ 106.824852898000074, -6.270777578999969, 0.0 ], [ 106.824697864000086, -6.27074558299995, 0.0 ], [ 106.824686978000045, -6.270736886999941, 0.0 ], [ 106.824677598000051, -6.270726583999931, 0.0 ], [ 106.824669955000047, -6.270714931999976, 0.0 ], [ 106.824664243000086, -6.270702222999944, 0.0 ], [ 106.824660603000041, -6.270688772999961, 0.0 ], [ 106.824659127000075, -6.270674917999941, 0.0 ], [ 106.824659851000035, -6.270661003999976, 0.0 ], [ 106.824668136000071, -6.270639159999973, 0.0 ], [ 106.824640607000049, -6.270534932999965, 0.0 ], [ 106.824626476000049, -6.270481428999972, 0.0 ], [ 106.82461289400004, -6.270430013999942, 0.0 ], [ 106.824599116000059, -6.270377845999974, 0.0 ], [ 106.824591585000064, -6.270349975999977, 0.0 ], [ 106.824586533000058, -6.270324304999974, 0.0 ], [ 106.82458114800005, -6.270270785999969, 0.0 ], [ 106.824578865000035, -6.270216447999928, 0.0 ], [ 106.824579107000034, -6.270207020999976, 0.0 ], [ 106.824580286000071, -6.27018050099997, 0.0 ], [ 106.82458706500006, -6.270154890999947, 0.0 ], [ 106.824608065000064, -6.270114225999976, 0.0 ], [ 106.82462193300006, -6.270087368999953, 0.0 ], [ 106.824633454000036, -6.270065060999968, 0.0 ], [ 106.824657853000076, -6.27001781499996, 0.0 ], [ 106.824676120000049, -6.269982441999957, 0.0 ], [ 106.824695706000057, -6.269937247999962, 0.0 ], [ 106.824704530000076, -6.269919920999939, 0.0 ], [ 106.824716804000047, -6.269895819999931, 0.0 ], [ 106.82476392600006, -6.269829379999976, 0.0 ], [ 106.82479212700008, -6.269789614999979, 0.0 ], [ 106.824806440000089, -6.269760992999977, 0.0 ], [ 106.824809453000057, -6.269728604999955, 0.0 ], [ 106.824800414000038, -6.269691694999949, 0.0 ], [ 106.824798380000061, -6.26968643999993, 0.0 ], [ 106.824791374000085, -6.269668346999936, 0.0 ], [ 106.824774803000082, -6.269648761999974, 0.0 ], [ 106.824762040000053, -6.269640907999928, 0.0 ], [ 106.824745427000039, -6.269630685999971, 0.0 ], [ 106.824713819000067, -6.269606662999934, 0.0 ], [ 106.824686702000065, -6.269589337999946, 0.0 ], [ 106.824678414000061, -6.269579545999932, 0.0 ], [ 106.824677661000067, -6.269567494999933, 0.0 ], [ 106.82468175200006, -6.269559317999949, 0.0 ], [ 106.82468368900004, -6.269555442999945, 0.0 ], [ 106.824695964000057, -6.269545359999938, 0.0 ], [ 106.824704781000037, -6.269538118999947, 0.0 ], [ 106.824716138000042, -6.269528589999936, 0.0 ], [ 106.824750671000061, -6.269499616999951, 0.0 ], [ 106.82477031600007, -6.269483133999927, 0.0 ], [ 106.824831332000088, -6.269429654999954, 0.0 ], [ 106.824832585000081, -6.269428414999936, 0.0 ], [ 106.824871891000043, -6.269389482999941, 0.0 ], [ 106.824872208000045, -6.269389168999965, 0.0 ], [ 106.82490961700006, -6.269352114999947, 0.0 ], [ 106.824911180000072, -6.269350566999947, 0.0 ], [ 106.824957131000076, -6.269305373999941, 0.0 ], [ 106.824983484000086, -6.269272794999949, 0.0 ], [ 106.824998563000065, -6.269254154999942, 0.0 ], [ 106.825029941000082, -6.269215791999954, 0.0 ], [ 106.825055030000044, -6.26919154199993, 0.0 ], [ 106.825075139000035, -6.269172104999939, 0.0 ], [ 106.825139460000059, -6.26912357599997, 0.0 ], [ 106.825158001000034, -6.269109586999946, 0.0 ], [ 106.82520244400007, -6.269074939999939, 0.0 ], [ 106.825222882000048, -6.26905450299995, 0.0 ], [ 106.825235590000034, -6.269041796999943, 0.0 ], [ 106.825282292000054, -6.268990577999944, 0.0 ], [ 106.825296408000042, -6.268974752999952, 0.0 ], [ 106.825307149000082, -6.268962708999936, 0.0 ], [ 106.825326307000068, -6.268939590999935, 0.0 ], [ 106.825349114000062, -6.268900955999925, 0.0 ], [ 106.825381598000035, -6.268869400999961, 0.0 ], [ 106.825428850000037, -6.268821632999959, 0.0 ], [ 106.825472574000059, -6.268775339999934, 0.0 ], [ 106.825500131000069, -6.26874861999994, 0.0 ], [ 106.825523903000033, -6.268718480999951, 0.0 ], [ 106.825543472000049, -6.268685454999968, 0.0 ], [ 106.825556366000058, -6.268656014999976, 0.0 ], [ 106.825565914000038, -6.26862532499996, 0.0 ], [ 106.825571994000086, -6.268593762999956, 0.0 ], [ 106.825574614000061, -6.268556089999947, 0.0 ], [ 106.825564657000086, -6.268443088999959, 0.0 ], [ 106.825557143000083, -6.268348615999969, 0.0 ], [ 106.825542145000043, -6.268160012999942, 0.0 ], [ 106.825540451000052, -6.268138728999929, 0.0 ], [ 106.825557224000079, -6.268136039999945, 0.0 ], [ 106.825567211000077, -6.268135044999951, 0.0 ], [ 106.825576899000055, -6.268132419999972, 0.0 ], [ 106.825586024000074, -6.268128236999928, 0.0 ], [ 106.825594337000041, -6.268122610999967, 0.0 ], [ 106.82560161300006, -6.26811569399996, 0.0 ], [ 106.825600573000088, -6.268110565999962, 0.0 ], [ 106.825591383000074, -6.268100299999958, 0.0 ], [ 106.825569502000064, -6.268075859999954, 0.0 ], [ 106.825548262000041, -6.268054631999973, 0.0 ], [ 106.825507365000078, -6.268013758999928, 0.0 ], [ 106.825458924000088, -6.267950735999932, 0.0 ], [ 106.825418255000045, -6.267901415999972, 0.0 ], [ 106.825409059000037, -6.267869069999961, 0.0 ], [ 106.825399034000043, -6.267833804999952, 0.0 ], [ 106.82539151800006, -6.267780138999967, 0.0 ], [ 106.825388028000077, -6.267755223999927, 0.0 ], [ 106.825376587000051, -6.267715023999926, 0.0 ], [ 106.82537076300008, -6.267691774999946, 0.0 ], [ 106.82536834800004, -6.267682130999958, 0.0 ], [ 106.825374723000039, -6.267653798999959, 0.0 ], [ 106.825403914000049, -6.267599865999955, 0.0 ], [ 106.825427714000057, -6.267575273999967, 0.0 ], [ 106.825433118000035, -6.267569693999974, 0.0 ], [ 106.825500663000071, -6.267517564999935, 0.0 ], [ 106.825503574000038, -6.267515036999953, 0.0 ], [ 106.825558622000074, -6.267467265999926, 0.0 ], [ 106.825618074000033, -6.267416112999967, 0.0 ], [ 106.82563620600007, -6.267400509999959, 0.0 ], [ 106.825703747000034, -6.267341983999927, 0.0 ], [ 106.825784060000046, -6.267256036999981, 0.0 ], [ 106.825811897000051, -6.267232259999957, 0.0 ], [ 106.825837457000034, -6.267215793999981, 0.0 ], [ 106.825878542000055, -6.267197493999959, 0.0 ], [ 106.825922057000071, -6.267179263999935, 0.0 ], [ 106.825939710000057, -6.267171868999981, 0.0 ], [ 106.825980787000049, -6.26713985899994, 0.0 ], [ 106.826030980000041, -6.267085913999949, 0.0 ], [ 106.826066387000083, -6.26703879799993, 0.0 ], [ 106.826082641000085, -6.267017168999928, 0.0 ], [ 106.826080199000046, -6.266969269999947, 0.0 ], [ 106.82608364500004, -6.266921431999947, 0.0 ], [ 106.826092926000058, -6.266874377999955, 0.0 ], [ 106.826107902000047, -6.266828815999929, 0.0 ], [ 106.826123143000075, -6.266811537999956, 0.0 ], [ 106.826202254000066, -6.266728090999948, 0.0 ], [ 106.826254642000038, -6.26666666999995, 0.0 ], [ 106.826309398000035, -6.266566878999981, 0.0 ], [ 106.826359767000042, -6.266464802999963, 0.0 ], [ 106.826405657000066, -6.266360633999966, 0.0 ], [ 106.826440670000068, -6.266271687999961, 0.0 ], [ 106.82646660000006, -6.266219989999968, 0.0 ], [ 106.826490791000083, -6.266167454999959, 0.0 ], [ 106.826526535000085, -6.266184807999934, 0.0 ], [ 106.826609013000052, -6.266224850999947, 0.0 ], [ 106.826720415000068, -6.266260968999973, 0.0 ], [ 106.826842615000032, -6.266300588999968, 0.0 ], [ 106.827070485000036, -6.266378263999968, 0.0 ], [ 106.827332414000068, -6.266467055999954, 0.0 ], [ 106.827339233000089, -6.26646771399993, 0.0 ], [ 106.827346642000066, -6.266466339999965, 0.0 ], [ 106.827350840000065, -6.266463600999941, 0.0 ], [ 106.827550117000044, -6.265870960999962, 0.0 ], [ 106.827632513000083, -6.26562592199997, 0.0 ], [ 106.827643495000075, -6.265594692999969, 0.0 ], [ 106.827691855000069, -6.265608459999953, 0.0 ], [ 106.827751712000065, -6.265633625999953, 0.0 ], [ 106.827768400000082, -6.265653751999935, 0.0 ], [ 106.827793168000085, -6.265683622999973, 0.0 ], [ 106.827806839000061, -6.265747131999944, 0.0 ], [ 106.827798448000067, -6.26579492299993, 0.0 ], [ 106.827790058000062, -6.265842714999962, 0.0 ], [ 106.827772193000044, -6.26592236099998, 0.0 ], [ 106.827754329000072, -6.266002004999962, 0.0 ], [ 106.827747567000074, -6.266027235999957, 0.0 ], [ 106.827743607000059, -6.266059512999959, 0.0 ], [ 106.827749390000065, -6.266097103999925, 0.0 ], [ 106.827767943000083, -6.266114142999925, 0.0 ], [ 106.827773350000086, -6.266119106999952, 0.0 ], [ 106.82780464700005, -6.266147847999946, 0.0 ], [ 106.827823660000035, -6.266154047999976, 0.0 ], [ 106.827868264000074, -6.266168591999929, 0.0 ], [ 106.827872964000051, -6.266175095999927, 0.0 ], [ 106.827907472000049, -6.266222846999938, 0.0 ], [ 106.827911033000078, -6.266252601999952, 0.0 ], [ 106.827915960000041, -6.266299204999939, 0.0 ], [ 106.827920092000056, -6.266345885999954, 0.0 ], [ 106.82792315100005, -6.266400418999979, 0.0 ], [ 106.827943098000048, -6.266454341999975, 0.0 ], [ 106.827982298000052, -6.266496383999936, 0.0 ], [ 106.828000546000055, -6.266509295999981, 0.0 ], [ 106.82802292100007, -6.266525127999955, 0.0 ], [ 106.828063544000088, -6.266553873999953, 0.0 ], [ 106.828092092000077, -6.266578374999938, 0.0 ], [ 106.828107533000036, -6.266597040999955, 0.0 ], [ 106.828108489000044, -6.266598751999936, 0.0 ], [ 106.828117874000043, -6.266615871999932, 0.0 ], [ 106.828124621000086, -6.266628178999952, 0.0 ], [ 106.828143816000079, -6.266650671999969, 0.0 ], [ 106.828161716000068, -6.266663304999952, 0.0 ], [ 106.828171575000056, -6.26667026299998, 0.0 ], [ 106.828184026000088, -6.266679049999937, 0.0 ], [ 106.828221217000078, -6.266708650999931, 0.0 ], [ 106.828248814000062, -6.266747362999979, 0.0 ], [ 106.828276359000085, -6.266789675999973, 0.0 ], [ 106.828294669000059, -6.26683673399998, 0.0 ], [ 106.828312445000051, -6.266895342999931, 0.0 ], [ 106.828323024000042, -6.266946530999974, 0.0 ], [ 106.828333601000054, -6.26699771899996, 0.0 ], [ 106.82833706100007, -6.267019927999968, 0.0 ], [ 106.828339364000044, -6.267028374999938, 0.0 ], [ 106.828344501000061, -6.267047225999931, 0.0 ], [ 106.828344501000061, -6.267067692999944, 0.0 ], [ 106.828347540000038, -6.267087201999971, 0.0 ], [ 106.82834450200005, -6.267117491999954, 0.0 ], [ 106.828343381000082, -6.267128662999937, 0.0 ], [ 106.828336064000041, -6.267190050999943, 0.0 ], [ 106.82834021900004, -6.267250501999968, 0.0 ], [ 106.828346485000054, -6.267298922999942, 0.0 ], [ 106.828353143000072, -6.267318964999959, 0.0 ], [ 106.828363336000052, -6.267349640999953, 0.0 ], [ 106.828389903000073, -6.267391099999941, 0.0 ], [ 106.828423852000071, -6.267426759999978, 0.0 ], [ 106.828460599000039, -6.267469558999949, 0.0 ], [ 106.828467807000038, -6.267485456999964, 0.0 ], [ 106.828498137000054, -6.267544739999948, 0.0 ], [ 106.82849946500005, -6.267617042999973, 0.0 ], [ 106.828476811000087, -6.267663654999978, 0.0 ], [ 106.828441242000054, -6.267701335999959, 0.0 ], [ 106.828419112000063, -6.267711514999974, 0.0 ], [ 106.828379405000078, -6.267741800999943, 0.0 ], [ 106.828380424000045, -6.267828277999968, 0.0 ], [ 106.828403910000077, -6.267878972999938, 0.0 ], [ 106.828414881000072, -6.267940116999966, 0.0 ], [ 106.828424468000037, -6.268015440999932, 0.0 ], [ 106.828439458000048, -6.268097742999942, 0.0 ], [ 106.828450800000041, -6.268144092999933, 0.0 ], [ 106.828454373000056, -6.268158693999965, 0.0 ], [ 106.828474969000069, -6.268203119999953, 0.0 ], [ 106.828491213000063, -6.268233743999929, 0.0 ], [ 106.828508156000055, -6.268259162999925, 0.0 ], [ 106.82852652300005, -6.26828134699997, 0.0 ], [ 106.828549018000047, -6.268304771999965, 0.0 ], [ 106.828566321000039, -6.268330547999938, 0.0 ], [ 106.828606317000038, -6.268384953999941, 0.0 ], [ 106.828630520000047, -6.268435286999932, 0.0 ], [ 106.828641853000079, -6.268461084999956, 0.0 ], [ 106.828651677000039, -6.268483444999958, 0.0 ], [ 106.828661607000072, -6.268506049999928, 0.0 ], [ 106.828692716000035, -6.268583092999961, 0.0 ], [ 106.828708288000087, -6.268626636999954, 0.0 ], [ 106.828712264000046, -6.268646737999973, 0.0 ], [ 106.828714921000085, -6.268660170999965, 0.0 ], [ 106.828717049000034, -6.268670923999935, 0.0 ], [ 106.82872790600004, -6.268736702999945, 0.0 ], [ 106.828734344000054, -6.268797355999936, 0.0 ], [ 106.828737726000043, -6.268841660999954, 0.0 ], [ 106.828768321000041, -6.268899927999939, 0.0 ], [ 106.828809123000042, -6.268945557999928, 0.0 ], [ 106.828830862000075, -6.268969868999932, 0.0 ], [ 106.828849926000032, -6.268991187999973, 0.0 ], [ 106.828890727000044, -6.269036817999961, 0.0 ], [ 106.828936089000081, -6.269087465999974, 0.0 ], [ 106.828981450000072, -6.269138113999929, 0.0 ], [ 106.829007825000076, -6.269166643999938, 0.0 ], [ 106.829045849000067, -6.269218762999969, 0.0 ], [ 106.829070888000047, -6.269278227999962, 0.0 ], [ 106.829096270000036, -6.269349557999931, 0.0 ], [ 106.829121650000047, -6.269420887999956, 0.0 ], [ 106.82913110800007, -6.269468292999932, 0.0 ], [ 106.829127310000047, -6.269516482999961, 0.0 ], [ 106.829098391000059, -6.269587753999929, 0.0 ], [ 106.829069471000082, -6.269659024999953, 0.0 ], [ 106.829035043000033, -6.269727444999944, 0.0 ], [ 106.829000616000087, -6.269795864999935, 0.0 ], [ 106.828966197000057, -6.269866677999971, 0.0 ], [ 106.828931777000037, -6.269937488999972, 0.0 ], [ 106.828895920000036, -6.270007110999927, 0.0 ], [ 106.828860062000047, -6.27007673199995, 0.0 ], [ 106.828827047000061, -6.270138927999938, 0.0 ], [ 106.828794032000076, -6.270201121999946, 0.0 ], [ 106.828775896000082, -6.270238265999978, 0.0 ], [ 106.828793369000039, -6.270278275999942, 0.0 ], [ 106.828794328000072, -6.270278852999979, 0.0 ], [ 106.828837212000053, -6.270304676999956, 0.0 ], [ 106.828871012000036, -6.270330574999946, 0.0 ], [ 106.828878947000078, -6.270342067999934, 0.0 ], [ 106.828900470000065, -6.270367191999981, 0.0 ], [ 106.828914818000044, -6.270399494999936, 0.0 ], [ 106.828925579000042, -6.270424617999936, 0.0 ], [ 106.828931184000055, -6.270454538999957, 0.0 ], [ 106.828931235000084, -6.270454819999941, 0.0 ], [ 106.828936338000062, -6.270482043999948, 0.0 ], [ 106.828936397000064, -6.270482928999968, 0.0 ], [ 106.828936404000046, -6.270483030999969, 0.0 ], [ 106.828939925000043, -6.270535881999933, 0.0 ], [ 106.828914256000076, -6.270570129999953, 0.0 ], [ 106.828914174000033, -6.270570237999948, 0.0 ], [ 106.828907643000036, -6.270578950999948, 0.0 ], [ 106.828864601000078, -6.270596895999972, 0.0 ], [ 106.828854886000045, -6.270598664999966, 0.0 ], [ 106.828825146000042, -6.270604076999973, 0.0 ], [ 106.828812018000065, -6.27061721299998, 0.0 ], [ 106.828794218000041, -6.270624914999928, 0.0 ], [ 106.828739809000069, -6.270653812999967, 0.0 ], [ 106.828705837000086, -6.27068518699997, 0.0 ], [ 106.828690293000079, -6.270716696999955, 0.0 ], [ 106.828681619000065, -6.270739233999961, 0.0 ], [ 106.828668418000063, -6.270783408999932, 0.0 ], [ 106.828660674000048, -6.270842122999966, 0.0 ], [ 106.828669778000062, -6.270902188999969, 0.0 ], [ 106.828679306000083, -6.270940559999929, 0.0 ], [ 106.82869185800007, -6.270992099999944, 0.0 ], [ 106.828702827000086, -6.271037139999976, 0.0 ], [ 106.828704410000057, -6.271043639999959, 0.0 ], [ 106.828713175000075, -6.271089092999944, 0.0 ], [ 106.828721940000037, -6.271134545999928, 0.0 ], [ 106.828725658000053, -6.271172390999936, 0.0 ], [ 106.828729796000061, -6.27122763899996, 0.0 ], [ 106.828744204000088, -6.271266210999954, 0.0 ], [ 106.828747533000069, -6.271275122999953, 0.0 ], [ 106.828762192000056, -6.271308072999943, 0.0 ], [ 106.828773196000043, -6.271332807999954, 0.0 ], [ 106.828812165000045, -6.271401388999948, 0.0 ], [ 106.828827422000074, -6.271436861999973, 0.0 ], [ 106.828831791000084, -6.271494515999962, 0.0 ], [ 106.828831033000085, -6.271496141999933, 0.0 ], [ 106.828807365000046, -6.271546916999966, 0.0 ], [ 106.828770042000087, -6.271585371999947, 0.0 ], [ 106.828732682000066, -6.271623790999968, 0.0 ], [ 106.828687007000042, -6.271689079999931, 0.0 ], [ 106.828654955000047, -6.271753065999974, 0.0 ], [ 106.82862863400004, -6.271815058999948, 0.0 ], [ 106.828611358000046, -6.271878519999973, 0.0 ], [ 106.828609217000064, -6.27190967599995, 0.0 ], [ 106.828606849000039, -6.27194413899997, 0.0 ], [ 106.828610181000045, -6.271953762999942, 0.0 ], [ 106.828613762000089, -6.271964108999953, 0.0 ], [ 106.828623314000083, -6.271991696999976, 0.0 ], [ 106.828644592000046, -6.27202536599998, 0.0 ], [ 106.828650198000048, -6.272034235999968, 0.0 ], [ 106.82866210800006, -6.272056263999957, 0.0 ], [ 106.828683366000064, -6.272084896999957, 0.0 ], [ 106.828727981000043, -6.272126725999954, 0.0 ], [ 106.82876073400007, -6.272160791999966, 0.0 ], [ 106.828789284000038, -6.272190485999943, 0.0 ], [ 106.828837434000036, -6.27224401999996, 0.0 ], [ 106.828837917000044, -6.272244699999931, 0.0 ], [ 106.828862636000053, -6.272279482999977, 0.0 ], [ 106.828873404000035, -6.272303750999981, 0.0 ], [ 106.828882630000066, -6.27232891899996, 0.0 ], [ 106.828890747000059, -6.272364501999959, 0.0 ], [ 106.828893167000047, -6.272382686999947, 0.0 ], [ 106.828893367000035, -6.272385982999936, 0.0 ], [ 106.828894651000041, -6.272407164999947, 0.0 ], [ 106.828893629000049, -6.272431344999973, 0.0 ], [ 106.828873109000085, -6.272469103999981, 0.0 ], [ 106.82885408900006, -6.272504104999939, 0.0 ], [ 106.828786539000077, -6.27255196699997, 0.0 ], [ 106.828746695000063, -6.272578145999944, 0.0 ], [ 106.828744106000045, -6.272596906999979, 0.0 ], [ 106.828740968000034, -6.272619643999974, 0.0 ], [ 106.828740175000064, -6.272625391999952, 0.0 ], [ 106.828767885000047, -6.272687494999957, 0.0 ], [ 106.828786523000076, -6.272718828999928, 0.0 ], [ 106.828811716000075, -6.272744457999977, 0.0 ], [ 106.828861636000056, -6.272793544999956, 0.0 ], [ 106.828869292000036, -6.272801072999926, 0.0 ], [ 106.828902897000034, -6.272839830999942, 0.0 ], [ 106.82890952200006, -6.272851271999969, 0.0 ], [ 106.828917931000035, -6.272865794999973, 0.0 ], [ 106.828901989000087, -6.272922068999947, 0.0 ], [ 106.828863842000032, -6.272952403999966, 0.0 ], [ 106.828825696000081, -6.272982739999975, 0.0 ], [ 106.828787533000082, -6.273008440999945, 0.0 ], [ 106.828749370000082, -6.273034141999972, 0.0 ], [ 106.828710756000078, -6.273063283999932, 0.0 ], [ 106.828672142000073, -6.273092424999959, 0.0 ], [ 106.82864548200007, -6.273136996999938, 0.0 ], [ 106.828648451000049, -6.27318885699998, 0.0 ], [ 106.828675119000081, -6.273225622999973, 0.0 ], [ 106.828704002000052, -6.27324750899993, 0.0 ], [ 106.828724285000078, -6.273265183999968, 0.0 ], [ 106.828751858000032, -6.273281752999935, 0.0 ], [ 106.828776129000062, -6.273294775999943, 0.0 ], [ 106.828794170000037, -6.273309601999927, 0.0 ], [ 106.828806959000076, -6.273324039999977, 0.0 ], [ 106.82881485300004, -6.273340651999945, 0.0 ], [ 106.828823396000075, -6.273360716999946, 0.0 ], [ 106.828834800000038, -6.273390786999926, 0.0 ], [ 106.828853613000035, -6.273447589999932, 0.0 ], [ 106.828875436000033, -6.273518509999974, 0.0 ], [ 106.828897577000077, -6.273577920999969, 0.0 ], [ 106.828911338000069, -6.273604791999958, 0.0 ], [ 106.828917578000073, -6.273616976999961, 0.0 ], [ 106.828929093000056, -6.273634199999947, 0.0 ], [ 106.828936380000073, -6.273644884999953, 0.0 ], [ 106.828946362000067, -6.273661532999938, 0.0 ], [ 106.828951504000088, -6.273672567999938, 0.0 ], [ 106.828955674000042, -6.273685117999946, 0.0 ], [ 106.828955965000034, -6.273696070999961, 0.0 ], [ 106.828953021000075, -6.273709338999936, 0.0 ], [ 106.828946921000068, -6.273722199999952, 0.0 ], [ 106.828935668000042, -6.273745925999947, 0.0 ], [ 106.828927956000086, -6.273761029999946, 0.0 ], [ 106.828918744000077, -6.273779068999943, 0.0 ], [ 106.828916835000086, -6.273782807999964, 0.0 ], [ 106.828905881000082, -6.273808598999949, 0.0 ], [ 106.828900428000054, -6.273823394999965, 0.0 ], [ 106.828898805000051, -6.273834247999957, 0.0 ], [ 106.828900090000047, -6.273846730999935, 0.0 ], [ 106.828906729000039, -6.273865995999927, 0.0 ], [ 106.828912756000079, -6.273890897999934, 0.0 ], [ 106.828918921000081, -6.273920412999928, 0.0 ], [ 106.82892034300005, -6.273950422999974, 0.0 ], [ 106.828920401000062, -6.273981983999931, 0.0 ], [ 106.828923710000083, -6.274005473999978, 0.0 ], [ 106.828929272000039, -6.274028624999971, 0.0 ], [ 106.828936328000054, -6.274046250999959, 0.0 ], [ 106.828947551000056, -6.274068783999951, 0.0 ], [ 106.829010189000087, -6.274118074999933, 0.0 ], [ 106.829056347000062, -6.274153836999972, 0.0 ], [ 106.829072561000032, -6.274169852999933, 0.0 ], [ 106.829096937000088, -6.274200527999938, 0.0 ], [ 106.829118376000054, -6.274270617999946, 0.0 ], [ 106.82909894900007, -6.27430130099998, 0.0 ], [ 106.829062094000051, -6.27433128499996, 0.0 ], [ 106.829009647000078, -6.274374050999938, 0.0 ], [ 106.828957199000058, -6.274416816999974, 0.0 ], [ 106.828905955000039, -6.274461850999955, 0.0 ], [ 106.828854710000087, -6.274506885999926, 0.0 ], [ 106.828815380000037, -6.274540753999929, 0.0 ], [ 106.828776050000045, -6.274574622999978, 0.0 ], [ 106.828760351000085, -6.274589426999967, 0.0 ], [ 106.828755756000078, -6.274595827999974, 0.0 ], [ 106.828731125000047, -6.274660282999946, 0.0 ], [ 106.828715138000064, -6.274727410999958, 0.0 ], [ 106.82870807200004, -6.274796055999957, 0.0 ], [ 106.828708830000039, -6.274875958999928, 0.0 ], [ 106.828710391000072, -6.274895704999949, 0.0 ], [ 106.828710078000086, -6.274898078999968, 0.0 ], [ 106.828705691000039, -6.274931382999966, 0.0 ], [ 106.828705840000055, -6.274933258999965, 0.0 ], [ 106.828705875000082, -6.274933258999965, 0.0 ], [ 106.829691408000087, -6.274908447999962, 0.0 ], [ 106.830261533000055, -6.274896116999969, 0.0 ], [ 106.830289810000068, -6.27489550599995, 0.0 ], [ 106.830300497000053, -6.274895274999949, 0.0 ], [ 106.830580607000059, -6.274889216999952, 0.0 ], [ 106.830729156000075, -6.274861662999967, 0.0 ], [ 106.83087254600008, -6.27483471499994, 0.0 ], [ 106.831246474000068, -6.274768815999948, 0.0 ], [ 106.831311392000089, -6.274755581999955, 0.0 ], [ 106.831501612000068, -6.274714889999927, 0.0 ], [ 106.831540641000061, -6.274706540999944, 0.0 ], [ 106.831570970000087, -6.274699787999964, 0.0 ], [ 106.831668487000059, -6.274677629999928, 0.0 ], [ 106.832004507000079, -6.274606467999945, 0.0 ], [ 106.832115227000088, -6.274581571999931, 0.0 ], [ 106.832193430000075, -6.274562193999941, 0.0 ], [ 106.832269910000036, -6.274536848999958, 0.0 ], [ 106.832560095000076, -6.274484161999965, 0.0 ], [ 106.832598329000064, -6.274459208999929, 0.0 ], [ 106.832625549000056, -6.274430026999937, 0.0 ], [ 106.832625587000052, -6.274429986999962, 0.0 ], [ 106.832633053000052, -6.274421982999968, 0.0 ], [ 106.832627050000042, -6.27438686399995, 0.0 ], [ 106.832627040000034, -6.27438680399996, 0.0 ], [ 106.832622916000048, -6.274362679999967, 0.0 ], [ 106.832616931000075, -6.27432767099998, 0.0 ], [ 106.83261152700004, -6.274317456999938, 0.0 ], [ 106.832594257000039, -6.274260719999972, 0.0 ], [ 106.83257307000008, -6.274210606999929, 0.0 ], [ 106.832566359000054, -6.274194732999945, 0.0 ], [ 106.83251339900005, -6.27413512399994, 0.0 ], [ 106.832447452000054, -6.274090323999928, 0.0 ], [ 106.832433335000076, -6.274085920999937, 0.0 ], [ 106.832353484000066, -6.274076185999945, 0.0 ], [ 106.832329912000034, -6.274065452999935, 0.0 ], [ 106.832315466000068, -6.274022986999967, 0.0 ], [ 106.832312406000085, -6.274013987999979, 0.0 ], [ 106.832305652000059, -6.273994133999963, 0.0 ], [ 106.832313596000063, -6.273974652999925, 0.0 ], [ 106.832327827000086, -6.273939757999926, 0.0 ], [ 106.832353367000053, -6.273886880999953, 0.0 ], [ 106.832357612000067, -6.273875388999954, 0.0 ], [ 106.832374008000045, -6.273830994999969, 0.0 ], [ 106.832383190000087, -6.273806133999926, 0.0 ], [ 106.832383438000079, -6.273805462999974, 0.0 ], [ 106.832396871000071, -6.273771074999956, 0.0 ], [ 106.832406507000087, -6.273747454999977, 0.0 ], [ 106.832406774000049, -6.273746821999964, 0.0 ], [ 106.832416286000068, -6.273724297999934, 0.0 ], [ 106.832419568000034, -6.273716696999941, 0.0 ], [ 106.832453335000082, -6.27363835899996, 0.0 ], [ 106.832452712000077, -6.273553048999929, 0.0 ], [ 106.832443204000072, -6.273531849999927, 0.0 ], [ 106.832417803000055, -6.273475213999973, 0.0 ], [ 106.832386120000081, -6.273439439999947, 0.0 ], [ 106.832354437000049, -6.273403666999968, 0.0 ], [ 106.832344529000068, -6.273393776999967, 0.0 ], [ 106.832303799000044, -6.273353116999942, 0.0 ], [ 106.83230261500006, -6.273351934999937, 0.0 ], [ 106.832250793000071, -6.273300203999952, 0.0 ], [ 106.832210118000035, -6.273258226999928, 0.0 ], [ 106.832182569000054, -6.273206664999975, 0.0 ], [ 106.832165129000089, -6.273141654999961, 0.0 ], [ 106.832146667000075, -6.273058468999977, 0.0 ], [ 106.832141726000089, -6.273012434999941, 0.0 ], [ 106.832136783000067, -6.272966400999962, 0.0 ], [ 106.832134127000074, -6.272890454999981, 0.0 ], [ 106.832137500000044, -6.272829439999953, 0.0 ], [ 106.832143490000078, -6.272788343999935, 0.0 ], [ 106.832145088000061, -6.272777380999969, 0.0 ], [ 106.832147459000055, -6.272761112999945, 0.0 ], [ 106.832152677000067, -6.272725321999928, 0.0 ], [ 106.83216563700006, -6.27267115199993, 0.0 ], [ 106.832178596000062, -6.272616980999942, 0.0 ], [ 106.832209251000052, -6.272559803999968, 0.0 ], [ 106.832211921000066, -6.272557355999936, 0.0 ], [ 106.832257059000085, -6.272515968999926, 0.0 ], [ 106.832316653000078, -6.272490394999977, 0.0 ], [ 106.832344536000051, -6.272485781999933, 0.0 ], [ 106.832400698000072, -6.272445565999931, 0.0 ], [ 106.832414631000063, -6.272377881999944, 0.0 ], [ 106.832401832000073, -6.272349931999941, 0.0 ], [ 106.832344535000061, -6.272280355999953, 0.0 ], [ 106.832327474000067, -6.272258625999939, 0.0 ], [ 106.83232081500006, -6.272250146999966, 0.0 ], [ 106.832306574000086, -6.272232007999946, 0.0 ], [ 106.832302765000065, -6.272201776999964, 0.0 ], [ 106.832302164000055, -6.272197009999957, 0.0 ], [ 106.832298887000036, -6.272171003999972, 0.0 ], [ 106.832308684000054, -6.272146114999941, 0.0 ], [ 106.832311263000065, -6.272139564999975, 0.0 ], [ 106.832318420000036, -6.272129578999966, 0.0 ], [ 106.832321335000074, -6.272125508999977, 0.0 ], [ 106.832361478000053, -6.272069490999968, 0.0 ], [ 106.832382760000087, -6.272041764999926, 0.0 ], [ 106.832413968000083, -6.272001107999927, 0.0 ], [ 106.832432649000054, -6.27194663299997, 0.0 ], [ 106.832419501000061, -6.271874821999972, 0.0 ], [ 106.83240492200008, -6.271849515999975, 0.0 ], [ 106.832383063000066, -6.271811572999979, 0.0 ], [ 106.832355348000078, -6.271766344999946, 0.0 ], [ 106.832346144000041, -6.271714096999972, 0.0 ], [ 106.832346676000043, -6.271661165999944, 0.0 ], [ 106.832347208000044, -6.271608234999974, 0.0 ], [ 106.832347201000061, -6.271537542999965, 0.0 ], [ 106.832347192000043, -6.271466850999957, 0.0 ], [ 106.83234718500006, -6.271396158999949, 0.0 ], [ 106.832348724000042, -6.271323128999938, 0.0 ], [ 106.832350261000045, -6.271250099999975, 0.0 ], [ 106.83235049700005, -6.271226241999955, 0.0 ], [ 106.832236382000076, -6.271157993999964, 0.0 ], [ 106.832196444000033, -6.271134107999956, 0.0 ], [ 106.832145644000036, -6.271103726999968, 0.0 ], [ 106.832130763000066, -6.271083871999963, 0.0 ], [ 106.832116424000048, -6.271052785999927, 0.0 ], [ 106.83211588100005, -6.271051606999947, 0.0 ], [ 106.832118020000053, -6.271045183999945, 0.0 ], [ 106.832125802000064, -6.271021824999934, 0.0 ], [ 106.832153085000073, -6.270999487999973, 0.0 ], [ 106.832157763000055, -6.270994392999967, 0.0 ], [ 106.832162698000047, -6.270989019999945, 0.0 ], [ 106.832163350000087, -6.270988308999961, 0.0 ], [ 106.832224684000039, -6.270921519999945, 0.0 ], [ 106.832237414000076, -6.270907657999942, 0.0 ], [ 106.832291981000083, -6.270848091999937, 0.0 ], [ 106.832300394000072, -6.270829721999974, 0.0 ], [ 106.832303698000032, -6.27082250899997, 0.0 ], [ 106.832302970000057, -6.27081177499997, 0.0 ], [ 106.83230702600008, -6.270743889999949, 0.0 ], [ 106.832307891000085, -6.270729403999951, 0.0 ], [ 106.832311082000047, -6.270676004999927, 0.0 ], [ 106.832313627000076, -6.270633409999959, 0.0 ], [ 106.832314433000079, -6.270619924999949, 0.0 ], [ 106.83231513800007, -6.270608118999974, 0.0 ], [ 106.832324054000082, -6.270559606999939, 0.0 ], [ 106.832332971000085, -6.270511094999961, 0.0 ], [ 106.832334459000037, -6.270423471999948, 0.0 ], [ 106.832329061000053, -6.270355119999977, 0.0 ], [ 106.832342951000044, -6.270287978999932, 0.0 ], [ 106.832364005000045, -6.270241105999958, 0.0 ], [ 106.832385059000046, -6.270194233999973, 0.0 ], [ 106.83240324500008, -6.270164565999949, 0.0 ], [ 106.832407966000062, -6.270156864999933, 0.0 ], [ 106.832425472000068, -6.270128304999957, 0.0 ], [ 106.832461768000087, -6.270081527999935, 0.0 ], [ 106.832510055000057, -6.270045474999961, 0.0 ], [ 106.832540179000034, -6.270019169999955, 0.0 ], [ 106.832553027000074, -6.270007950999968, 0.0 ], [ 106.832566823000036, -6.269974684999966, 0.0 ], [ 106.832570295000039, -6.269966311999951, 0.0 ], [ 106.832574888000067, -6.269955238999955, 0.0 ], [ 106.832597778000036, -6.269885085999931, 0.0 ], [ 106.832663582000066, -6.269851760999927, 0.0 ], [ 106.832672734000084, -6.269839214999934, 0.0 ], [ 106.832677508000074, -6.269832668999925, 0.0 ], [ 106.832678816000055, -6.269830876999947, 0.0 ], [ 106.832684328000084, -6.269823320999933, 0.0 ], [ 106.832708195000066, -6.269790601999944, 0.0 ], [ 106.832698470000082, -6.26974398699997, 0.0 ], [ 106.832690010000078, -6.269717700999934, 0.0 ], [ 106.832665335000058, -6.269669043999954, 0.0 ], [ 106.832636221000087, -6.269632962999935, 0.0 ], [ 106.832607107000058, -6.269596881999973, 0.0 ], [ 106.832565116000069, -6.269552921999946, 0.0 ], [ 106.832523123000044, -6.269508959999939, 0.0 ], [ 106.832516188000056, -6.269500634999929, 0.0 ], [ 106.832485202000044, -6.269463438999935, 0.0 ], [ 106.832469570000058, -6.269406278999952, 0.0 ], [ 106.832489605000035, -6.269323973999974, 0.0 ], [ 106.832502800000043, -6.269309625999938, 0.0 ], [ 106.832526856000072, -6.26928346699998, 0.0 ], [ 106.832530987000041, -6.269278973999974, 0.0 ], [ 106.832572369000047, -6.269233973999974, 0.0 ], [ 106.832614681000052, -6.26919824099997, 0.0 ], [ 106.832656991000079, -6.269162507999965, 0.0 ], [ 106.832693228000039, -6.269131946999948, 0.0 ], [ 106.832738419000066, -6.269117666999932, 0.0 ], [ 106.832757484000069, -6.269115213999953, 0.0 ], [ 106.832800551000048, -6.269109673999935, 0.0 ], [ 106.832845425000073, -6.269103901999927, 0.0 ], [ 106.832862683000087, -6.269101681999928, 0.0 ], [ 106.832917458000054, -6.269041085999959, 0.0 ], [ 106.832914179000056, -6.268957665999949, 0.0 ], [ 106.832903067000075, -6.268909712999971, 0.0 ], [ 106.832876810000073, -6.268868085999941, 0.0 ], [ 106.832862434000049, -6.26885916599997, 0.0 ], [ 106.832844468000076, -6.268849061999958, 0.0 ], [ 106.832794764000084, -6.268821723999963, 0.0 ], [ 106.832754179000062, -6.268795400999977, 0.0 ], [ 106.83271359400004, -6.268769077999934, 0.0 ], [ 106.832707600000049, -6.268764872999952, 0.0 ], [ 106.832699548000051, -6.26875922399995, 0.0 ], [ 106.832681683000033, -6.268746692999969, 0.0 ], [ 106.832652374000077, -6.268726131999927, 0.0 ], [ 106.832585828000049, -6.268692026999929, 0.0 ], [ 106.832560990000047, -6.268683366999937, 0.0 ], [ 106.832540019000078, -6.268676055999947, 0.0 ], [ 106.832515224000076, -6.268667411999957, 0.0 ], [ 106.832459405000066, -6.268659584999966, 0.0 ], [ 106.83240479300008, -6.268673539999952, 0.0 ], [ 106.832365676000052, -6.268665422999959, 0.0 ], [ 106.832355375000077, -6.268625388999965, 0.0 ], [ 106.832341471000063, -6.268580281999959, 0.0 ], [ 106.83232756700005, -6.268535175999943, 0.0 ], [ 106.832286804000034, -6.268500630999938, 0.0 ], [ 106.832262497000045, -6.268501089999972, 0.0 ], [ 106.83224795600006, -6.268501364999963, 0.0 ], [ 106.832240357000046, -6.268500673999938, 0.0 ], [ 106.832176964000041, -6.268494901999929, 0.0 ], [ 106.832129049000059, -6.26846636199997, 0.0 ], [ 106.832115545000079, -6.268432917999974, 0.0 ], [ 106.832088293000083, -6.268354217999956, 0.0 ], [ 106.832099459000062, -6.268347430999938, 0.0 ], [ 106.832101641000065, -6.268346104999978, 0.0 ], [ 106.832134891000067, -6.268328526999937, 0.0 ], [ 106.832174624000061, -6.268311931999961, 0.0 ], [ 106.832186055000079, -6.268307694999976, 0.0 ], [ 106.832198047000077, -6.26830550699998, 0.0 ], [ 106.832210237000083, -6.268305434999945, 0.0 ], [ 106.832222255000033, -6.268307480999965, 0.0 ], [ 106.832257748000075, -6.268311915999959, 0.0 ], [ 106.832283607000079, -6.268310012999962, 0.0 ], [ 106.832366745000058, -6.268301967999946, 0.0 ], [ 106.832404307000047, -6.268297356999938, 0.0 ], [ 106.832448457000055, -6.268291154999929, 0.0 ], [ 106.832461110000054, -6.268290164999939, 0.0 ], [ 106.832490925000059, -6.268285053999932, 0.0 ], [ 106.832519829000034, -6.268276128999958, 0.0 ], [ 106.832547337000051, -6.268263537999928, 0.0 ], [ 106.832560610000087, -6.268252076999943, 0.0 ], [ 106.832575526000085, -6.268242855999972, 0.0 ], [ 106.832591710000088, -6.268236109999975, 0.0 ], [ 106.832633319000081, -6.268238834999977, 0.0 ], [ 106.832743032000053, -6.26823828299996, 0.0 ], [ 106.832852653000089, -6.268233752999947, 0.0 ], [ 106.832852760000037, -6.268254314999979, 0.0 ], [ 106.832852764000052, -6.268254850999938, 0.0 ], [ 106.832855977000065, -6.26848046899994, 0.0 ], [ 106.833047549000071, -6.268477292999933, 0.0 ], [ 106.833242048000045, -6.268460351999977, 0.0 ], [ 106.833333332000052, -6.268452400999934, 0.0 ], [ 106.833451995000075, -6.268439893999926, 0.0 ], [ 106.833483606000073, -6.268436561999977, 0.0 ], [ 106.833498316000089, -6.268435572999977, 0.0 ], [ 106.833634372000063, -6.268426422999937, 0.0 ], [ 106.833785412000054, -6.268421995999972, 0.0 ], [ 106.833875188000036, -6.268422762999933, 0.0 ], [ 106.833936512000037, -6.268423286999962, 0.0 ], [ 106.834034758000087, -6.268427848999977, 0.0 ], [ 106.834070674000088, -6.268429516999959, 0.0 ], [ 106.834087455000088, -6.268430295999963, 0.0 ], [ 106.834238024000058, -6.268443012999967, 0.0 ], [ 106.83438800600004, -6.268461417999958, 0.0 ], [ 106.834388488000059, -6.268461484999932, 0.0 ], [ 106.83442053300007, -6.268466173999968, 0.0 ], [ 106.834426764000057, -6.26846313599998, 0.0 ], [ 106.834433411000077, -6.268461168999977, 0.0 ], [ 106.834440292000068, -6.268460325999968, 0.0 ], [ 106.834447217000047, -6.268460629999936, 0.0 ], [ 106.834917043000075, -6.268458574999954, 0.0 ], [ 106.834940222000057, -6.268458473999942, 0.0 ], [ 106.834938090000037, -6.268407200999945, 0.0 ], [ 106.834927314000083, -6.268148048999933, 0.0 ], [ 106.834914722000065, -6.267917945999955, 0.0 ], [ 106.834910336000064, -6.267837819999954, 0.0 ], [ 106.834889288000056, -6.267527840999946, 0.0 ], [ 106.834884449000072, -6.267219659999967, 0.0 ], [ 106.83487079300005, -6.266821741999934, 0.0 ], [ 106.83486623400006, -6.266719791999947, 0.0 ], [ 106.83486350700008, -6.266678171999956, 0.0 ], [ 106.834859562000076, -6.266617958999973, 0.0 ], [ 106.834840576000033, -6.266384538999944, 0.0 ], [ 106.83483863500004, -6.266136705999941, 0.0 ], [ 106.834840191000069, -6.265971810999929, 0.0 ], [ 106.834846392000088, -6.265972737999959, 0.0 ], [ 106.834957702000054, -6.265988255999957, 0.0 ], [ 106.834970587000043, -6.265989544999968, 0.0 ], [ 106.835098380000034, -6.266002335999929, 0.0 ], [ 106.835239564000062, -6.266009821999944, 0.0 ], [ 106.835380941000039, -6.266010696999956, 0.0 ], [ 106.83543848000005, -6.266008042999943, 0.0 ], [ 106.835453808000068, -6.266006731999937, 0.0 ], [ 106.835494640000036, -6.266003238999929, 0.0 ], [ 106.835524901000042, -6.266000650999956, 0.0 ], [ 106.835608869000055, -6.265989461999936, 0.0 ], [ 106.835610879000058, -6.265989193999928, 0.0 ], [ 106.835641801000065, -6.26598998999998, 0.0 ], [ 106.835801890000084, -6.265991302999964, 0.0 ], [ 106.835809795000046, -6.265991367999959, 0.0 ], [ 106.836165520000065, -6.266002534999927, 0.0 ], [ 106.836521344000062, -6.266009928999949, 0.0 ], [ 106.837104099000044, -6.266028836999965, 0.0 ], [ 106.837319940000043, -6.266035838999926, 0.0 ], [ 106.837629742000047, -6.266048442999931, 0.0 ], [ 106.837803222000048, -6.266053026999941, 0.0 ], [ 106.837939691000088, -6.266056632999948, 0.0 ], [ 106.837971725000045, -6.266058882999971, 0.0 ], [ 106.837973627000054, -6.266059014999939, 0.0 ], [ 106.838340019000043, -6.266082166999979, 0.0 ], [ 106.838538847000052, -6.266092442999934, 0.0 ], [ 106.838552901000071, -6.266093169999976, 0.0 ], [ 106.838632189000066, -6.266097266999964, 0.0 ], [ 106.838771256000086, -6.266103033999968, 0.0 ], [ 106.838913653000077, -6.266104879999943, 0.0 ], [ 106.839056045000063, -6.266102613999976, 0.0 ], [ 106.839129686000035, -6.266099312999927, 0.0 ], [ 106.839141406000067, -6.266098787999965, 0.0 ], [ 106.839198312000065, -6.266096237999932, 0.0 ], [ 106.839568865000047, -6.26609192899997, 0.0 ], [ 106.83993943300004, -6.266094595999959, 0.0 ], [ 106.839959148000048, -6.266094710999937, 0.0 ], [ 106.839959924000084, -6.26609471699993, 0.0 ], [ 106.840135702000055, -6.266096134999941, 0.0 ], [ 106.840580178000039, -6.266102872999966, 0.0 ], [ 106.840764640000089, -6.266107104999946, 0.0 ], [ 106.840773211000055, -6.266107300999977, 0.0 ], [ 106.84096611700005, -6.266115556999978, 0.0 ], [ 106.841148298000064, -6.266126975999953, 0.0 ], [ 106.841179238000052, -6.266128361999961, 0.0 ], [ 106.841212745000064, -6.266129861999957, 0.0 ], [ 106.84149095500004, -6.266142319999972, 0.0 ], [ 106.841683955000065, -6.266146380999942, 0.0 ], [ 106.841706255000076, -6.266147277999949, 0.0 ], [ 106.842104032000066, -6.266163283999958, 0.0 ], [ 106.842218906000085, -6.266160448999926, 0.0 ], [ 106.84221926500004, -6.266160439999965, 0.0 ], [ 106.842257081000071, -6.26615843899998, 0.0 ], [ 106.842399974000045, -6.266150879999941, 0.0 ], [ 106.842580248000047, -6.266135105999979, 0.0 ], [ 106.842759872000045, -6.266113134999955, 0.0 ], [ 106.843272273000082, -6.266064445999973, 0.0 ], [ 106.843574034000085, -6.266046054999947, 0.0 ], [ 106.843875551000053, -6.266024048999952, 0.0 ], [ 106.843966117000036, -6.26601911299997, 0.0 ], [ 106.843980076000037, -6.266018351999946, 0.0 ], [ 106.844068191000076, -6.266010482999945, 0.0 ], [ 106.844084342000087, -6.266009040999961, 0.0 ], [ 106.84418822300006, -6.265996124999958, 0.0 ], [ 106.844217910000054, -6.265986755999961, 0.0 ], [ 106.84419882800006, -6.265950893999957, 0.0 ], [ 106.844142777000059, -6.265815004999979, 0.0 ], [ 106.844059177000076, -6.265656069999977, 0.0 ], [ 106.844041219000076, -6.265621932999977, 0.0 ], [ 106.843905415000052, -6.265363758999968, 0.0 ], [ 106.843838728000037, -6.265235539999935, 0.0 ], [ 106.843650116000049, -6.264872902999969, 0.0 ], [ 106.843591439000079, -6.264760086999956, 0.0 ], [ 106.843590409000058, -6.264758106999977, 0.0 ], [ 106.843492728000058, -6.264570297999967, 0.0 ], [ 106.843354489000035, -6.264165469999966, 0.0 ], [ 106.843313486000056, -6.263673296999968, 0.0 ], [ 106.843305278000059, -6.263574775999928, 0.0 ], [ 106.843303899000034, -6.263558221999972, 0.0 ], [ 106.843257444000074, -6.262892448999935, 0.0 ], [ 106.843256302000043, -6.26287607699993, 0.0 ], [ 106.843236489000049, -6.262588309999956, 0.0 ], [ 106.843235772000071, -6.262579133999964, 0.0 ], [ 106.84324652500004, -6.262578897999958, 0.0 ], [ 106.843256784000062, -6.26257867399994, 0.0 ], [ 106.843281970000078, -6.262578123999958, 0.0 ], [ 106.843330399000081, -6.262575397999967, 0.0 ], [ 106.843977206000034, -6.262538985999981, 0.0 ], [ 106.844167908000088, -6.262526924999975, 0.0 ], [ 106.844228753000039, -6.26252362699995, 0.0 ], [ 106.844424325000034, -6.262514826999961, 0.0 ], [ 106.844566109000084, -6.262510435999957, 0.0 ], [ 106.844620002000056, -6.262508767999975, 0.0 ], [ 106.844790270000033, -6.26250850699995, 0.0 ], [ 106.844960434000086, -6.262502515999927, 0.0 ], [ 106.844960480000054, -6.262502512999959, 0.0 ], [ 106.845099882000056, -6.26249332499998, 0.0 ], [ 106.845227418000036, -6.262488279999957, 0.0 ], [ 106.845350699000051, -6.262485918999971, 0.0 ], [ 106.845474003000049, -6.262486028999945, 0.0 ], [ 106.84552814400007, -6.262486427999931, 0.0 ], [ 106.845582257000046, -6.262484680999933, 0.0 ], [ 106.845618699000056, -6.262485758999958, 0.0 ], [ 106.845760312000039, -6.262487067999928, 0.0 ], [ 106.845783802000085, -6.26248684199993, 0.0 ], [ 106.845795563000081, -6.26248712599994, 0.0 ], [ 106.845796064000069, -6.262487137999926, 0.0 ], [ 106.845908129000065, -6.262487904999944, 0.0 ], [ 106.84600004400005, -6.262485667999954, 0.0 ], [ 106.846008250000068, -6.262485467999966, 0.0 ], [ 106.846020163000048, -6.262485177999963, 0.0 ], [ 106.84613070100005, -6.262479055999961, 0.0 ], [ 106.846240999000088, -6.262469532999944, 0.0 ], [ 106.846350950000044, -6.262456617999931, 0.0 ], [ 106.846384021000063, -6.262453165999943, 0.0 ], [ 106.846395980000068, -6.262451917999954, 0.0 ], [ 106.846397750000051, -6.262451732999978, 0.0 ], [ 106.84648926400007, -6.262442515999965, 0.0 ], [ 106.846621062000054, -6.262430022999979, 0.0 ], [ 106.846653808000042, -6.262427335999973, 0.0 ], [ 106.846970265000039, -6.262401374999968, 0.0 ], [ 106.846971007000036, -6.262401327999953, 0.0 ], [ 106.847000011000034, -6.262399470999981, 0.0 ], [ 106.847008052000035, -6.26239895599997, 0.0 ], [ 106.847180982000054, -6.262387882999974, 0.0 ], [ 106.847181023000076, -6.262387881999928, 0.0 ], [ 106.84722875500006, -6.26238482499997, 0.0 ], [ 106.847303138000086, -6.262380062999966, 0.0 ], [ 106.847389837000037, -6.262374031999968, 0.0 ], [ 106.84776915100008, -6.262347646999956, 0.0 ], [ 106.848109093000062, -6.262325551999936, 0.0 ], [ 106.848336032000077, -6.26231794399996, 0.0 ], [ 106.848341758000061, -6.262317750999955, 0.0 ], [ 106.848365301000058, -6.262316957999928, 0.0 ], [ 106.848376746000042, -6.262316572999964, 0.0 ], [ 106.848394509000059, -6.262315973999932, 0.0 ], [ 106.849024394000082, -6.262294510999936, 0.0 ], [ 106.849042315000077, -6.262293664999959, 0.0 ], [ 106.849252353000054, -6.262270613999931, 0.0 ], [ 106.849351297000055, -6.262260313999946, 0.0 ], [ 106.849351848000083, -6.26226025699998, 0.0 ], [ 106.849429775000033, -6.262252395999951, 0.0 ], [ 106.849554197000089, -6.262240297999938, 0.0 ], [ 106.849695725000061, -6.262227216999975, 0.0 ], [ 106.849695942000039, -6.262227196999959, 0.0 ], [ 106.849696032000054, -6.26222718899993, 0.0 ], [ 106.849696134000055, -6.262227179999968, 0.0 ], [ 106.849696441000049, -6.262227153999959, 0.0 ], [ 106.84973494500008, -6.262223915999925, 0.0 ], [ 106.849740475000033, -6.262223153999969, 0.0 ], [ 106.849792920000084, -6.26221904099998, 0.0 ], [ 106.849818519000053, -6.262217033999946, 0.0 ], [ 106.850018168000076, -6.26220137699994, 0.0 ], [ 106.850215442000035, -6.262185904999967, 0.0 ], [ 106.850438495000049, -6.26217275099998, 0.0 ], [ 106.850578372000086, -6.262164501999962, 0.0 ], [ 106.850821212000085, -6.262152322999953, 0.0 ], [ 106.851008592000085, -6.262146239999936, 0.0 ], [ 106.851195816000086, -6.262136453999972, 0.0 ], [ 106.851429580000058, -6.26211901299996, 0.0 ], [ 106.851466353000035, -6.262115515999938, 0.0 ], [ 106.851580595000087, -6.26210464899998, 0.0 ], [ 106.851731362000066, -6.262087869999959, 0.0 ], [ 106.851788126000088, -6.262082813999939, 0.0 ], [ 106.851845105000052, -6.262081829999943, 0.0 ], [ 106.85186236800007, -6.26208276899996, 0.0 ], [ 106.851902008000081, -6.262084925999943, 0.0 ], [ 106.852094098000066, -6.262146074999976, 0.0 ], [ 106.852105940000058, -6.262150591999955, 0.0 ], [ 106.852076310000086, -6.262221662999934, 0.0 ], [ 106.852071318000071, -6.262232901999937, 0.0 ], [ 106.852011272000084, -6.262368116999937, 0.0 ], [ 106.852003307000075, -6.262386052999943, 0.0 ], [ 106.851978074000044, -6.262442874999977, 0.0 ] ] ] ] } },
{ "type": "Feature", "properties": { "OBJECTID": 27, "NAMOBJ": null, "FCODE": "BA03080040", "REMARK": null, "METADATA": null, "SRS_ID": null, "KDBBPS": null, "KDCBPS": null, "KDCPUM": "317405", "KDEBPS": null, "KDEPUM": null, "KDPBPS": null, "KDPKAB": "3174", "KDPPUM": null, "LUASWH": null, "TIPADM": null, "WADMKC": "KEBAYORAN LAMA", "WADMKD": null, "WADMKK": "JAKARTA SELATAN", "WADMPR": null, "WIADKC": null, "WIADKK": null, "WIADPR": null, "WIADKD": null, "SHAPE_Length": 0.3002306363543043, "SHAPE_Area": 0.0015571677855879371 }, "geometry": { "type": "MultiPolygon", "coordinates": [ [ [ [ 106.789056822000077, -6.208468317999973, 0.0 ], [ 106.789118150000036, -6.208469375999925, 0.0 ], [ 106.78917931400008, -6.208464748999972, 0.0 ], [ 106.789227077000078, -6.208456639999952, 0.0 ], [ 106.789239787000042, -6.208454481999979, 0.0 ], [ 106.789299052000047, -6.208438659999956, 0.0 ], [ 106.789335534000088, -6.208425194999961, 0.0 ], [ 106.789356601000065, -6.208417419999932, 0.0 ], [ 106.789411939000047, -6.208390941999937, 0.0 ], [ 106.789427147000083, -6.208380944999931, 0.0 ], [ 106.789467650000063, -6.208347099999969, 0.0 ], [ 106.789511278000077, -6.208303141999977, 0.0 ], [ 106.789653069000053, -6.208164081999939, 0.0 ], [ 106.789676891000056, -6.208134303999941, 0.0 ], [ 106.789795498000046, -6.208002659999977, 0.0 ], [ 106.789854763000051, -6.207948063999936, 0.0 ], [ 106.789970027000038, -6.207853774999933, 0.0 ], [ 106.790013823000038, -6.207824086999949, 0.0 ], [ 106.790078103000042, -6.207771678999961, 0.0 ], [ 106.790163401000086, -6.207704110999941, 0.0 ], [ 106.790221510000038, -6.207658078999941, 0.0 ], [ 106.790343055000051, -6.207582851999973, 0.0 ], [ 106.790453349000074, -6.207514586999935, 0.0 ], [ 106.790498692000085, -6.207493415999977, 0.0 ], [ 106.790499259000057, -6.207493150999937, 0.0 ], [ 106.790506784000058, -6.207489636999981, 0.0 ], [ 106.790507758000047, -6.20748918299995, 0.0 ], [ 106.790518184000064, -6.207484321999971, 0.0 ], [ 106.790525095000078, -6.207481099999939, 0.0 ], [ 106.790532511000038, -6.207479863999936, 0.0 ], [ 106.790541899000061, -6.207478298999945, 0.0 ], [ 106.790583841000057, -6.207471305999945, 0.0 ], [ 106.790584499000033, -6.207471195999972, 0.0 ], [ 106.790611092000063, -6.207466762999957, 0.0 ], [ 106.790721030000043, -6.207471554999927, 0.0 ], [ 106.790746254000055, -6.207476267999937, 0.0 ], [ 106.79095944900007, -6.207516100999953, 0.0 ], [ 106.791074873000071, -6.20753766699994, 0.0 ], [ 106.791172660000086, -6.207555936999938, 0.0 ], [ 106.791385874000071, -6.207595775999948, 0.0 ], [ 106.791449321000073, -6.207607629999927, 0.0 ], [ 106.791582998000081, -6.207632606999937, 0.0 ], [ 106.791599115000054, -6.207635618999973, 0.0 ], [ 106.791812116000074, -6.207675415999972, 0.0 ], [ 106.791844336000054, -6.207681435999973, 0.0 ], [ 106.792025332000037, -6.207715252999947, 0.0 ], [ 106.792238538000049, -6.207755087999942, 0.0 ], [ 106.792396974000042, -6.207784870999944, 0.0 ], [ 106.792396149000069, -6.207802626999978, 0.0 ], [ 106.792393129000061, -6.207824186999972, 0.0 ], [ 106.792386471000043, -6.207871725999951, 0.0 ], [ 106.792366880000088, -6.207946658999958, 0.0 ], [ 106.792363831000046, -6.207958319999932, 0.0 ], [ 106.792335415000082, -6.208043191999934, 0.0 ], [ 106.79229829500008, -6.208103882999978, 0.0 ], [ 106.792249667000078, -6.20815579799995, 0.0 ], [ 106.792191546000083, -6.208196787999952, 0.0 ], [ 106.792136891000041, -6.208232783999961, 0.0 ], [ 106.792106427000078, -6.208263042999931, 0.0 ], [ 106.792090452000082, -6.208278910999979, 0.0 ], [ 106.792054074000077, -6.208333334999963, 0.0 ], [ 106.791944122000075, -6.208530702999951, 0.0 ], [ 106.791905752000048, -6.208636335999927, 0.0 ], [ 106.791890150000086, -6.208688062999954, 0.0 ], [ 106.791886833000035, -6.208700746999966, 0.0 ], [ 106.791875308000044, -6.208718955999927, 0.0 ], [ 106.791875308000044, -6.208719723999934, 0.0 ], [ 106.791875304000087, -6.208776824999973, 0.0 ], [ 106.791874017000055, -6.208795054999939, 0.0 ], [ 106.791875302000051, -6.20880868699993, 0.0 ], [ 106.79187624900004, -6.208818731999941, 0.0 ], [ 106.791879178000045, -6.208836663999932, 0.0 ], [ 106.791879936000043, -6.208840683999938, 0.0 ], [ 106.791882829000087, -6.208856029999936, 0.0 ], [ 106.791890066000065, -6.208875383999953, 0.0 ], [ 106.79190810700004, -6.208908335999979, 0.0 ], [ 106.791919661000065, -6.208931981999967, 0.0 ], [ 106.79193768500005, -6.208959911999955, 0.0 ], [ 106.791966495000054, -6.20899641699998, 0.0 ], [ 106.791983062000043, -6.209017890999974, 0.0 ], [ 106.792000346000066, -6.209039363999977, 0.0 ], [ 106.792024095000045, -6.209063685999979, 0.0 ], [ 106.792042796000032, -6.209080128999972, 0.0 ], [ 106.79204433600006, -6.209080985999947, 0.0 ], [ 106.792060759000037, -6.20909011599997, 0.0 ], [ 106.792098107000072, -6.209106496999937, 0.0 ], [ 106.792123973000059, -6.209120763999977, 0.0 ], [ 106.792178542000045, -6.209139956999934, 0.0 ], [ 106.792228072000057, -6.209153424999954, 0.0 ], [ 106.792329248000044, -6.209170306999965, 0.0 ], [ 106.792366555000058, -6.209174486999927, 0.0 ], [ 106.792423274000043, -6.209192954999935, 0.0 ], [ 106.792453454000054, -6.209210794999933, 0.0 ], [ 106.792482206000045, -6.209230075999926, 0.0 ], [ 106.79250234400007, -6.209247231999939, 0.0 ], [ 106.792520336000052, -6.209265831999971, 0.0 ], [ 106.792542643000047, -6.209288004999962, 0.0 ], [ 106.792549223000037, -6.209296179999967, 0.0 ], [ 106.792562808000071, -6.209313056999974, 0.0 ], [ 106.792590911000048, -6.209352434999971, 0.0 ], [ 106.792606561000071, -6.20938349599993, 0.0 ], [ 106.792625568000062, -6.209421216999942, 0.0 ], [ 106.792647733000081, -6.209474885999953, 0.0 ], [ 106.792676183000083, -6.20954377299995, 0.0 ], [ 106.792685284000072, -6.209567811999932, 0.0 ], [ 106.79269355100007, -6.209589646999973, 0.0 ], [ 106.792706559000067, -6.209619028999953, 0.0 ], [ 106.792714530000069, -6.209643402999973, 0.0 ], [ 106.792721072000063, -6.209669217999931, 0.0 ], [ 106.792726688000073, -6.209699339999929, 0.0 ], [ 106.792740063000053, -6.209771067999952, 0.0 ], [ 106.792754021000064, -6.209869345999948, 0.0 ], [ 106.792762104000076, -6.209926733999964, 0.0 ], [ 106.792765038000084, -6.209946101999947, 0.0 ], [ 106.79276582600005, -6.20996691299996, 0.0 ], [ 106.792765896000049, -6.209987725999952, 0.0 ], [ 106.792764583000064, -6.210023614999955, 0.0 ], [ 106.792754027000058, -6.210083220999934, 0.0 ], [ 106.792732094000087, -6.210171571999979, 0.0 ], [ 106.792727133000085, -6.210188813999935, 0.0 ], [ 106.792726179000056, -6.210197338999933, 0.0 ], [ 106.792725044000065, -6.21020748199993, 0.0 ], [ 106.792722963000074, -6.210228301999962, 0.0 ], [ 106.792723736000085, -6.210244805999935, 0.0 ], [ 106.792728814000043, -6.210262013999966, 0.0 ], [ 106.792734041000074, -6.21027453399995, 0.0 ], [ 106.792736404000038, -6.210280193999949, 0.0 ], [ 106.792737491000082, -6.21028279799998, 0.0 ], [ 106.792745659000047, -6.210290046999944, 0.0 ], [ 106.792749420000064, -6.210293384999943, 0.0 ], [ 106.792757632000075, -6.210300672999949, 0.0 ], [ 106.792789991000063, -6.210326399999929, 0.0 ], [ 106.792805397000052, -6.210335578999945, 0.0 ], [ 106.792825922000077, -6.210347808999927, 0.0 ], [ 106.792885557000034, -6.210380621999946, 0.0 ], [ 106.793075233000081, -6.210482609999929, 0.0 ], [ 106.793176858000038, -6.210530894999977, 0.0 ], [ 106.793213217000073, -6.21054937699995, 0.0 ], [ 106.793252518000088, -6.210569353999972, 0.0 ], [ 106.793346689000089, -6.210617221999939, 0.0 ], [ 106.793351089000055, -6.210619507999979, 0.0 ], [ 106.793445926000061, -6.210670826999944, 0.0 ], [ 106.793509888000074, -6.210710800999948, 0.0 ], [ 106.793531440000038, -6.210721493999927, 0.0 ], [ 106.793544938000082, -6.210731133999957, 0.0 ], [ 106.793554445000041, -6.210737922999954, 0.0 ], [ 106.793565955000076, -6.210748649999971, 0.0 ], [ 106.793580354000085, -6.210765107999975, 0.0 ], [ 106.793595484000036, -6.210785869999938, 0.0 ], [ 106.793626481000047, -6.21083241599996, 0.0 ], [ 106.793671104000055, -6.210908864999965, 0.0 ], [ 106.793692123000085, -6.21094487199997, 0.0 ], [ 106.79370655300005, -6.21097065999993, 0.0 ], [ 106.793714515000033, -6.210992163999947, 0.0 ], [ 106.793717993000087, -6.211001352999972, 0.0 ], [ 106.793723199000056, -6.21101510099993, 0.0 ], [ 106.793730460000063, -6.211041631999933, 0.0 ], [ 106.79373484100006, -6.211064582999938, 0.0 ], [ 106.793741397000076, -6.211094704999937, 0.0 ], [ 106.793746522000049, -6.211125547999927, 0.0 ], [ 106.79375374600005, -6.211191577999955, 0.0 ], [ 106.793756883000071, -6.21122024899995, 0.0 ], [ 106.793773831000067, -6.211354402999973, 0.0 ], [ 106.793773897000051, -6.211373779999974, 0.0 ], [ 106.793771802000037, -6.211390293999955, 0.0 ], [ 106.793769692000069, -6.211402501999942, 0.0 ], [ 106.793764718000034, -6.211416154999938, 0.0 ], [ 106.793752565000034, -6.211427679999929, 0.0 ], [ 106.793743988000074, -6.211436320999951, 0.0 ], [ 106.793734694000079, -6.211444964999941, 0.0 ], [ 106.793719665000083, -6.211454345999925, 0.0 ], [ 106.793700341000033, -6.211465894999947, 0.0 ], [ 106.79366886400004, -6.211488967999969, 0.0 ], [ 106.793591560000038, -6.211533009999926, 0.0 ], [ 106.793538291000061, -6.211558820999926, 0.0 ], [ 106.793519961000072, -6.211567702999957, 0.0 ], [ 106.793502078000074, -6.211581398999954, 0.0 ], [ 106.79348562000007, -6.211592220999933, 0.0 ], [ 106.793467742000075, -6.211607352999977, 0.0 ], [ 106.793455592000043, -6.211619594999945, 0.0 ], [ 106.79344631500004, -6.211633263999943, 0.0 ], [ 106.793440621000059, -6.211646200999951, 0.0 ], [ 106.793437074000053, -6.211657696999964, 0.0 ], [ 106.793436019000069, -6.211664715999973, 0.0 ], [ 106.79343504600007, -6.211667572999943, 0.0 ], [ 106.793434898000044, -6.211668409999959, 0.0 ], [ 106.793433328000049, -6.211677299999963, 0.0 ], [ 106.793434293000075, -6.211683586999925, 0.0 ], [ 106.793434322000053, -6.21169215499998, 0.0 ], [ 106.793436366000037, -6.211697074999961, 0.0 ], [ 106.793438169000069, -6.21170880699998, 0.0 ], [ 106.793442441000082, -6.21171002799997, 0.0 ], [ 106.793445158000054, -6.21171508499998, 0.0 ], [ 106.793453071000044, -6.211722235999957, 0.0 ], [ 106.793462421000072, -6.211730098999965, 0.0 ], [ 106.793476063000071, -6.211735075999968, 0.0 ], [ 106.793501183000046, -6.211740731999953, 0.0 ], [ 106.793514815000037, -6.211742121999976, 0.0 ], [ 106.793529158000069, -6.211742072999925, 0.0 ], [ 106.793542778000074, -6.211740590999966, 0.0 ], [ 106.793560695000053, -6.211736942999948, 0.0 ], [ 106.793581475000053, -6.211731847999943, 0.0 ], [ 106.793603688000076, -6.211726030999955, 0.0 ], [ 106.793625903000077, -6.211720931999935, 0.0 ], [ 106.793639516000042, -6.21171729699995, 0.0 ], [ 106.793661732000032, -6.21171219799993, 0.0 ], [ 106.793679648000079, -6.211708547999933, 0.0 ], [ 106.793697560000055, -6.211703463999925, 0.0 ], [ 106.793711168000073, -6.211698393999939, 0.0 ], [ 106.793726217000085, -6.21169475399995, 0.0 ], [ 106.793747002000089, -6.211691094999935, 0.0 ], [ 106.793765644000075, -6.211689596999975, 0.0 ], [ 106.793837357000086, -6.211688635999963, 0.0 ], [ 106.793865330000074, -6.211689975999946, 0.0 ], [ 106.793878240000083, -6.211689931999956, 0.0 ], [ 106.793894021000085, -6.211691314999939, 0.0 ], [ 106.793906940000056, -6.211694141999942, 0.0 ], [ 106.793918429000087, -6.211698407999961, 0.0 ], [ 106.793931357000076, -6.211704105999956, 0.0 ], [ 106.793945725000071, -6.211711234999939, 0.0 ], [ 106.793957228000068, -6.211719807999941, 0.0 ], [ 106.793970184000045, -6.211733399999957, 0.0 ], [ 106.793978109000079, -6.211744139999951, 0.0 ], [ 106.793991797000047, -6.21176275299996, 0.0 ], [ 106.794043678000037, -6.211835064999946, 0.0 ], [ 106.794054859000084, -6.211851903999957, 0.0 ], [ 106.794066025000063, -6.211868720999973, 0.0 ], [ 106.794105614000046, -6.211911648999944, 0.0 ], [ 106.794123521000074, -6.211934528999961, 0.0 ], [ 106.794126917000085, -6.211938867999947, 0.0 ], [ 106.794135866000033, -6.211950301999934, 0.0 ], [ 106.794145945000082, -6.211961750999933, 0.0 ], [ 106.794159599000068, -6.211970316999953, 0.0 ], [ 106.794174682000062, -6.211976725999932, 0.0 ], [ 106.794194791000052, -6.211985269999957, 0.0 ], [ 106.794208425000079, -6.211987375999968, 0.0 ], [ 106.794221333000053, -6.211987332999968, 0.0 ], [ 106.794237106000082, -6.211985843999969, 0.0 ], [ 106.794252878000066, -6.21198435499997, 0.0 ], [ 106.794272944000056, -6.211979980999956, 0.0 ], [ 106.794286549000049, -6.211973474999979, 0.0 ], [ 106.79429441800005, -6.211967706999928, 0.0 ], [ 106.794304436000061, -6.211961213999928, 0.0 ], [ 106.794321611000044, -6.21195038999997, 0.0 ], [ 106.794330915000046, -6.211944616999972, 0.0 ], [ 106.794344504000037, -6.211933804999944, 0.0 ], [ 106.794357382000044, -6.211924430999943, 0.0 ], [ 106.794373849000067, -6.211916479999957, 0.0 ], [ 106.794388883000067, -6.211908534999964, 0.0 ], [ 106.79441465900004, -6.211896245999981, 0.0 ], [ 106.794469790000051, -6.211869504999981, 0.0 ], [ 106.794496294000055, -6.211860084999955, 0.0 ], [ 106.794517793000068, -6.211855704999948, 0.0 ], [ 106.794535712000084, -6.211852773999965, 0.0 ], [ 106.794562960000064, -6.211851245999981, 0.0 ], [ 106.794578019000085, -6.211851194999952, 0.0 ], [ 106.794591646000072, -6.211851148999926, 0.0 ], [ 106.794606126000076, -6.211853435999956, 0.0 ], [ 106.794613890000051, -6.211854661999951, 0.0 ], [ 106.794640449000042, -6.211861747999933, 0.0 ], [ 106.794641873000046, -6.211862185999962, 0.0 ], [ 106.794672755000079, -6.211871686999928, 0.0 ], [ 106.794703484000081, -6.211885580999933, 0.0 ], [ 106.794720016000042, -6.211893056999941, 0.0 ], [ 106.794748752000032, -6.211907313999973, 0.0 ], [ 106.794770453000069, -6.211922586999947, 0.0 ], [ 106.794783258000052, -6.211931598999968, 0.0 ], [ 106.794839332000038, -6.21197159999997, 0.0 ], [ 106.794843555000057, -6.211974476999956, 0.0 ], [ 106.794889649000083, -6.212005878999946, 0.0 ], [ 106.794952743000067, -6.212050656999963, 0.0 ], [ 106.795051395000087, -6.212115513999947, 0.0 ], [ 106.795058579000056, -6.212119107999968, 0.0 ], [ 106.795147323000037, -6.212163520999979, 0.0 ], [ 106.795171794000055, -6.212175767999952, 0.0 ], [ 106.795192897000049, -6.21218427499997, 0.0 ], [ 106.795350856000084, -6.212238283999966, 0.0 ], [ 106.795596381000053, -6.212313526999935, 0.0 ], [ 106.795787285000074, -6.212354504999951, 0.0 ], [ 106.795814576000055, -6.212365895999937, 0.0 ], [ 106.795827533000079, -6.212380204999931, 0.0 ], [ 106.795839095000076, -6.212406002999955, 0.0 ], [ 106.795846335000078, -6.21242607399995, 0.0 ], [ 106.795847891000051, -6.212461954999981, 0.0 ], [ 106.795848008000064, -6.212496403999978, 0.0 ], [ 106.795841012000039, -6.212548101999971, 0.0 ], [ 106.795825429000047, -6.212605570999926, 0.0 ], [ 106.795805470000062, -6.212641523999935, 0.0 ], [ 106.795794059000059, -6.212660221999954, 0.0 ], [ 106.795772598000042, -6.212676084999941, 0.0 ], [ 106.795743961000085, -6.212690535999968, 0.0 ], [ 106.795730422000076, -6.21269551499995, 0.0 ], [ 106.795712445000049, -6.212702125999954, 0.0 ], [ 106.795675182000082, -6.212710864999963, 0.0 ], [ 106.795632186000034, -6.212721058999932, 0.0 ], [ 106.795594918000063, -6.21272836299994, 0.0 ], [ 106.795547616000079, -6.21273713599993, 0.0 ], [ 106.795513231000086, -6.21274873599998, 0.0 ], [ 106.79549464300004, -6.212766023999961, 0.0 ], [ 106.795474660000082, -6.212794798999937, 0.0 ], [ 106.795463293000068, -6.212826416999974, 0.0 ], [ 106.795463409000035, -6.212860865999971, 0.0 ], [ 106.795459365000056, -6.212936955999965, 0.0 ], [ 106.795461168000088, -6.213046039999938, 0.0 ], [ 106.795464198000047, -6.213093398999945, 0.0 ], [ 106.795462881000049, -6.213127852999946, 0.0 ], [ 106.795461548000048, -6.213158, 0.0 ], [ 106.795457338000062, -6.213185287999977, 0.0 ], [ 106.795450258000074, -6.213212584999951, 0.0 ], [ 106.795443185000067, -6.213241316999927, 0.0 ], [ 106.795430407000083, -6.213280114999975, 0.0 ], [ 106.795401871000081, -6.213324709999938, 0.0 ], [ 106.795369004000065, -6.213360705999946, 0.0 ], [ 106.795353275000082, -6.213375113999973, 0.0 ], [ 106.795340454000041, -6.213400993999926, 0.0 ], [ 106.795337634000077, -6.213415357999963, 0.0 ], [ 106.795327716000088, -6.213451276999933, 0.0 ], [ 106.79532779300007, -6.213474242999951, 0.0 ], [ 106.79533217900007, -6.213498629999947, 0.0 ], [ 106.795335164000051, -6.213533069999926, 0.0 ], [ 106.795341018000045, -6.213567499999954, 0.0 ], [ 106.795409468000059, -6.21387300799995, 0.0 ], [ 106.795422513000062, -6.213913153999954, 0.0 ], [ 106.795438397000055, -6.213944678999951, 0.0 ], [ 106.795461463000038, -6.213979050999967, 0.0 ], [ 106.795489919000033, -6.214007335999952, 0.0 ], [ 106.795490247000032, -6.214007660999926, 0.0 ], [ 106.795497252000075, -6.214013283999975, 0.0 ], [ 106.795527641000035, -6.214037677999954, 0.0 ], [ 106.795553566000081, -6.21406916799998, 0.0 ], [ 106.795560399000067, -6.21407867399995, 0.0 ], [ 106.795575183000039, -6.21409923799996, 0.0 ], [ 106.795596114000034, -6.214129275999937, 0.0 ], [ 106.795601127000054, -6.214136470999961, 0.0 ], [ 106.795625627000049, -6.214170836999926, 0.0 ], [ 106.795648694000079, -6.214205208999942, 0.0 ], [ 106.795676286000059, -6.214248278999946, 0.0 ], [ 106.795678974000054, -6.214252473999977, 0.0 ], [ 106.795715061000067, -6.214319814999953, 0.0 ], [ 106.795845152000084, -6.214615065999965, 0.0 ], [ 106.796040411000035, -6.215093826999976, 0.0 ], [ 106.796171982000033, -6.215401990999965, 0.0 ], [ 106.796239900000046, -6.215551041999959, 0.0 ], [ 106.796251482000059, -6.215582580999978, 0.0 ], [ 106.79626001400004, -6.21560231899997, 0.0 ], [ 106.796287034000045, -6.215665251999951, 0.0 ], [ 106.796289071000047, -6.215670012999965, 0.0 ], [ 106.796302200000071, -6.215734561999966, 0.0 ], [ 106.796313932000032, -6.215810597999962, 0.0 ], [ 106.796315668000034, -6.215899585999978, 0.0 ], [ 106.796312921000037, -6.215935480999974, 0.0 ], [ 106.79630585700005, -6.215967083999942, 0.0 ], [ 106.796291660000065, -6.216010193999978, 0.0 ], [ 106.796264725000071, -6.216103586999964, 0.0 ], [ 106.79623487200007, -6.216182635999928, 0.0 ], [ 106.796200673000044, -6.216248779999944, 0.0 ], [ 106.796191039000064, -6.216254125999967, 0.0 ], [ 106.796173999000075, -6.216263579999975, 0.0 ], [ 106.796172040000044, -6.216264666999962, 0.0 ], [ 106.796140519000062, -6.216274821999946, 0.0 ], [ 106.796130532000063, -6.216290644999958, 0.0 ], [ 106.796126298000047, -6.216310754999938, 0.0 ], [ 106.796120643000052, -6.216335175999973, 0.0 ], [ 106.796116427000072, -6.216361027999938, 0.0 ], [ 106.796115348000058, -6.216368398999975, 0.0 ], [ 106.796114577000083, -6.216369721999968, 0.0 ], [ 106.796114601000056, -6.216373500999964, 0.0 ], [ 106.796112222000033, -6.216389749999962, 0.0 ], [ 106.796109451000063, -6.216418466999926, 0.0 ], [ 106.796119656000087, -6.216467235999971, 0.0 ], [ 106.796126578000042, -6.216481306999981, 0.0 ], [ 106.796129638000082, -6.216487527999959, 0.0 ], [ 106.796297306000042, -6.216828353999972, 0.0 ], [ 106.796508178000067, -6.217258256999969, 0.0 ], [ 106.796532679000052, -6.217292623999981, 0.0 ], [ 106.796536472000071, -6.217299861999948, 0.0 ], [ 106.79655144600008, -6.217328444999964, 0.0 ], [ 106.796568751000052, -6.217355657999974, 0.0 ], [ 106.796604770000044, -6.217402904999972, 0.0 ], [ 106.796656581000036, -6.217454402999977, 0.0 ], [ 106.796847921000051, -6.217623128999946, 0.0 ], [ 106.796925667000039, -6.217708988999959, 0.0 ], [ 106.796960217000048, -6.217746191999936, 0.0 ], [ 106.796991889000083, -6.217780533999928, 0.0 ], [ 106.797013517000039, -6.217813473999968, 0.0 ], [ 106.797032285000057, -6.21784929599994, 0.0 ], [ 106.797041003000061, -6.217882279999969, 0.0 ], [ 106.79705120400007, -6.217929613999956, 0.0 ], [ 106.797048559000075, -6.217995650999967, 0.0 ], [ 106.79702592700005, -6.218089028999941, 0.0 ], [ 106.796958166000081, -6.218409353999959, 0.0 ], [ 106.79691587800005, -6.218627678999951, 0.0 ], [ 106.796914292000054, -6.218649273999972, 0.0 ], [ 106.79691421800004, -6.218650283999978, 0.0 ], [ 106.796913136000057, -6.218665008999949, 0.0 ], [ 106.79690667400007, -6.218711395999946, 0.0 ], [ 106.796906134000039, -6.218715270999951, 0.0 ], [ 106.796900577000088, -6.218768399999931, 0.0 ], [ 106.79689985400006, -6.218775312999981, 0.0 ], [ 106.796884114000079, -6.218865850999975, 0.0 ], [ 106.796879592000039, -6.218891859999928, 0.0 ], [ 106.796872578000034, -6.218932209999934, 0.0 ], [ 106.796842476000052, -6.219105366999941, 0.0 ], [ 106.796805348000078, -6.219318931999965, 0.0 ], [ 106.796768171000053, -6.219532780999941, 0.0 ], [ 106.796736503000034, -6.219714951999947, 0.0 ], [ 106.79673073500004, -6.219746572999952, 0.0 ], [ 106.796691791000057, -6.21996009999998, 0.0 ], [ 106.796652847000075, -6.220173625999962, 0.0 ], [ 106.796613904000083, -6.220387152999933, 0.0 ], [ 106.796574976000045, -6.220600589999947, 0.0 ], [ 106.796536035000088, -6.22081411399995, 0.0 ], [ 106.796497091000049, -6.221027636999963, 0.0 ], [ 106.796474082000088, -6.221153793999974, 0.0 ], [ 106.796458147000067, -6.221241160999966, 0.0 ], [ 106.796425695000039, -6.221419087999948, 0.0 ], [ 106.796419447000062, -6.22145472699998, 0.0 ], [ 106.796381963000044, -6.221668504999968, 0.0 ], [ 106.796344481000062, -6.221882283999946, 0.0 ], [ 106.796307001000059, -6.222096047999969, 0.0 ], [ 106.796269517000042, -6.222309830999961, 0.0 ], [ 106.796194554000067, -6.222737364999944, 0.0 ], [ 106.796171702000038, -6.222867700999927, 0.0 ], [ 106.79615706900006, -6.222951158999933, 0.0 ], [ 106.796124506000069, -6.223136379999971, 0.0 ], [ 106.796126328000071, -6.223136659999966, 0.0 ], [ 106.79612591700004, -6.223139129999936, 0.0 ], [ 106.796119489000034, -6.223177736999958, 0.0 ], [ 106.796061333000068, -6.223585327999956, 0.0 ], [ 106.796059246000084, -6.223599949999937, 0.0 ], [ 106.796053616000052, -6.223631547999958, 0.0 ], [ 106.796052265000071, -6.22365595399998, 0.0 ], [ 106.796055236000086, -6.223686086999976, 0.0 ], [ 106.796055328000079, -6.22371335899993, 0.0 ], [ 106.796064056000034, -6.223749214999941, 0.0 ], [ 106.79608799500005, -6.223835894999979, 0.0 ], [ 106.796089352000081, -6.223848646999954, 0.0 ], [ 106.796101298000053, -6.223890457999971, 0.0 ], [ 106.796171772000037, -6.224212481999928, 0.0 ], [ 106.796186452000086, -6.224311474999979, 0.0 ], [ 106.796190912000043, -6.224357392999934, 0.0 ], [ 106.796192482000038, -6.224397578999969, 0.0 ], [ 106.79619401900004, -6.224427716999969, 0.0 ], [ 106.796199849000061, -6.224454969999954, 0.0 ], [ 106.796208170000057, -6.224483164999981, 0.0 ], [ 106.796210006000081, -6.22448938399998, 0.0 ], [ 106.796297150000044, -6.224807746999943, 0.0 ], [ 106.796305848000088, -6.224834990999966, 0.0 ], [ 106.796308815000089, -6.224863687999971, 0.0 ], [ 106.796311760000037, -6.224938210999937, 0.0 ], [ 106.796318230000054, -6.225101931999973, 0.0 ], [ 106.796344093000073, -6.225536770999952, 0.0 ], [ 106.796352982000087, -6.225619993999942, 0.0 ], [ 106.796360354000058, -6.225678820999974, 0.0 ], [ 106.796412082000074, -6.226127924999957, 0.0 ], [ 106.796418372000062, -6.226184349999926, 0.0 ], [ 106.796423918000073, -6.226234103999957, 0.0 ], [ 106.796428349000053, -6.226271408999935, 0.0 ], [ 106.79642702600006, -6.226304427999935, 0.0 ], [ 106.796425738000039, -6.226347493999981, 0.0 ], [ 106.796424813000044, -6.226354328999946, 0.0 ], [ 106.796418742000071, -6.226399191999974, 0.0 ], [ 106.796416015000034, -6.226440828999955, 0.0 ], [ 106.796403013000088, -6.226496071999975, 0.0 ], [ 106.796400462000065, -6.226506909999955, 0.0 ], [ 106.796390558000041, -6.226547134999976, 0.0 ], [ 106.796308273000079, -6.226814399999967, 0.0 ], [ 106.796264354000073, -6.226975313999958, 0.0 ], [ 106.796254456000042, -6.22701697399998, 0.0 ], [ 106.796241649000081, -6.227047160999973, 0.0 ], [ 106.796097770000074, -6.227339036999979, 0.0 ], [ 106.796082109000054, -6.227373539999974, 0.0 ], [ 106.796060652000051, -6.227390837999963, 0.0 ], [ 106.796036361000063, -6.227418192999949, 0.0 ], [ 106.795940913000038, -6.227610861999949, 0.0 ], [ 106.795852657000069, -6.227809247999971, 0.0 ], [ 106.795839908000062, -6.22785665899994, 0.0 ], [ 106.795794321000074, -6.22794867999994, 0.0 ], [ 106.795737435000035, -6.228092413999946, 0.0 ], [ 106.795735581000088, -6.228100517999962, 0.0 ], [ 106.795732644000054, -6.228113355999938, 0.0 ], [ 106.795730368000079, -6.228123298999947, 0.0 ], [ 106.795723302000056, -6.228154183999948, 0.0 ], [ 106.79571618500006, -6.228187977999937, 0.0 ], [ 106.795716145000085, -6.228188166999928, 0.0 ], [ 106.795714832000044, -6.228194403999964, 0.0 ], [ 106.795700713000087, -6.228243698999961, 0.0 ], [ 106.79568931600005, -6.228283485999953, 0.0 ], [ 106.795669445000044, -6.22834527599997, 0.0 ], [ 106.795655302000057, -6.22840417499998, 0.0 ], [ 106.795646808000072, -6.228437218999943, 0.0 ], [ 106.795649769000079, -6.228464480999946, 0.0 ], [ 106.795667035000065, -6.228480211999965, 0.0 ], [ 106.795682233000036, -6.228485855999963, 0.0 ], [ 106.795701503000032, -6.228493012999934, 0.0 ], [ 106.795726382000055, -6.228503582999963, 0.0 ], [ 106.795731669000077, -6.228505828999971, 0.0 ], [ 106.795760410000071, -6.228521519999958, 0.0 ], [ 106.795792014000085, -6.228535765999936, 0.0 ], [ 106.795830805000037, -6.228554294999981, 0.0 ], [ 106.795866742000044, -6.228577138999981, 0.0 ], [ 106.795884018000038, -6.228595740999936, 0.0 ], [ 106.79590703100007, -6.228614321999942, 0.0 ], [ 106.795924336000041, -6.228641535999941, 0.0 ], [ 106.795931591000056, -6.228665912999929, 0.0 ], [ 106.795933113000046, -6.228691744999935, 0.0 ], [ 106.795926034000047, -6.228719041999966, 0.0 ], [ 106.795911816000057, -6.228756410999949, 0.0 ], [ 106.795894731000033, -6.228793788999951, 0.0 ], [ 106.79589330500005, -6.228795946999981, 0.0 ], [ 106.795883315000083, -6.228811052999959, 0.0 ], [ 106.795873338000035, -6.228829747999953, 0.0 ], [ 106.795865486000082, -6.228840538999975, 0.0 ], [ 106.795857633000082, -6.22885133099993, 0.0 ], [ 106.795847386000048, -6.228865414999973, 0.0 ], [ 106.795841929000062, -6.228872915999943, 0.0 ], [ 106.795824795000044, -6.228895940999962, 0.0 ], [ 106.795812879000039, -6.228917206999938, 0.0 ], [ 106.795806260000063, -6.228929017999974, 0.0 ], [ 106.795781994000038, -6.228963549999946, 0.0 ], [ 106.795770650000065, -6.229002344999969, 0.0 ], [ 106.795766503000038, -6.229048291999959, 0.0 ], [ 106.795773788000076, -6.229081280999935, 0.0 ], [ 106.795786818000067, -6.229117121999934, 0.0 ], [ 106.79579463500005, -6.229131838999933, 0.0 ], [ 106.795813085000077, -6.229166573999976, 0.0 ], [ 106.79582608700008, -6.22920496699993, 0.0 ], [ 106.795832781000058, -6.229224734999946, 0.0 ], [ 106.795846206000078, -6.229264307999927, 0.0 ], [ 106.795850444000052, -6.22927679999998, 0.0 ], [ 106.795861761000083, -6.229311769999981, 0.0 ], [ 106.795867810000061, -6.229337896999937, 0.0 ], [ 106.795873348000043, -6.229361812999969, 0.0 ], [ 106.795873338000035, -6.229378881999935, 0.0 ], [ 106.795870530000059, -6.229427364999935, 0.0 ], [ 106.795869, -6.229453769999964, 0.0 ], [ 106.795866508000074, -6.229496787999949, 0.0 ], [ 106.795862223000086, -6.229570832999968, 0.0 ], [ 106.79585983700008, -6.229620774999944, 0.0 ], [ 106.795857451000074, -6.229670716999976, 0.0 ], [ 106.795854526000085, -6.229738053999938, 0.0 ], [ 106.795851050000067, -6.229817799999978, 0.0 ], [ 106.79584992000008, -6.22983037399996, 0.0 ], [ 106.795848642000067, -6.229841697999973, 0.0 ], [ 106.795842107000055, -6.22986930999997, 0.0 ], [ 106.795833763000076, -6.229896479999979, 0.0 ], [ 106.795815253000058, -6.229936990999931, 0.0 ], [ 106.795797643000071, -6.229972903999965, 0.0 ], [ 106.795758973000034, -6.230051764999928, 0.0 ], [ 106.795732840000085, -6.230105059999971, 0.0 ], [ 106.795717864000039, -6.230135601999962, 0.0 ], [ 106.795684842000071, -6.230202944999974, 0.0 ], [ 106.795668594000063, -6.230236081999976, 0.0 ], [ 106.795653194000067, -6.230267486999935, 0.0 ], [ 106.795633230000078, -6.230308199999968, 0.0 ], [ 106.795599365000044, -6.230377263999969, 0.0 ], [ 106.795593950000068, -6.230387808999978, 0.0 ], [ 106.795583139000087, -6.230402290999962, 0.0 ], [ 106.795520791000058, -6.230442292999953, 0.0 ], [ 106.795449369000039, -6.230461899999966, 0.0 ], [ 106.795409820000089, -6.230460526999934, 0.0 ], [ 106.795375352000065, -6.230459330999963, 0.0 ], [ 106.795305458000087, -6.230434819999971, 0.0 ], [ 106.79528373100004, -6.230419005999977, 0.0 ], [ 106.795258390000072, -6.230396121999945, 0.0 ], [ 106.795255816000065, -6.230393167999978, 0.0 ], [ 106.795239795000043, -6.230379214999971, 0.0 ], [ 106.795210066000038, -6.230363410999928, 0.0 ], [ 106.795167881000054, -6.230340983999952, 0.0 ], [ 106.79510547600006, -6.230307807999964, 0.0 ], [ 106.795043071000066, -6.23027462999994, 0.0 ], [ 106.794983578000085, -6.230242418999978, 0.0 ], [ 106.794924084000058, -6.230210206999971, 0.0 ], [ 106.794890009000085, -6.230165899999974, 0.0 ], [ 106.794863939000038, -6.230114377999939, 0.0 ], [ 106.794819425000071, -6.230077623999932, 0.0 ], [ 106.794811124000034, -6.230072683999936, 0.0 ], [ 106.794734637000033, -6.230045215999951, 0.0 ], [ 106.79465960400006, -6.230040128999974, 0.0 ], [ 106.794640677000075, -6.230048977999957, 0.0 ], [ 106.794601258000057, -6.230068698999958, 0.0 ], [ 106.794559091000053, -6.230091075999951, 0.0 ], [ 106.79451692400005, -6.230113453999934, 0.0 ], [ 106.794481695000059, -6.230134909999947, 0.0 ], [ 106.794448277000072, -6.230155262999972, 0.0 ], [ 106.794379629000048, -6.230197070999964, 0.0 ], [ 106.79434182600005, -6.230222154999979, 0.0 ], [ 106.794304024000041, -6.230247238999937, 0.0 ], [ 106.794293228000072, -6.230254403999936, 0.0 ], [ 106.794270260000076, -6.230272502999981, 0.0 ], [ 106.794267590000061, -6.230275447999929, 0.0 ], [ 106.794240934000072, -6.230304847999946, 0.0 ], [ 106.794202193000046, -6.230347577999964, 0.0 ], [ 106.794147707000036, -6.230407673999935, 0.0 ], [ 106.794093221000082, -6.230467769999962, 0.0 ], [ 106.794038734000083, -6.230527866999978, 0.0 ], [ 106.793984249000061, -6.230587962999948, 0.0 ], [ 106.793944086000067, -6.230632982999964, 0.0 ], [ 106.793903923000073, -6.230678003999969, 0.0 ], [ 106.793858519000082, -6.230729321999945, 0.0 ], [ 106.793846905000066, -6.230742447999944, 0.0 ], [ 106.793798831000061, -6.230779471999938, 0.0 ], [ 106.79374305500005, -6.23080334399998, 0.0 ], [ 106.793683094000073, -6.230812555999933, 0.0 ], [ 106.793670776000056, -6.230811765999931, 0.0 ], [ 106.793639477000056, -6.230809757999964, 0.0 ], [ 106.793606589000035, -6.230801325999948, 0.0 ], [ 106.793573920000085, -6.23079402299993, 0.0 ], [ 106.793492852000043, -6.230775903999927, 0.0 ], [ 106.793421962000082, -6.230760059999966, 0.0 ], [ 106.793351071000075, -6.230744214999959, 0.0 ], [ 106.793324158000075, -6.230738199999962, 0.0 ], [ 106.793314090000081, -6.23073594899995, 0.0 ], [ 106.793289007000055, -6.230730343999937, 0.0 ], [ 106.793226943000036, -6.230716472999973, 0.0 ], [ 106.793164879000074, -6.230702600999962, 0.0 ], [ 106.793088801000067, -6.230685596999933, 0.0 ], [ 106.793012721000082, -6.230668592999962, 0.0 ], [ 106.79296286500005, -6.230657448999978, 0.0 ], [ 106.792913008000085, -6.230646306999972, 0.0 ], [ 106.792850328000043, -6.230633983999951, 0.0 ], [ 106.792787647000068, -6.230621661999976, 0.0 ], [ 106.792744072000062, -6.230615446999934, 0.0 ], [ 106.792710370000066, -6.230611078999971, 0.0 ], [ 106.792706374000034, -6.230611326999963, 0.0 ], [ 106.792650553000044, -6.230622210999968, 0.0 ], [ 106.792619596000065, -6.230626607999966, 0.0 ], [ 106.792572408000069, -6.230626745999928, 0.0 ], [ 106.79253876000007, -6.23062729399993, 0.0 ], [ 106.792538363000062, -6.230627299999981, 0.0 ], [ 106.79248707000005, -6.23062813599995, 0.0 ], [ 106.792453604000059, -6.230628680999928, 0.0 ], [ 106.792368846000045, -6.230630062999978, 0.0 ], [ 106.792284088000088, -6.230631443999926, 0.0 ], [ 106.79223975900004, -6.230632165999964, 0.0 ], [ 106.792156664000061, -6.230628812999953, 0.0 ], [ 106.792074279000076, -6.23064016099994, 0.0 ], [ 106.791995179000082, -6.230665851999959, 0.0 ], [ 106.791921836000085, -6.230705082999975, 0.0 ], [ 106.791856547000066, -6.230756628999927, 0.0 ], [ 106.791801350000071, -6.230818876999933, 0.0 ], [ 106.791783705000057, -6.230840981999961, 0.0 ], [ 106.791760731000068, -6.230877086999953, 0.0 ], [ 106.791742028000044, -6.230906476999962, 0.0 ], [ 106.791717020000078, -6.230945779999956, 0.0 ], [ 106.791702230000055, -6.230968657999938, 0.0 ], [ 106.79169225000004, -6.230983907999928, 0.0 ], [ 106.791666574000033, -6.231021192999947, 0.0 ], [ 106.791628560000049, -6.231073346999949, 0.0 ], [ 106.791590546000066, -6.231125499999962, 0.0 ], [ 106.791560935000064, -6.231169128999966, 0.0 ], [ 106.791528155000037, -6.23122666699993, 0.0 ], [ 106.791495375000068, -6.231284204999952, 0.0 ], [ 106.791462596000088, -6.231341743999963, 0.0 ], [ 106.791428369000073, -6.231400231999942, 0.0 ], [ 106.791386518000081, -6.231466402999956, 0.0 ], [ 106.79135563300008, -6.231523445999926, 0.0 ], [ 106.79134732700004, -6.231535442999927, 0.0 ], [ 106.791344038000034, -6.231540191999954, 0.0 ], [ 106.791307816000085, -6.231592506999959, 0.0 ], [ 106.79129516900008, -6.231610772999943, 0.0 ], [ 106.791259999000033, -6.231661569999972, 0.0 ], [ 106.791213576000075, -6.231719143999953, 0.0 ], [ 106.79116715400005, -6.231776717999935, 0.0 ], [ 106.791115026000057, -6.231843640999955, 0.0 ], [ 106.791062898000064, -6.231910564999964, 0.0 ], [ 106.791021495000052, -6.231967642999962, 0.0 ], [ 106.790980091000051, -6.23202471999997, 0.0 ], [ 106.79093868800004, -6.232081798999957, 0.0 ], [ 106.790915030000065, -6.23211641499995, 0.0 ], [ 106.790882612000075, -6.232163849999949, 0.0 ], [ 106.790850195000075, -6.232211285999938, 0.0 ], [ 106.79080450400005, -6.232273162999945, 0.0 ], [ 106.790761663000069, -6.232329289999939, 0.0 ], [ 106.790717427000061, -6.232396904999973, 0.0 ], [ 106.790691018000075, -6.232434314999978, 0.0 ], [ 106.790664608000043, -6.232471724999925, 0.0 ], [ 106.790614619000053, -6.232535051999946, 0.0 ], [ 106.790567862000046, -6.232588447999944, 0.0 ], [ 106.790521104000049, -6.232641844999932, 0.0 ], [ 106.790472407000038, -6.232695565999961, 0.0 ], [ 106.790456549000055, -6.232714639999926, 0.0 ], [ 106.790435485000046, -6.232743316999972, 0.0 ], [ 106.790390354000067, -6.232789603999947, 0.0 ], [ 106.790345545000037, -6.232836202999977, 0.0 ], [ 106.79030883300004, -6.232889015999945, 0.0 ], [ 106.790269016000082, -6.232956096999942, 0.0 ], [ 106.790239995000036, -6.232992711999941, 0.0 ], [ 106.790219739000065, -6.23301749899997, 0.0 ], [ 106.790210004000073, -6.233029411999951, 0.0 ], [ 106.790163023000048, -6.23307583999997, 0.0 ], [ 106.790110258000084, -6.233115559999931, 0.0 ], [ 106.790072691000034, -6.233140807999973, 0.0 ], [ 106.790023794000035, -6.233173867999938, 0.0 ], [ 106.790008675000081, -6.233185143999947, 0.0 ], [ 106.789993987000059, -6.23319609899994, 0.0 ], [ 106.789967159000071, -6.233215925999957, 0.0 ], [ 106.789940925000053, -6.233234555999957, 0.0 ], [ 106.789902165000058, -6.233260404999953, 0.0 ], [ 106.789838388000078, -6.233311458999935, 0.0 ], [ 106.789798150000081, -6.233342579999942, 0.0 ], [ 106.789773226000079, -6.233359503999964, 0.0 ], [ 106.789758405000043, -6.233368459999951, 0.0 ], [ 106.789748129000088, -6.233373960999927, 0.0 ], [ 106.789719845000036, -6.233389104999958, 0.0 ], [ 106.789715808000039, -6.233390852999946, 0.0 ], [ 106.789705014000049, -6.233395501999951, 0.0 ], [ 106.789673438000079, -6.233407115999967, 0.0 ], [ 106.789624788000083, -6.233413538999969, 0.0 ], [ 106.789583449000077, -6.23340141999995, 0.0 ], [ 106.789560905000087, -6.233382045999974, 0.0 ], [ 106.789540885000065, -6.233358203999956, 0.0 ], [ 106.789516364000065, -6.233336983999948, 0.0 ], [ 106.789506584000037, -6.233332417999975, 0.0 ], [ 106.789500083000064, -6.233329383999944, 0.0 ], [ 106.789484768000079, -6.233325129999969, 0.0 ], [ 106.789443765000044, -6.233329038999955, 0.0 ], [ 106.789433622000047, -6.23333000599996, 0.0 ], [ 106.789425982000068, -6.23333202799995, 0.0 ], [ 106.789404484000045, -6.233337363999965, 0.0 ], [ 106.789389676000042, -6.233341719999942, 0.0 ], [ 106.789349898000069, -6.233346462999975, 0.0 ], [ 106.789314523000087, -6.233336581999936, 0.0 ], [ 106.789306932000045, -6.233333388999938, 0.0 ], [ 106.789278401000047, -6.233320392999929, 0.0 ], [ 106.789255214000036, -6.233313285999941, 0.0 ], [ 106.789228038000033, -6.23331131499998, 0.0 ], [ 106.789206783000054, -6.233309774999952, 0.0 ], [ 106.789182517000086, -6.233317296999928, 0.0 ], [ 106.789158733000079, -6.233328640999957, 0.0 ], [ 106.789119019000054, -6.233352464999939, 0.0 ], [ 106.789062460000082, -6.233375189999947, 0.0 ], [ 106.789037394000047, -6.233385260999967, 0.0 ], [ 106.789032666000082, -6.233385590999944, 0.0 ], [ 106.789009693000082, -6.233387196999956, 0.0 ], [ 106.788979772000062, -6.233390310999937, 0.0 ], [ 106.788944560000061, -6.233406694999928, 0.0 ], [ 106.788922644000081, -6.233455498999945, 0.0 ], [ 106.78892370300008, -6.233538085999953, 0.0 ], [ 106.788923213000032, -6.233569786999965, 0.0 ], [ 106.788923344000068, -6.233608661999938, 0.0 ], [ 106.788924136000048, -6.23363373799998, 0.0 ], [ 106.788938577000067, -6.23367750999995, 0.0 ], [ 106.788967674000048, -6.23372285399995, 0.0 ], [ 106.788969418000079, -6.233762618999947, 0.0 ], [ 106.788967523000053, -6.233770592999974, 0.0 ], [ 106.788965964000056, -6.23377445899996, 0.0 ], [ 106.788951146000045, -6.23379852599993, 0.0 ], [ 106.788928061000036, -6.233813486999964, 0.0 ], [ 106.788884167000049, -6.233816266999952, 0.0 ], [ 106.788883831000078, -6.233816287999957, 0.0 ], [ 106.788883467000062, -6.233816310999941, 0.0 ], [ 106.788873841000054, -6.233815168999968, 0.0 ], [ 106.788862041000073, -6.233812848999946, 0.0 ], [ 106.788798285000041, -6.233775204999972, 0.0 ], [ 106.788757640000085, -6.233750598999961, 0.0 ], [ 106.788738348000038, -6.23373892099994, 0.0 ], [ 106.78871255100006, -6.233735924999962, 0.0 ], [ 106.788660887000049, -6.233744764999926, 0.0 ], [ 106.788651872000059, -6.233747898999979, 0.0 ], [ 106.788620747000039, -6.233761018999928, 0.0 ], [ 106.788593, -6.233773680999946, 0.0 ], [ 106.788560770000061, -6.233795285999975, 0.0 ], [ 106.788506988000051, -6.233842964999951, 0.0 ], [ 106.788453204000064, -6.233890644999974, 0.0 ], [ 106.788399422000055, -6.233938322999961, 0.0 ], [ 106.788345639000056, -6.233986002999927, 0.0 ], [ 106.788315849000071, -6.23401361599997, 0.0 ], [ 106.788268827000081, -6.234053178999943, 0.0 ], [ 106.788238199000034, -6.234078948999979, 0.0 ], [ 106.788231283000073, -6.234084767999946, 0.0 ], [ 106.788221805000035, -6.234092742999962, 0.0 ], [ 106.788152714000034, -6.234136515999978, 0.0 ], [ 106.788099468000041, -6.234153404999972, 0.0 ], [ 106.788043744000049, -6.234149564999939, 0.0 ], [ 106.788014931000077, -6.234137192999981, 0.0 ], [ 106.787982743000043, -6.234123372999932, 0.0 ], [ 106.787912066000047, -6.23410148499994, 0.0 ], [ 106.787897864000058, -6.234098996999933, 0.0 ], [ 106.787842226000066, -6.234091115999945, 0.0 ], [ 106.787807498000063, -6.234089927999946, 0.0 ], [ 106.787791804000051, -6.23408939199993, 0.0 ], [ 106.787786066000081, -6.234089194999967, 0.0 ], [ 106.787733726000056, -6.234093678999955, 0.0 ], [ 106.787681386000088, -6.234098161999952, 0.0 ], [ 106.787591616000043, -6.234103389999973, 0.0 ], [ 106.787562721000086, -6.234106304999955, 0.0 ], [ 106.787544229000048, -6.234109011999976, 0.0 ], [ 106.78752852000008, -6.234111799999937, 0.0 ], [ 106.787508474000049, -6.234121351999931, 0.0 ], [ 106.787482631000046, -6.234133668999959, 0.0 ], [ 106.787437769000064, -6.234181844999966, 0.0 ], [ 106.787431833000085, -6.234191021999948, 0.0 ], [ 106.787423552000064, -6.234203821999927, 0.0 ], [ 106.787377775000039, -6.234276170999976, 0.0 ], [ 106.787360182000043, -6.234310831999949, 0.0 ], [ 106.787343311000086, -6.234342399999946, 0.0 ], [ 106.787337143000059, -6.234353940999938, 0.0 ], [ 106.787331553000058, -6.23435958999994, 0.0 ], [ 106.787308799000073, -6.234382582999956, 0.0 ], [ 106.787288928000066, -6.234402662999969, 0.0 ], [ 106.787265803000082, -6.234417536999956, 0.0 ], [ 106.787238714000068, -6.234434229999977, 0.0 ], [ 106.787197865000053, -6.234464567999964, 0.0 ], [ 106.787184483000033, -6.234476275999953, 0.0 ], [ 106.787146694000057, -6.234516289999931, 0.0 ], [ 106.787117912000042, -6.234553387999938, 0.0 ], [ 106.787082228000088, -6.234589698999969, 0.0 ], [ 106.78703906700008, -6.234624262999944, 0.0 ], [ 106.786995905000083, -6.234658826999976, 0.0 ], [ 106.786969472000067, -6.234678319999944, 0.0 ], [ 106.786955674000069, -6.23468924499997, 0.0 ], [ 106.786928124000042, -6.234708969999929, 0.0 ], [ 106.786904985000035, -6.234721225999976, 0.0 ], [ 106.786883253000042, -6.234731998999962, 0.0 ], [ 106.786852178000061, -6.234743966999929, 0.0 ], [ 106.786830217000045, -6.234756148999963, 0.0 ], [ 106.786801282000056, -6.234788204999973, 0.0 ], [ 106.786782540000047, -6.234808968999971, 0.0 ], [ 106.786765418000073, -6.234850841999958, 0.0 ], [ 106.786766114000045, -6.234884767999972, 0.0 ], [ 106.786766346000036, -6.234896075999927, 0.0 ], [ 106.786773014000062, -6.23493912999993, 0.0 ], [ 106.786780796000073, -6.234978337999962, 0.0 ], [ 106.78679246300004, -6.235034756999937, 0.0 ], [ 106.786796586000037, -6.235052529999962, 0.0 ], [ 106.786800226000082, -6.235068223999974, 0.0 ], [ 106.78680797700008, -6.235097863999954, 0.0 ], [ 106.786811890000081, -6.235124001999964, 0.0 ], [ 106.786812165000072, -6.235168649999935, 0.0 ], [ 106.78680277400008, -6.235213457999976, 0.0 ], [ 106.786800824000068, -6.235218980999946, 0.0 ], [ 106.78677838200008, -6.235262760999944, 0.0 ], [ 106.786752526000043, -6.23529900799997, 0.0 ], [ 106.786749059000044, -6.235303438999949, 0.0 ], [ 106.786730353000053, -6.235323668999968, 0.0 ], [ 106.78671594900004, -6.235339246999956, 0.0 ], [ 106.786675546000083, -6.235366546999956, 0.0 ], [ 106.786642489000087, -6.235382689999938, 0.0 ], [ 106.786636412000064, -6.235385230999952, 0.0 ], [ 106.786555407000037, -6.235398282999938, 0.0 ], [ 106.786550814000066, -6.235399023999946, 0.0 ], [ 106.786533486000053, -6.235399531999974, 0.0 ], [ 106.786457881000047, -6.235393913999928, 0.0 ], [ 106.78643177400005, -6.235387365999941, 0.0 ], [ 106.786427075000063, -6.235386404999929, 0.0 ], [ 106.78636713800006, -6.235369454999955, 0.0 ], [ 106.78632901800006, -6.235366727999974, 0.0 ], [ 106.786274597000045, -6.235372883999958, 0.0 ], [ 106.786240125000063, -6.235389275999978, 0.0 ], [ 106.786214517000076, -6.235407004999956, 0.0 ], [ 106.78619057700007, -6.235428515999956, 0.0 ], [ 106.786169240000049, -6.235447687999965, 0.0 ], [ 106.786141981000071, -6.235488043999965, 0.0 ], [ 106.78612484100006, -6.235564279999949, 0.0 ], [ 106.786131199000067, -6.235641770999962, 0.0 ], [ 106.786137558000064, -6.235719260999929, 0.0 ], [ 106.786126592000073, -6.235759813999948, 0.0 ], [ 106.786077231000036, -6.235808692999967, 0.0 ], [ 106.786057364000044, -6.235821618999978, 0.0 ], [ 106.786017710000067, -6.235847418999981, 0.0 ], [ 106.785990931000072, -6.235864841999955, 0.0 ], [ 106.785958189000041, -6.235886143999949, 0.0 ], [ 106.785898667000083, -6.235924868999973, 0.0 ], [ 106.78586886100004, -6.235947697999961, 0.0 ], [ 106.785793714000079, -6.235994603999927, 0.0 ], [ 106.785743608000075, -6.23602348199995, 0.0 ], [ 106.785714690000077, -6.236040273999947, 0.0 ], [ 106.785665938000079, -6.236069540999949, 0.0 ], [ 106.785621881000054, -6.236109716999977, 0.0 ], [ 106.785583644000042, -6.236155474999975, 0.0 ], [ 106.785568038000065, -6.236182133999932, 0.0 ], [ 106.785556452000037, -6.236201925999978, 0.0 ], [ 106.785552432000088, -6.236208792999946, 0.0 ], [ 106.785549930000059, -6.236216408999951, 0.0 ], [ 106.785533146000034, -6.236267493999947, 0.0 ], [ 106.785525803000041, -6.236301731999959, 0.0 ], [ 106.78551291000008, -6.236377133999952, 0.0 ], [ 106.785508490000041, -6.236425095999948, 0.0 ], [ 106.785504070000059, -6.236473057999945, 0.0 ], [ 106.785505448000038, -6.236526879999928, 0.0 ], [ 106.785506825000084, -6.236580703999948, 0.0 ], [ 106.785501940000074, -6.236620925999944, 0.0 ], [ 106.785488574000055, -6.23668510899995, 0.0 ], [ 106.785474271000055, -6.236729585999967, 0.0 ], [ 106.785450165000043, -6.236786121999955, 0.0 ], [ 106.785423502000071, -6.236834534999957, 0.0 ], [ 106.785384289000035, -6.236895262999951, 0.0 ], [ 106.785324763000062, -6.236962152999979, 0.0 ], [ 106.785269343000039, -6.237010684999973, 0.0 ], [ 106.785200059000033, -6.237062604999949, 0.0 ], [ 106.785128522000036, -6.237116674999925, 0.0 ], [ 106.78505698500004, -6.237170745999947, 0.0 ], [ 106.78499226100007, -6.237223749999941, 0.0 ], [ 106.784927537000044, -6.237276753999936, 0.0 ], [ 106.784914041000036, -6.237299511999936, 0.0 ], [ 106.784913773000085, -6.237308086999974, 0.0 ], [ 106.784913337000035, -6.237322, 0.0 ], [ 106.784913127000038, -6.237328703999935, 0.0 ], [ 106.784914082000057, -6.237364854999953, 0.0 ], [ 106.784916025000086, -6.237377768999977, 0.0 ], [ 106.784921515000065, -6.237399875999927, 0.0 ], [ 106.784931777000054, -6.237435262999952, 0.0 ], [ 106.784935621000045, -6.23744938699997, 0.0 ], [ 106.784946305000062, -6.237491141999953, 0.0 ], [ 106.784957470000052, -6.23753761599994, 0.0 ], [ 106.784962093000047, -6.23756995399998, 0.0 ], [ 106.784964545000037, -6.237598606999939, 0.0 ], [ 106.784966120000036, -6.237631805999968, 0.0 ], [ 106.784966389000033, -6.237637476999964, 0.0 ], [ 106.784966578000081, -6.237693136999951, 0.0 ], [ 106.784964880000075, -6.237756778999938, 0.0 ], [ 106.784963183000059, -6.237820420999981, 0.0 ], [ 106.784961419000069, -6.237864446999936, 0.0 ], [ 106.784961552000084, -6.237903679999931, 0.0 ], [ 106.784962571000051, -6.237922780999952, 0.0 ], [ 106.784973751000052, -6.237992457999951, 0.0 ], [ 106.784978613000078, -6.23800784499997, 0.0 ], [ 106.784981056000049, -6.238015576999942, 0.0 ], [ 106.78499929600008, -6.238053540999942, 0.0 ], [ 106.785027844000069, -6.23808644199994, 0.0 ], [ 106.785033143000078, -6.238091571999973, 0.0 ], [ 106.785075592000055, -6.238130901999966, 0.0 ], [ 106.785108429000047, -6.238161327999933, 0.0 ], [ 106.785111536000045, -6.238165211999956, 0.0 ], [ 106.785131516000035, -6.238190189999955, 0.0 ], [ 106.785139, -6.238197753999941, 0.0 ], [ 106.785176385000057, -6.238233957999967, 0.0 ], [ 106.785205383000061, -6.238265629999944, 0.0 ], [ 106.785249054000076, -6.238313328999936, 0.0 ], [ 106.785286485000086, -6.238353392999954, 0.0 ], [ 106.785315289000039, -6.238387744999955, 0.0 ], [ 106.785342659000037, -6.238422101999959, 0.0 ], [ 106.785358847000055, -6.238448608999931, 0.0 ], [ 106.785367300000075, -6.238462449999929, 0.0 ], [ 106.785391941000057, -6.238502796999967, 0.0 ], [ 106.785408893000067, -6.238557625999931, 0.0 ], [ 106.785428053000032, -6.238602884999978, 0.0 ], [ 106.785431743000061, -6.238607925999929, 0.0 ], [ 106.785455856000056, -6.238668848999964, 0.0 ], [ 106.785457739000037, -6.238688237999952, 0.0 ], [ 106.785455270000057, -6.238730303999944, 0.0 ], [ 106.785442320000072, -6.238753377999956, 0.0 ], [ 106.785435919000065, -6.238760977999959, 0.0 ], [ 106.785408966000034, -6.238788253999928, 0.0 ], [ 106.785401008000065, -6.238794971999937, 0.0 ], [ 106.78536256700005, -6.238821962999964, 0.0 ], [ 106.78534423800005, -6.238831210999933, 0.0 ], [ 106.785302267000077, -6.238849068999968, 0.0 ], [ 106.78522870200004, -6.238869140999952, 0.0 ], [ 106.785183800000084, -6.238881732999971, 0.0 ], [ 106.785162502000048, -6.238887678999959, 0.0 ], [ 106.785121523000043, -6.238899121999964, 0.0 ], [ 106.785117880000087, -6.238900137999963, 0.0 ], [ 106.785097932000042, -6.238906865999979, 0.0 ], [ 106.785056199000053, -6.238923262999947, 0.0 ], [ 106.785022420000075, -6.238942947999931, 0.0 ], [ 106.785019068000054, -6.238947248999978, 0.0 ], [ 106.784983895000039, -6.238992376999931, 0.0 ], [ 106.784969119000039, -6.23901133399994, 0.0 ], [ 106.784968126000081, -6.239012607999939, 0.0 ], [ 106.784960734000038, -6.239044694999961, 0.0 ], [ 106.784955751000041, -6.239066323999964, 0.0 ], [ 106.784954061000064, -6.23909495099997, 0.0 ], [ 106.784952255000064, -6.239126535999958, 0.0 ], [ 106.784952356000076, -6.239156326999932, 0.0 ], [ 106.784960051000041, -6.239196739999954, 0.0 ], [ 106.784963049000055, -6.239207839999949, 0.0 ], [ 106.784968770000035, -6.239227310999979, 0.0 ], [ 106.784971584000061, -6.239253392999956, 0.0 ], [ 106.784971412000061, -6.239269283999931, 0.0 ], [ 106.784970810000061, -6.239325036999958, 0.0 ], [ 106.784970717000078, -6.23933362799994, 0.0 ], [ 106.784970258000044, -6.239376067999956, 0.0 ], [ 106.784970190000081, -6.239382372999955, 0.0 ], [ 106.784970129000044, -6.239387975999932, 0.0 ], [ 106.784969849000049, -6.239413861999935, 0.0 ], [ 106.78496967500007, -6.23942993199995, 0.0 ], [ 106.784969525000065, -6.239443821999942, 0.0 ], [ 106.784968982000066, -6.23949409599993, 0.0 ], [ 106.784968862000085, -6.239505244999975, 0.0 ], [ 106.784968684000035, -6.239521620999938, 0.0 ], [ 106.784968115000083, -6.239574329999925, 0.0 ], [ 106.78496629600005, -6.23960208799997, 0.0 ], [ 106.784961622000083, -6.239633682999965, 0.0 ], [ 106.78495408200007, -6.239666244999967, 0.0 ], [ 106.784940813000048, -6.239701695999941, 0.0 ], [ 106.784918936000054, -6.239736219999941, 0.0 ], [ 106.784885156000087, -6.239785616999939, 0.0 ], [ 106.784882103000086, -6.239790082999946, 0.0 ], [ 106.784851375000073, -6.239835013999937, 0.0 ], [ 106.784838952000086, -6.23985212599996, 0.0 ], [ 106.784828062000088, -6.239870076999978, 0.0 ], [ 106.784794459000068, -6.239925469999946, 0.0 ], [ 106.784758951000072, -6.240004512999974, 0.0 ], [ 106.784739781000042, -6.240066725999952, 0.0 ], [ 106.784735461000082, -6.240080741999975, 0.0 ], [ 106.784729285000083, -6.240107603999945, 0.0 ], [ 106.78472507500004, -6.240125911999939, 0.0 ], [ 106.784724765000078, -6.240127259999952, 0.0 ], [ 106.784723776000078, -6.240140338999936, 0.0 ], [ 106.784721166000054, -6.240174857999932, 0.0 ], [ 106.784723285000041, -6.240236093999954, 0.0 ], [ 106.784723860000042, -6.240250080999942, 0.0 ], [ 106.784725369000057, -6.240286804999926, 0.0 ], [ 106.78472834300004, -6.240317245999961, 0.0 ], [ 106.784729378000065, -6.240327840999953, 0.0 ], [ 106.784732799000039, -6.240362855999933, 0.0 ], [ 106.784738410000045, -6.240420301999961, 0.0 ], [ 106.784740228000032, -6.240438907999931, 0.0 ], [ 106.784739081000055, -6.240457040999956, 0.0 ], [ 106.784738413000071, -6.240467621999926, 0.0 ], [ 106.784735425000065, -6.240504225999928, 0.0 ], [ 106.784731067000052, -6.240557598999942, 0.0 ], [ 106.784730065000076, -6.240569883999967, 0.0 ], [ 106.784723722000081, -6.240647575999958, 0.0 ], [ 106.784721688000047, -6.240689506999956, 0.0 ], [ 106.784721362000084, -6.240696218999972, 0.0 ], [ 106.784723473000042, -6.240750860999981, 0.0 ], [ 106.78472501400006, -6.24076456399996, 0.0 ], [ 106.784725638000054, -6.240767564999942, 0.0 ], [ 106.784735655000077, -6.24081569599997, 0.0 ], [ 106.784740832000068, -6.240838258999929, 0.0 ], [ 106.784746874000064, -6.240864592999969, 0.0 ], [ 106.784758092000061, -6.240913488999979, 0.0 ], [ 106.784765485000037, -6.240978860999974, 0.0 ], [ 106.784766964000084, -6.240991927999971, 0.0 ], [ 106.78477005600007, -6.241057945999955, 0.0 ], [ 106.784768460000066, -6.241077484999948, 0.0 ], [ 106.784767928000065, -6.241084011999931, 0.0 ], [ 106.784766382000043, -6.241102934999958, 0.0 ], [ 106.784757316000082, -6.241144739999925, 0.0 ], [ 106.784750937000069, -6.241164990999948, 0.0 ], [ 106.784749306000037, -6.241170169999975, 0.0 ], [ 106.784742561000087, -6.241191583999978, 0.0 ], [ 106.784738534000041, -6.241197115999967, 0.0 ], [ 106.784698687000059, -6.241251857999941, 0.0 ], [ 106.784671715000059, -6.241270078999946, 0.0 ], [ 106.784595688000081, -6.241295159999936, 0.0 ], [ 106.784594956000035, -6.241295400999945, 0.0 ], [ 106.784541952000041, -6.241297886999973, 0.0 ], [ 106.784536238000044, -6.241298154999981, 0.0 ], [ 106.78452053500007, -6.241298891999975, 0.0 ], [ 106.784518414000047, -6.24129899199994, 0.0 ], [ 106.784481657000072, -6.241299547999972, 0.0 ], [ 106.784459653000056, -6.241298252999968, 0.0 ], [ 106.784417679000057, -6.241295781999952, 0.0 ], [ 106.784373709000079, -6.241285743999981, 0.0 ], [ 106.784334519000083, -6.241302628999961, 0.0 ], [ 106.784326068000041, -6.241319026999975, 0.0 ], [ 106.784315819000085, -6.241338911999947, 0.0 ], [ 106.784292055000037, -6.241381097999977, 0.0 ], [ 106.784290126000087, -6.241385272999935, 0.0 ], [ 106.784280157000069, -6.241406840999957, 0.0 ], [ 106.784274714000048, -6.241414905999932, 0.0 ], [ 106.784274521000043, -6.241415306999954, 0.0 ], [ 106.784274305000054, -6.241415758999949, 0.0 ], [ 106.784273969000083, -6.241416010999956, 0.0 ], [ 106.78426401300004, -6.241430762999926, 0.0 ], [ 106.784244872000045, -6.241446193999934, 0.0 ], [ 106.784235926000065, -6.241453404999959, 0.0 ], [ 106.784206027000039, -6.241481250999925, 0.0 ], [ 106.784185419000039, -6.241506557999969, 0.0 ], [ 106.784170110000048, -6.241525357999933, 0.0 ], [ 106.784148337000033, -6.241561291999972, 0.0 ], [ 106.784147319000056, -6.241564208999932, 0.0 ], [ 106.784136903000046, -6.241594064999958, 0.0 ], [ 106.78412970800008, -6.241624514999955, 0.0 ], [ 106.784131652000042, -6.241671026999938, 0.0 ], [ 106.784135328000048, -6.241688654999962, 0.0 ], [ 106.784136939000064, -6.241696379999951, 0.0 ], [ 106.784157108000045, -6.241762052999945, 0.0 ], [ 106.78416528200006, -6.241785356999969, 0.0 ], [ 106.784174084000085, -6.241814528999953, 0.0 ], [ 106.784181723000074, -6.241839845999948, 0.0 ], [ 106.784196879000035, -6.241890075999947, 0.0 ], [ 106.784198164000088, -6.241894335999973, 0.0 ], [ 106.784213648000048, -6.241948350999962, 0.0 ], [ 106.784218267000085, -6.241964461999942, 0.0 ], [ 106.784222257000067, -6.241978382999946, 0.0 ], [ 106.784225856000035, -6.241990939999937, 0.0 ], [ 106.784229131000075, -6.242002364999962, 0.0 ], [ 106.784236599000053, -6.242028920999928, 0.0 ], [ 106.784238810000033, -6.242036781999957, 0.0 ], [ 106.784248673000036, -6.242070282999975, 0.0 ], [ 106.784248759000036, -6.242070575999946, 0.0 ], [ 106.784250923000059, -6.242077930999926, 0.0 ], [ 106.784254289000046, -6.242089360999955, 0.0 ], [ 106.784255219000045, -6.242091853999966, 0.0 ], [ 106.784256905000063, -6.242096372999981, 0.0 ], [ 106.784270694000043, -6.242133324999941, 0.0 ], [ 106.784285595000085, -6.242166904999976, 0.0 ], [ 106.784297337000055, -6.242184607999945, 0.0 ], [ 106.784308085000077, -6.242200810999975, 0.0 ], [ 106.784317805000057, -6.242212643999949, 0.0 ], [ 106.78435058000008, -6.242237724999939, 0.0 ], [ 106.784351429000083, -6.242238374999943, 0.0 ], [ 106.784374488000083, -6.24224985099994, 0.0 ], [ 106.784390778000045, -6.242257957999925, 0.0 ], [ 106.784412969000073, -6.242266902999972, 0.0 ], [ 106.784442869000088, -6.242282172999978, 0.0 ], [ 106.784452864000059, -6.242288616999929, 0.0 ], [ 106.784478569000044, -6.242311643999926, 0.0 ], [ 106.784483416000057, -6.242316728999981, 0.0 ], [ 106.784504541000047, -6.242342717999975, 0.0 ], [ 106.784519208000063, -6.242368508999959, 0.0 ], [ 106.784521516000041, -6.242373187999931, 0.0 ], [ 106.784534037000071, -6.24240423599997, 0.0 ], [ 106.784535445000074, -6.242408185999977, 0.0 ], [ 106.784548377000078, -6.242436400999964, 0.0 ], [ 106.784553509000034, -6.242447597999956, 0.0 ], [ 106.784570114000076, -6.242479838999941, 0.0 ], [ 106.784579425000061, -6.242501758999936, 0.0 ], [ 106.784589670000059, -6.242536296999958, 0.0 ], [ 106.784589725000046, -6.242552408999927, 0.0 ], [ 106.784589754000081, -6.242560872999945, 0.0 ], [ 106.784600423000086, -6.242604951999965, 0.0 ], [ 106.784605029000033, -6.242623978999973, 0.0 ], [ 106.784628314000088, -6.242641677999927, 0.0 ], [ 106.784656723000069, -6.242663270999969, 0.0 ], [ 106.784686449000048, -6.242686549999974, 0.0 ], [ 106.784711291000065, -6.242706003999956, 0.0 ], [ 106.784719391000067, -6.242720480999935, 0.0 ], [ 106.784730224000043, -6.242742692999968, 0.0 ], [ 106.784737318000055, -6.242762358999926, 0.0 ], [ 106.784737465000035, -6.242762763999963, 0.0 ], [ 106.784741368000084, -6.24277682099995, 0.0 ], [ 106.784744259000036, -6.242787233999934, 0.0 ], [ 106.784745694000037, -6.242792400999974, 0.0 ], [ 106.784769373000074, -6.242833480999934, 0.0 ], [ 106.784795505000034, -6.24285193999998, 0.0 ], [ 106.784804640000061, -6.242857256999969, 0.0 ], [ 106.784850695000046, -6.242876530999979, 0.0 ], [ 106.784857521000049, -6.242877670999974, 0.0 ], [ 106.784904055000084, -6.242885439999952, 0.0 ], [ 106.784938891000081, -6.242885582999975, 0.0 ], [ 106.78500000400004, -6.242879521999953, 0.0 ], [ 106.785010238000041, -6.242878506999944, 0.0 ], [ 106.785023645000081, -6.242876186999979, 0.0 ], [ 106.785067292000065, -6.242857847999971, 0.0 ], [ 106.785115242000074, -6.242849748999959, 0.0 ], [ 106.785122345000048, -6.24285051399994, 0.0 ], [ 106.785122998000077, -6.242850632999932, 0.0 ], [ 106.785153204000039, -6.242856150999955, 0.0 ], [ 106.785179038000081, -6.24286036999996, 0.0 ], [ 106.785202728000058, -6.242866747999926, 0.0 ], [ 106.785231442000054, -6.242874545999939, 0.0 ], [ 106.785257788000081, -6.242881728999976, 0.0 ], [ 106.785301854000068, -6.242893744999947, 0.0 ], [ 106.785349286000042, -6.242928941999935, 0.0 ], [ 106.785372625000036, -6.242966470999932, 0.0 ], [ 106.785394308000036, -6.243015440999955, 0.0 ], [ 106.785399582000082, -6.243026180999948, 0.0 ], [ 106.78541325100008, -6.243054018999942, 0.0 ], [ 106.785417177000056, -6.243062014999964, 0.0 ], [ 106.785426348000044, -6.243077549999953, 0.0 ], [ 106.785469971000055, -6.243120447999956, 0.0 ], [ 106.785529802000042, -6.24313938399996, 0.0 ], [ 106.785613561000048, -6.243164218999937, 0.0 ], [ 106.78563095800007, -6.243169439999974, 0.0 ], [ 106.785680569000078, -6.243184325999948, 0.0 ], [ 106.78569189600006, -6.243188642999939, 0.0 ], [ 106.785711688000049, -6.243196182999952, 0.0 ], [ 106.785764358000051, -6.243225267999946, 0.0 ], [ 106.785809697000047, -6.243264831999966, 0.0 ], [ 106.785826740000061, -6.243284309999979, 0.0 ], [ 106.785867511000049, -6.243322447999958, 0.0 ], [ 106.785928643000034, -6.243372480999938, 0.0 ], [ 106.785988532000033, -6.24340816199998, 0.0 ], [ 106.78604959900008, -6.243439054999953, 0.0 ], [ 106.786093290000053, -6.243456849999973, 0.0 ], [ 106.786136980000038, -6.243474643999946, 0.0 ], [ 106.786184851000087, -6.243491228999972, 0.0 ], [ 106.786233916000072, -6.243507808999937, 0.0 ], [ 106.786282973000084, -6.24352199599997, 0.0 ], [ 106.786303764000081, -6.243528160999972, 0.0 ], [ 106.786360689000048, -6.243535720999944, 0.0 ], [ 106.786373578000052, -6.243537432999972, 0.0 ], [ 106.786378042000081, -6.24353696299994, 0.0 ], [ 106.786422853000033, -6.243532240999969, 0.0 ], [ 106.786433850000037, -6.243529018999936, 0.0 ], [ 106.786470405000046, -6.243518310999946, 0.0 ], [ 106.786503817000039, -6.24350134599996, 0.0 ], [ 106.786540488000071, -6.243483712999932, 0.0 ], [ 106.786555364000037, -6.243478008999944, 0.0 ], [ 106.786593578000065, -6.243467112999951, 0.0 ], [ 106.78661945500005, -6.243468089999965, 0.0 ], [ 106.786659055000086, -6.243469583999968, 0.0 ], [ 106.786680850000039, -6.243470405999972, 0.0 ], [ 106.786707644000046, -6.243480553999973, 0.0 ], [ 106.786721543000056, -6.243485817999954, 0.0 ], [ 106.786737088000052, -6.243503474999955, 0.0 ], [ 106.786750012000084, -6.243518157999972, 0.0 ], [ 106.786767005000058, -6.243537461999949, 0.0 ], [ 106.786770339000043, -6.243553390999978, 0.0 ], [ 106.78677151800008, -6.243559023999978, 0.0 ], [ 106.786775529000067, -6.243582314999969, 0.0 ], [ 106.786776879000058, -6.243593852999936, 0.0 ], [ 106.786777414000085, -6.243598425999949, 0.0 ], [ 106.786780589000045, -6.24362556899996, 0.0 ], [ 106.78678427300008, -6.243654265999965, 0.0 ], [ 106.786785973000065, -6.24367854999997, 0.0 ], [ 106.786789139000064, -6.243723759999966, 0.0 ], [ 106.786789298000087, -6.243726018999951, 0.0 ], [ 106.786789549000048, -6.243800180999926, 0.0 ], [ 106.786787525000079, -6.243841328999963, 0.0 ], [ 106.786786194000058, -6.243868373999931, 0.0 ], [ 106.786784030000035, -6.243903408999927, 0.0 ], [ 106.786782795000079, -6.243923408999933, 0.0 ], [ 106.786782993000088, -6.24398193199994, 0.0 ], [ 106.786783072000048, -6.24400514499996, 0.0 ], [ 106.786786737000057, -6.244030558999953, 0.0 ], [ 106.786797685000067, -6.244079489999933, 0.0 ], [ 106.786798881000038, -6.244084836999946, 0.0 ], [ 106.786811923000073, -6.244127613999979, 0.0 ], [ 106.786812179000037, -6.244128452999973, 0.0 ], [ 106.786825476000047, -6.244172068999944, 0.0 ], [ 106.786853318000055, -6.244246619999956, 0.0 ], [ 106.786870481000051, -6.244263431999968, 0.0 ], [ 106.786898649000079, -6.244272837999972, 0.0 ], [ 106.786908592000088, -6.24427615899998, 0.0 ], [ 106.786946316000069, -6.244288755999946, 0.0 ], [ 106.786958067000057, -6.244290096999976, 0.0 ], [ 106.786987907000082, -6.244293500999959, 0.0 ], [ 106.786996786000088, -6.244292813999948, 0.0 ], [ 106.787036124000053, -6.244284496999967, 0.0 ], [ 106.787077301000068, -6.244270402999973, 0.0 ], [ 106.787079522000056, -6.244269642999939, 0.0 ], [ 106.787098279000077, -6.244263222999962, 0.0 ], [ 106.787108190000083, -6.244259830999965, 0.0 ], [ 106.787122920000058, -6.244254789999957, 0.0 ], [ 106.787136039000075, -6.244250302999944, 0.0 ], [ 106.787173782000082, -6.244237392999935, 0.0 ], [ 106.787224646000084, -6.24421999499998, 0.0 ], [ 106.787256271000047, -6.244210936999934, 0.0 ], [ 106.787290272000064, -6.244201196999938, 0.0 ], [ 106.787335789000053, -6.244192105999957, 0.0 ], [ 106.787373540000033, -6.244188753999936, 0.0 ], [ 106.787383421000072, -6.244187876999945, 0.0 ], [ 106.787422486000082, -6.24418774399993, 0.0 ], [ 106.787438891000079, -6.244188307999934, 0.0 ], [ 106.787498519000053, -6.244190356999979, 0.0 ], [ 106.787541561000069, -6.244193080999935, 0.0 ], [ 106.787568583000052, -6.244195504999936, 0.0 ], [ 106.787580879000075, -6.244196606999935, 0.0 ], [ 106.787634868000055, -6.244205788999977, 0.0 ], [ 106.787666336000086, -6.244221121999942, 0.0 ], [ 106.787679558000036, -6.24423730999996, 0.0 ], [ 106.787697162000086, -6.244261795999932, 0.0 ], [ 106.787701033000076, -6.244267180999941, 0.0 ], [ 106.787707346000047, -6.244280187999948, 0.0 ], [ 106.787707804000036, -6.244311792999952, 0.0 ], [ 106.787707849000071, -6.244314882999959, 0.0 ], [ 106.787708151000061, -6.244335685999943, 0.0 ], [ 106.787690155000064, -6.244367690999979, 0.0 ], [ 106.78764958000005, -6.244412677999946, 0.0 ], [ 106.787630713000055, -6.244433596999954, 0.0 ], [ 106.787619960000086, -6.244471904999955, 0.0 ], [ 106.787611881000032, -6.244500688999949, 0.0 ], [ 106.787612180000053, -6.244516748999956, 0.0 ], [ 106.787612897000088, -6.244555301999981, 0.0 ], [ 106.787613177000082, -6.244570363999969, 0.0 ], [ 106.787625996000088, -6.244618457999934, 0.0 ], [ 106.787631834000081, -6.244632658999933, 0.0 ], [ 106.787644920000048, -6.244664489999934, 0.0 ], [ 106.787651895000067, -6.244690455999944, 0.0 ], [ 106.787661677000074, -6.244726869999965, 0.0 ], [ 106.787668450000069, -6.244768000999954, 0.0 ], [ 106.787672866000037, -6.244806573999938, 0.0 ], [ 106.787675407000052, -6.244828776999952, 0.0 ], [ 106.787675841000066, -6.244832568999925, 0.0 ], [ 106.787675970000066, -6.244870845999969, 0.0 ], [ 106.787673986000073, -6.244928674999926, 0.0 ], [ 106.787672002000079, -6.244986504999929, 0.0 ], [ 106.787676856000076, -6.245033168999953, 0.0 ], [ 106.787677688000088, -6.245041159999971, 0.0 ], [ 106.787683804000039, -6.245057541999927, 0.0 ], [ 106.787690531000067, -6.245075561999954, 0.0 ], [ 106.787696905000075, -6.245092635999981, 0.0 ], [ 106.787731385000086, -6.245164965999948, 0.0 ], [ 106.78776586500004, -6.245237294999981, 0.0 ], [ 106.787780911000084, -6.245268858999964, 0.0 ], [ 106.787800344000061, -6.245309624999948, 0.0 ], [ 106.787806453000087, -6.245322439999939, 0.0 ], [ 106.787830848000056, -6.245373613999959, 0.0 ], [ 106.78783194500005, -6.245375913999965, 0.0 ], [ 106.787834824000072, -6.245381953999981, 0.0 ], [ 106.787869304000083, -6.245454283999948, 0.0 ], [ 106.787896427000078, -6.245511180999927, 0.0 ], [ 106.78790037400006, -6.245519459999969, 0.0 ], [ 106.787903784000036, -6.245526612999981, 0.0 ], [ 106.787910368000041, -6.24554042699998, 0.0 ], [ 106.787922385000059, -6.245565634999934, 0.0 ], [ 106.787933391000081, -6.245588721999979, 0.0 ], [ 106.78793500900008, -6.245592115999955, 0.0 ], [ 106.787938263000058, -6.245598942999948, 0.0 ], [ 106.787947344000088, -6.245617990999961, 0.0 ], [ 106.787960944000076, -6.245646521999959, 0.0 ], [ 106.787972743000068, -6.245671272999971, 0.0 ], [ 106.788006937000034, -6.245740273999957, 0.0 ], [ 106.788011329000085, -6.245749135999972, 0.0 ], [ 106.788029407000067, -6.245785615999978, 0.0 ], [ 106.788049914000055, -6.245827, 0.0 ], [ 106.788088499000082, -6.245904861999975, 0.0 ], [ 106.788112522000063, -6.245953336999946, 0.0 ], [ 106.788127085000042, -6.245982725999966, 0.0 ], [ 106.788141361000044, -6.246011532999944, 0.0 ], [ 106.788154303000056, -6.246037648999959, 0.0 ], [ 106.788165671000058, -6.246060588999967, 0.0 ], [ 106.788204256000085, -6.246138452999958, 0.0 ], [ 106.788242842000045, -6.246216315999959, 0.0 ], [ 106.788273446000062, -6.246278073999974, 0.0 ], [ 106.788281427000072, -6.246294177999971, 0.0 ], [ 106.788282387000038, -6.246296116999929, 0.0 ], [ 106.788285062000057, -6.246301514999971, 0.0 ], [ 106.788320013000089, -6.246372041999962, 0.0 ], [ 106.788358598000059, -6.246449904999963, 0.0 ], [ 106.788383045000046, -6.24648372799993, 0.0 ], [ 106.78842381700008, -6.246526783999968, 0.0 ], [ 106.788425435000079, -6.246528492999971, 0.0 ], [ 106.788454425000054, -6.246550068999966, 0.0 ], [ 106.788461926000082, -6.246554304999961, 0.0 ], [ 106.788477085000068, -6.246562867999955, 0.0 ], [ 106.788498974000049, -6.246575231999941, 0.0 ], [ 106.788519739000037, -6.246586961999981, 0.0 ], [ 106.788525914000047, -6.246590449999928, 0.0 ], [ 106.788535885000044, -6.246596082999929, 0.0 ], [ 106.78853964700005, -6.246598206999977, 0.0 ], [ 106.78854093800004, -6.246598935999941, 0.0 ], [ 106.788546677000056, -6.246602177999932, 0.0 ], [ 106.788589902000069, -6.246626594999952, 0.0 ], [ 106.788615700000037, -6.246645010999941, 0.0 ], [ 106.788642486000072, -6.246668081999928, 0.0 ], [ 106.788651525000034, -6.246675868999944, 0.0 ], [ 106.788682461000064, -6.246711544999926, 0.0 ], [ 106.788688075000039, -6.24671976299993, 0.0 ], [ 106.788694780000071, -6.246752144999959, 0.0 ], [ 106.788696609000056, -6.246760981999955, 0.0 ], [ 106.788699865000069, -6.246776703999956, 0.0 ], [ 106.788700917000085, -6.246781787999964, 0.0 ], [ 106.788702820000083, -6.246790976999932, 0.0 ], [ 106.788701851000042, -6.246797117999961, 0.0 ], [ 106.788700150000068, -6.24680392199997, 0.0 ], [ 106.788698303000047, -6.246811308999952, 0.0 ], [ 106.788695221000069, -6.246823642999971, 0.0 ], [ 106.78868947400008, -6.246846627999957, 0.0 ], [ 106.788677801000063, -6.246879520999926, 0.0 ], [ 106.788672309000049, -6.246897245999946, 0.0 ], [ 106.788660822000054, -6.246934328999941, 0.0 ], [ 106.788659237000047, -6.246939444999953, 0.0 ], [ 106.788658327000064, -6.246942382999976, 0.0 ], [ 106.788655099000039, -6.246952803999932, 0.0 ], [ 106.788643838000041, -6.24698987599993, 0.0 ], [ 106.788643750000062, -6.246990163999953, 0.0 ], [ 106.788641924000046, -6.246997788999977, 0.0 ], [ 106.788631021000072, -6.247043315999974, 0.0 ], [ 106.788623990000076, -6.247084966999978, 0.0 ], [ 106.788623753000081, -6.247086791999948, 0.0 ], [ 106.788622734000057, -6.247094652999976, 0.0 ], [ 106.788618399000086, -6.247128047999979, 0.0 ], [ 106.788619582000081, -6.247158317999947, 0.0 ], [ 106.78861997000007, -6.247168233999957, 0.0 ], [ 106.788623464000068, -6.247182989999942, 0.0 ], [ 106.788628459000051, -6.247204090999958, 0.0 ], [ 106.788630612000077, -6.247207953999975, 0.0 ], [ 106.788637308000034, -6.247219970999936, 0.0 ], [ 106.788659729000074, -6.247260203999929, 0.0 ], [ 106.788664959000073, -6.247267178999948, 0.0 ], [ 106.788692248000075, -6.247303569999929, 0.0 ], [ 106.788705359000062, -6.24732105399994, 0.0 ], [ 106.788757600000054, -6.247345056999961, 0.0 ], [ 106.788778628000046, -6.247347389999959, 0.0 ], [ 106.78878067800008, -6.247348015999933, 0.0 ], [ 106.788784969000062, -6.24734809399996, 0.0 ], [ 106.788786735000087, -6.247348288999945, 0.0 ], [ 106.788826190000066, -6.247350547999929, 0.0 ], [ 106.788845105000064, -6.247349177999979, 0.0 ], [ 106.78886084700008, -6.247348036999938, 0.0 ], [ 106.788907427000083, -6.247336514999972, 0.0 ], [ 106.788946986000042, -6.247326728999951, 0.0 ], [ 106.78895400600004, -6.24732499299995, 0.0 ], [ 106.788989650000076, -6.247316703999957, 0.0 ], [ 106.788992201000042, -6.247316110999975, 0.0 ], [ 106.789042299000073, -6.247304459999953, 0.0 ], [ 106.78909494800007, -6.247292215999948, 0.0 ], [ 106.789128606000077, -6.247298073999957, 0.0 ], [ 106.789169104000052, -6.247305122999933, 0.0 ], [ 106.789176561000033, -6.247310679999941, 0.0 ], [ 106.789195913000071, -6.247347176999938, 0.0 ], [ 106.789196367000045, -6.247348034999959, 0.0 ], [ 106.789198729000077, -6.24736784199996, 0.0 ], [ 106.789196347000086, -6.247406376999947, 0.0 ], [ 106.789195661000065, -6.247417469999959, 0.0 ], [ 106.789191929000083, -6.247440843999925, 0.0 ], [ 106.789189928000042, -6.247453376999943, 0.0 ], [ 106.789188812000077, -6.247458651999978, 0.0 ], [ 106.789183670000057, -6.247482936999972, 0.0 ], [ 106.789175663000037, -6.247520761999965, 0.0 ], [ 106.789173457000061, -6.247531183999968, 0.0 ], [ 106.789172457000063, -6.247538356999939, 0.0 ], [ 106.789171576000058, -6.247544682999944, 0.0 ], [ 106.789168596000081, -6.247566080999945, 0.0 ], [ 106.789165855000078, -6.247578301999965, 0.0 ], [ 106.789163367000072, -6.247589394999977, 0.0 ], [ 106.78915760600006, -6.247604217999935, 0.0 ], [ 106.789147962000072, -6.247622319999948, 0.0 ], [ 106.789129175000085, -6.247637532999931, 0.0 ], [ 106.789111947000038, -6.247643344999972, 0.0 ], [ 106.789110486000084, -6.247643837999931, 0.0 ], [ 106.789074658000061, -6.247653528999933, 0.0 ], [ 106.788994615000036, -6.247666958999957, 0.0 ], [ 106.788977024000076, -6.247670082999946, 0.0 ], [ 106.788965303000055, -6.247674120999932, 0.0 ], [ 106.788959729000055, -6.247676040999977, 0.0 ], [ 106.788940946000082, -6.247686697999939, 0.0 ], [ 106.788926396000079, -6.247701939999956, 0.0 ], [ 106.788924229000088, -6.247709074999932, 0.0 ], [ 106.788923888000056, -6.247711507999952, 0.0 ], [ 106.788921006000066, -6.247732017999965, 0.0 ], [ 106.788921806000076, -6.24773595399995, 0.0 ], [ 106.788925885000083, -6.247756006999964, 0.0 ], [ 106.788928013000088, -6.247766468999941, 0.0 ], [ 106.788931256000069, -6.247776977999933, 0.0 ], [ 106.788942122000037, -6.247812186999965, 0.0 ], [ 106.788949769000055, -6.247836968999934, 0.0 ], [ 106.788964251000039, -6.247877588999927, 0.0 ], [ 106.78898128600008, -6.247917692999977, 0.0 ], [ 106.788983531000042, -6.247922977999963, 0.0 ], [ 106.788983692000045, -6.247923315999969, 0.0 ], [ 106.789003998000055, -6.247965969999939, 0.0 ], [ 106.789009433000047, -6.247974565999925, 0.0 ], [ 106.789036447000058, -6.248017295999944, 0.0 ], [ 106.789055037000082, -6.248044508999953, 0.0 ], [ 106.789059272000088, -6.248050709999973, 0.0 ], [ 106.789070797000079, -6.248067443999958, 0.0 ], [ 106.789078144000086, -6.248082336999971, 0.0 ], [ 106.789080725000076, -6.248089433999951, 0.0 ], [ 106.789085748000048, -6.248103251999964, 0.0 ], [ 106.789088905000085, -6.248117240999932, 0.0 ], [ 106.789090102000046, -6.24812254699998, 0.0 ], [ 106.78909303100005, -6.248135523999963, 0.0 ], [ 106.789096616000052, -6.248162090999926, 0.0 ], [ 106.789097856000069, -6.248171278999962, 0.0 ], [ 106.78909684000007, -6.248201299999948, 0.0 ], [ 106.789090957000042, -6.248228831999938, 0.0 ], [ 106.789087927000082, -6.248239892999948, 0.0 ], [ 106.789079813000058, -6.248254958999951, 0.0 ], [ 106.789056411000047, -6.248267393999981, 0.0 ], [ 106.789035315000035, -6.248269910999966, 0.0 ], [ 106.789003340000079, -6.248267407999947, 0.0 ], [ 106.788964141000065, -6.248267540999962, 0.0 ], [ 106.78893234800006, -6.248264434999953, 0.0 ], [ 106.788896701000056, -6.248260951999953, 0.0 ], [ 106.788880956000071, -6.248259413999961, 0.0 ], [ 106.788829260000057, -6.248254362999944, 0.0 ], [ 106.788779758000032, -6.248250225999925, 0.0 ], [ 106.788775778000058, -6.248250119999966, 0.0 ], [ 106.788731701000074, -6.248248952999973, 0.0 ], [ 106.788682894000033, -6.248247851999963, 0.0 ], [ 106.78867200600007, -6.248249062999946, 0.0 ], [ 106.788665465000065, -6.248251050999954, 0.0 ], [ 106.788639280000041, -6.248263680999969, 0.0 ], [ 106.788635904000046, -6.248265710999931, 0.0 ], [ 106.788599741000041, -6.24829078099998, 0.0 ], [ 106.78858593800004, -6.248302254999942, 0.0 ], [ 106.788585570000066, -6.248302560999946, 0.0 ], [ 106.788579568000046, -6.248308383999927, 0.0 ], [ 106.788565641000048, -6.248326802999941, 0.0 ], [ 106.78855730500004, -6.248358464999967, 0.0 ], [ 106.788556128000039, -6.248370653999928, 0.0 ], [ 106.788555694000081, -6.248375149999958, 0.0 ], [ 106.788555747000032, -6.248390557999926, 0.0 ], [ 106.788557225000034, -6.248408120999954, 0.0 ], [ 106.788561192000088, -6.248413617999972, 0.0 ], [ 106.788577977000045, -6.248436873999935, 0.0 ], [ 106.78859846000006, -6.248456918999977, 0.0 ], [ 106.78863762800006, -6.248486809999974, 0.0 ], [ 106.788678214000072, -6.248514528999976, 0.0 ], [ 106.78868959600004, -6.248522301999969, 0.0 ], [ 106.788700068000082, -6.248528292999936, 0.0 ], [ 106.788731994000045, -6.248546559999966, 0.0 ], [ 106.78875918500006, -6.248562337999942, 0.0 ], [ 106.788782669000057, -6.248578154999961, 0.0 ], [ 106.788788451000073, -6.248582047999946, 0.0 ], [ 106.788815138000075, -6.248600020999959, 0.0 ], [ 106.788818969000033, -6.248602962999939, 0.0 ], [ 106.788840682000057, -6.248617613999954, 0.0 ], [ 106.788863425000045, -6.248638201999938, 0.0 ], [ 106.788874518000057, -6.248660768999969, 0.0 ], [ 106.788875191000045, -6.248662137999929, 0.0 ], [ 106.788880126000038, -6.248672177999936, 0.0 ], [ 106.788881349000064, -6.248676823999972, 0.0 ], [ 106.788885314000083, -6.24869188699995, 0.0 ], [ 106.788885743000037, -6.248693517999925, 0.0 ], [ 106.788886858000069, -6.248697756999945, 0.0 ], [ 106.788885741000058, -6.248715704999938, 0.0 ], [ 106.78888504400004, -6.248726907999981, 0.0 ], [ 106.788883878000036, -6.248731672999952, 0.0 ], [ 106.788866428000063, -6.248803020999958, 0.0 ], [ 106.788856429000077, -6.248831673999973, 0.0 ], [ 106.788852966000036, -6.248841599999935, 0.0 ], [ 106.788851866000073, -6.248844247999955, 0.0 ], [ 106.788847460000056, -6.248854836999953, 0.0 ], [ 106.788842102000046, -6.24886771599995, 0.0 ], [ 106.78883445200006, -6.248891379999975, 0.0 ], [ 106.788827883000067, -6.248919710999928, 0.0 ], [ 106.788826449000055, -6.24893209399994, 0.0 ], [ 106.788824800000043, -6.248946345999968, 0.0 ], [ 106.788821449000068, -6.24897529499998, 0.0 ], [ 106.788821273000053, -6.248976820999928, 0.0 ], [ 106.788820268000052, -6.248985493999953, 0.0 ], [ 106.788817897000058, -6.249018934999981, 0.0 ], [ 106.788814108000054, -6.249072356999932, 0.0 ], [ 106.788813063000077, -6.249078869999948, 0.0 ], [ 106.788809198000081, -6.249102932999961, 0.0 ], [ 106.788807138000038, -6.249115760999928, 0.0 ], [ 106.788806383000065, -6.249120468999934, 0.0 ], [ 106.788789948000044, -6.249176422999938, 0.0 ], [ 106.788788657000055, -6.249180815999978, 0.0 ], [ 106.788784491000058, -6.24919936799995, 0.0 ], [ 106.788778413000045, -6.249226424999961, 0.0 ], [ 106.788768168000047, -6.249272034999933, 0.0 ], [ 106.78876032900007, -6.249301368999966, 0.0 ], [ 106.788747629000056, -6.249348897999937, 0.0 ], [ 106.788746848000073, -6.249350991999961, 0.0 ], [ 106.788740277000045, -6.249368613999934, 0.0 ], [ 106.788717994000081, -6.249407577999932, 0.0 ], [ 106.788708426000085, -6.249418266999953, 0.0 ], [ 106.788698416000045, -6.249429447999944, 0.0 ], [ 106.788681112000063, -6.249452989999952, 0.0 ], [ 106.788655580000068, -6.249487727999963, 0.0 ], [ 106.788645727000073, -6.249498518999928, 0.0 ], [ 106.788622711000073, -6.24952372499996, 0.0 ], [ 106.788589080000065, -6.249546805999955, 0.0 ], [ 106.788588839000056, -6.249546972999951, 0.0 ], [ 106.788567641000043, -6.249561591999964, 0.0 ], [ 106.788537131000055, -6.249587982999969, 0.0 ], [ 106.788530435000041, -6.24959580899997, 0.0 ], [ 106.788508402000048, -6.249625176999928, 0.0 ], [ 106.788508301000036, -6.249625310999932, 0.0 ], [ 106.788483284000051, -6.249657346999925, 0.0 ], [ 106.788474024000038, -6.249669205999965, 0.0 ], [ 106.788464030000057, -6.24968305699997, 0.0 ], [ 106.788445469000067, -6.249708777999956, 0.0 ], [ 106.788435358000072, -6.24972426599993, 0.0 ], [ 106.788417999000046, -6.249750855999935, 0.0 ], [ 106.788390530000072, -6.249792935999949, 0.0 ], [ 106.788390365000055, -6.249793200999932, 0.0 ], [ 106.788382412000033, -6.249805917999936, 0.0 ], [ 106.78837167000006, -6.249822627999947, 0.0 ], [ 106.788355654000043, -6.249865481999962, 0.0 ], [ 106.788354708000043, -6.249881362999929, 0.0 ], [ 106.788352934000045, -6.24991115399996, 0.0 ], [ 106.788359510000078, -6.249928617999956, 0.0 ], [ 106.788367208000068, -6.249949060999938, 0.0 ], [ 106.788393494000047, -6.249984239999947, 0.0 ], [ 106.788405270000055, -6.250000001999979, 0.0 ], [ 106.788439086000039, -6.250042641999926, 0.0 ], [ 106.788467111000045, -6.250077980999947, 0.0 ], [ 106.788472901000034, -6.25008528199993, 0.0 ], [ 106.788494229000037, -6.250100281999948, 0.0 ], [ 106.788505411000074, -6.250102914999957, 0.0 ], [ 106.788519024000038, -6.250105546999976, 0.0 ], [ 106.788527474000034, -6.250107180999976, 0.0 ], [ 106.788562419000073, -6.250113936999981, 0.0 ], [ 106.788619897000046, -6.250122166999972, 0.0 ], [ 106.788624396000046, -6.250123949999931, 0.0 ], [ 106.788649941000074, -6.25013407299997, 0.0 ], [ 106.788663983000049, -6.250139636999961, 0.0 ], [ 106.78870014000006, -6.250175363999972, 0.0 ], [ 106.788705433000075, -6.250185734999945, 0.0 ], [ 106.78870687400007, -6.250188555999955, 0.0 ], [ 106.788718773000085, -6.250211866999962, 0.0 ], [ 106.788720536000085, -6.250215320999928, 0.0 ], [ 106.788723255000036, -6.250220646999935, 0.0 ], [ 106.788725141000043, -6.250225352999962, 0.0 ], [ 106.788730924000049, -6.250239773999965, 0.0 ], [ 106.788747907000072, -6.250282131999938, 0.0 ], [ 106.788751021000053, -6.250290467999946, 0.0 ], [ 106.788751618000049, -6.250292068999954, 0.0 ], [ 106.788755654000056, -6.250302871999963, 0.0 ], [ 106.788771087000043, -6.250344187999929, 0.0 ], [ 106.788780293000059, -6.250370740999927, 0.0 ], [ 106.788792786000045, -6.250406777999956, 0.0 ], [ 106.788804928000047, -6.250458264999963, 0.0 ], [ 106.788805452000076, -6.250462225999968, 0.0 ], [ 106.788811865000071, -6.250510709999958, 0.0 ], [ 106.788818013000082, -6.250584966999952, 0.0 ], [ 106.788818825000078, -6.250597591999963, 0.0 ], [ 106.78882279700008, -6.250659324999958, 0.0 ], [ 106.788828691000049, -6.250721770999974, 0.0 ], [ 106.788839927000083, -6.25076977599997, 0.0 ], [ 106.788842986000077, -6.250782841999978, 0.0 ], [ 106.788848484000084, -6.250797555999952, 0.0 ], [ 106.788867306000043, -6.250847929999964, 0.0 ], [ 106.788886500000046, -6.25091471199994, 0.0 ], [ 106.788900455000032, -6.250982782999927, 0.0 ], [ 106.788909087000036, -6.25105173299994, 0.0 ], [ 106.788908843000058, -6.251057002999971, 0.0 ], [ 106.788908784000057, -6.251058267999952, 0.0 ], [ 106.788905992000082, -6.251118464999934, 0.0 ], [ 106.788889194000035, -6.251183119999951, 0.0 ], [ 106.788866596000048, -6.251228491999939, 0.0 ], [ 106.788859414000058, -6.251242909999974, 0.0 ], [ 106.788828143000046, -6.25128707999994, 0.0 ], [ 106.788815357000033, -6.251305139999943, 0.0 ], [ 106.788769327000068, -6.25136592299998, 0.0 ], [ 106.788721372000055, -6.251425197999936, 0.0 ], [ 106.78867499200004, -6.251484062999964, 0.0 ], [ 106.788628786000061, -6.251543062999929, 0.0 ], [ 106.788582752000082, -6.251602199999979, 0.0 ], [ 106.788536893000071, -6.251661470999977, 0.0 ], [ 106.788506570000038, -6.251732802999925, 0.0 ], [ 106.78853140800004, -6.251806225999928, 0.0 ], [ 106.788578946000086, -6.251843367999925, 0.0 ], [ 106.788625702000047, -6.251881490999949, 0.0 ], [ 106.788671654000041, -6.251920580999979, 0.0 ], [ 106.788673326000037, -6.251955708999958, 0.0 ], [ 106.78865580300004, -6.251978936999933, 0.0 ], [ 106.788627928000039, -6.25201588799996, 0.0 ], [ 106.788582530000042, -6.252076067999951, 0.0 ], [ 106.788542170000085, -6.252130545999933, 0.0 ], [ 106.788501810000071, -6.25218502499996, 0.0 ], [ 106.788461450000057, -6.252239502999942, 0.0 ], [ 106.788428557000088, -6.25227902499995, 0.0 ], [ 106.788395664000063, -6.252318547999948, 0.0 ], [ 106.788360504000082, -6.252367402999937, 0.0 ], [ 106.788335584000038, -6.252420219999976, 0.0 ], [ 106.788334818000067, -6.252421843999969, 0.0 ], [ 106.788330335000069, -6.252438843999926, 0.0 ], [ 106.788319466000075, -6.252480055999968, 0.0 ], [ 106.78831851800004, -6.252520881999942, 0.0 ], [ 106.788318004000075, -6.252543001999925, 0.0 ], [ 106.788326527000038, -6.252583523999931, 0.0 ], [ 106.788328341000067, -6.252600510999969, 0.0 ], [ 106.788332829000069, -6.252642527999967, 0.0 ], [ 106.788324587000034, -6.252705417999948, 0.0 ], [ 106.788321938000081, -6.25271123899995, 0.0 ], [ 106.788303041000063, -6.252724883999974, 0.0 ], [ 106.788301027000045, -6.252726336999956, 0.0 ], [ 106.788252219000071, -6.252731124999968, 0.0 ], [ 106.788179409000065, -6.252736475999939, 0.0 ], [ 106.788139159000082, -6.252744142999973, 0.0 ], [ 106.78807557600004, -6.252795427999956, 0.0 ], [ 106.788050784000063, -6.252873290999958, 0.0 ], [ 106.788047710000058, -6.252889739999944, 0.0 ], [ 106.788043850000065, -6.252910391999933, 0.0 ], [ 106.788018467000086, -6.252953696999953, 0.0 ], [ 106.787983999000062, -6.252990177999948, 0.0 ], [ 106.787954421000052, -6.253001039999958, 0.0 ], [ 106.787886815000036, -6.253014267999959, 0.0 ], [ 106.787875320000069, -6.253017334999981, 0.0 ], [ 106.787875243000087, -6.25301735599993, 0.0 ], [ 106.787868643000081, -6.253019148999954, 0.0 ], [ 106.787844801000062, -6.253036016999943, 0.0 ], [ 106.787822608000056, -6.253084116999958, 0.0 ], [ 106.787826166000059, -6.253134897999928, 0.0 ], [ 106.78782631100006, -6.253136965999943, 0.0 ], [ 106.787833430000035, -6.25316298599995, 0.0 ], [ 106.787845461000074, -6.25320695399995, 0.0 ], [ 106.787864610000042, -6.253276941999957, 0.0 ], [ 106.787867465000033, -6.253295739999942, 0.0 ], [ 106.787870319000035, -6.253314536999937, 0.0 ], [ 106.787854099000072, -6.253391406999981, 0.0 ], [ 106.787849687000062, -6.253399285999933, 0.0 ], [ 106.787821726000061, -6.253421757999945, 0.0 ], [ 106.787815353000042, -6.253424388999974, 0.0 ], [ 106.787762446000045, -6.25343853499993, 0.0 ], [ 106.787735305000069, -6.25344579199998, 0.0 ], [ 106.787652979000086, -6.253455167999959, 0.0 ], [ 106.787583013000074, -6.253449689999968, 0.0 ], [ 106.787571850000063, -6.253448816999935, 0.0 ], [ 106.787504317000071, -6.253442408999945, 0.0 ], [ 106.787451283000053, -6.253446378999968, 0.0 ], [ 106.787398555000038, -6.25345331699998, 0.0 ], [ 106.787352979000048, -6.253463650999947, 0.0 ], [ 106.787309675000074, -6.253481231999956, 0.0 ], [ 106.787241345000041, -6.253515849999928, 0.0 ], [ 106.787173014000075, -6.253550469999936, 0.0 ], [ 106.787104684000042, -6.253585088999955, 0.0 ], [ 106.787060202000077, -6.253608702999941, 0.0 ], [ 106.787016901000072, -6.253634421999948, 0.0 ], [ 106.787012340000047, -6.253637361999949, 0.0 ], [ 106.786956962000033, -6.253673061999962, 0.0 ], [ 106.786897023000051, -6.253711701999976, 0.0 ], [ 106.786837084000069, -6.253750341999933, 0.0 ], [ 106.78679225500008, -6.253777366999941, 0.0 ], [ 106.786706113000037, -6.253803292999976, 0.0 ], [ 106.78661616800008, -6.253804529999968, 0.0 ], [ 106.786571136000077, -6.253799413999957, 0.0 ], [ 106.786530787000061, -6.253810537999925, 0.0 ], [ 106.786471439000081, -6.253845818999935, 0.0 ], [ 106.786412092000035, -6.253881098999955, 0.0 ], [ 106.786382418000073, -6.253898738999965, 0.0 ], [ 106.786352744000055, -6.253916379999964, 0.0 ], [ 106.786304709000035, -6.253945860999977, 0.0 ], [ 106.786256674000072, -6.253975340999943, 0.0 ], [ 106.786213413000041, -6.25401332499996, 0.0 ], [ 106.786201927000036, -6.254033147999962, 0.0 ], [ 106.786179898000057, -6.254071164999971, 0.0 ], [ 106.786161622000066, -6.254135474999941, 0.0 ], [ 106.786150255000052, -6.254196514999933, 0.0 ], [ 106.786149047000038, -6.254200803999936, 0.0 ], [ 106.786137892000056, -6.254240415999959, 0.0 ], [ 106.786124814000061, -6.254296728999975, 0.0 ], [ 106.786111736000066, -6.254353041999934, 0.0 ], [ 106.786101200000076, -6.254410649999954, 0.0 ], [ 106.786090664000085, -6.254468256999928, 0.0 ], [ 106.786083420000068, -6.254500306999944, 0.0 ], [ 106.786082448000059, -6.254504606999944, 0.0 ], [ 106.786078883000073, -6.254520381999953, 0.0 ], [ 106.78606202800006, -6.254571092999981, 0.0 ], [ 106.786032860000034, -6.254641018999962, 0.0 ], [ 106.786003127000072, -6.254710706999958, 0.0 ], [ 106.785974195000051, -6.25477701899996, 0.0 ], [ 106.785972829000059, -6.254780150999977, 0.0 ], [ 106.785948113000074, -6.254841882999926, 0.0 ], [ 106.785927723000043, -6.254905178999934, 0.0 ], [ 106.785911756000075, -6.254969733999928, 0.0 ], [ 106.785905767000088, -6.254994947999933, 0.0 ], [ 106.785901785000078, -6.255011712999931, 0.0 ], [ 106.785895891000052, -6.255036527999948, 0.0 ], [ 106.785879071000068, -6.255103088999931, 0.0 ], [ 106.785861300000079, -6.255169400999932, 0.0 ], [ 106.785844607000058, -6.255240913999955, 0.0 ], [ 106.785833280000077, -6.255311422999966, 0.0 ], [ 106.785832959000061, -6.255313420999926, 0.0 ], [ 106.785826414000041, -6.25538656599997, 0.0 ], [ 106.78583171300005, -6.255457364999927, 0.0 ], [ 106.785845607000056, -6.255526986999939, 0.0 ], [ 106.785850504000052, -6.25555161799997, 0.0 ], [ 106.785856566000064, -6.255582114999925, 0.0 ], [ 106.785862660000078, -6.255637990999958, 0.0 ], [ 106.785860410000055, -6.255683264999959, 0.0 ], [ 106.78585993300004, -6.255687019999925, 0.0 ], [ 106.785854702000051, -6.255728233999946, 0.0 ], [ 106.78584969800005, -6.25580795299993, 0.0 ], [ 106.785858719000032, -6.255887316999974, 0.0 ], [ 106.785863517000053, -6.255911764999951, 0.0 ], [ 106.785866088000034, -6.255924863999951, 0.0 ], [ 106.78586782800005, -6.255933726999956, 0.0 ], [ 106.785877963000075, -6.255979923999973, 0.0 ], [ 106.785895531000051, -6.25605672699993, 0.0 ], [ 106.785908132000088, -6.256111819999944, 0.0 ], [ 106.785913098000037, -6.256133528999953, 0.0 ], [ 106.785930664000034, -6.256210331999966, 0.0 ], [ 106.785948231000077, -6.25628713499998, 0.0 ], [ 106.785965799000053, -6.256363936999946, 0.0 ], [ 106.785983366000039, -6.25644073999996, 0.0 ], [ 106.785994102000075, -6.25644945199997, 0.0 ], [ 106.786019485000054, -6.256470047999926, 0.0 ], [ 106.786100751000049, -6.256486363999954, 0.0 ], [ 106.786177785000064, -6.256516972999975, 0.0 ], [ 106.786184561000084, -6.256521204999956, 0.0 ], [ 106.78624810000008, -6.256560885999932, 0.0 ], [ 106.78628741600005, -6.256604821999929, 0.0 ], [ 106.786312851000048, -6.25668703499997, 0.0 ], [ 106.78630185600008, -6.256772391999959, 0.0 ], [ 106.786256420000086, -6.256845464999969, 0.0 ], [ 106.786203281000041, -6.256873248999966, 0.0 ], [ 106.786130185000047, -6.256882563999966, 0.0 ], [ 106.786129707000043, -6.256882562999976, 0.0 ], [ 106.78605649800005, -6.256882452999946, 0.0 ], [ 106.785983430000044, -6.256872918999932, 0.0 ], [ 106.785910861000048, -6.256850461999932, 0.0 ], [ 106.78591027300007, -6.256850279999981, 0.0 ], [ 106.785829641000078, -6.256829154999934, 0.0 ], [ 106.785746973000073, -6.256818513999974, 0.0 ], [ 106.785663623000062, -6.256818529999975, 0.0 ], [ 106.785642554000049, -6.256825682999931, 0.0 ], [ 106.785583312000085, -6.256845796999926, 0.0 ], [ 106.785522762000085, -6.256899870999973, 0.0 ], [ 106.78550987300008, -6.256916944999944, 0.0 ], [ 106.785473847000048, -6.256964671999981, 0.0 ], [ 106.785431409000068, -6.25703694699996, 0.0 ], [ 106.785382250000055, -6.257104823999953, 0.0 ], [ 106.785348222000039, -6.257144724999932, 0.0 ], [ 106.785340296000072, -6.257154017999937, 0.0 ], [ 106.785305482000069, -6.257190002999948, 0.0 ], [ 106.785295343000087, -6.257200482999963, 0.0 ], [ 106.785237602000052, -6.257252219999941, 0.0 ], [ 106.785175417000062, -6.257306852999932, 0.0 ], [ 106.785128912000062, -6.257375345999947, 0.0 ], [ 106.78510106300007, -6.257450677999941, 0.0 ], [ 106.785094753000067, -6.257503303999954, 0.0 ], [ 106.785091501000068, -6.257530427999939, 0.0 ], [ 106.785090313000069, -6.257585561999974, 0.0 ], [ 106.785077676000071, -6.257639239999946, 0.0 ], [ 106.785060552000061, -6.257673882999939, 0.0 ], [ 106.785032853000075, -6.257725409999978, 0.0 ], [ 106.785013179000089, -6.25778050599996, 0.0 ], [ 106.785000659000048, -6.25783357399996, 0.0 ], [ 106.785000229000048, -6.257836587999975, 0.0 ], [ 106.784992951000049, -6.257887551999943, 0.0 ], [ 106.784977336000054, -6.257964136999931, 0.0 ], [ 106.784950929000047, -6.258037976999958, 0.0 ], [ 106.78492452200004, -6.258111816999929, 0.0 ], [ 106.784912560000066, -6.258145268999954, 0.0 ], [ 106.784906468000088, -6.258162303999939, 0.0 ], [ 106.784898116000079, -6.258185656999956, 0.0 ], [ 106.784871708000082, -6.258259496999926, 0.0 ], [ 106.784855343000061, -6.258305256999961, 0.0 ], [ 106.784845301000075, -6.258333336999954, 0.0 ], [ 106.784831254000039, -6.258412079999971, 0.0 ], [ 106.784836859000052, -6.258451678999961, 0.0 ], [ 106.784838629000035, -6.258464187999948, 0.0 ], [ 106.784842463000075, -6.258491276999962, 0.0 ], [ 106.784851855000056, -6.258499838999967, 0.0 ], [ 106.784878820000074, -6.258524423999972, 0.0 ], [ 106.784951058000047, -6.258544693999966, 0.0 ], [ 106.785023297000066, -6.258564965999938, 0.0 ], [ 106.785095535000039, -6.258585235999931, 0.0 ], [ 106.785167773000069, -6.25860550699997, 0.0 ], [ 106.785234056000036, -6.258644536999952, 0.0 ], [ 106.785240264000038, -6.258648192999942, 0.0 ], [ 106.785263270000087, -6.258721632999936, 0.0 ], [ 106.785265423000055, -6.258728504999965, 0.0 ], [ 106.785251653000046, -6.258774182999957, 0.0 ], [ 106.78525118400006, -6.258774933999973, 0.0 ], [ 106.785237684000037, -6.258796574999963, 0.0 ], [ 106.78521960900008, -6.258825549999926, 0.0 ], [ 106.785206148000043, -6.258857238999951, 0.0 ], [ 106.785186286000055, -6.258903996999948, 0.0 ], [ 106.785166761000085, -6.258977263999952, 0.0 ], [ 106.785164338000072, -6.258986358999948, 0.0 ], [ 106.785173428000064, -6.259046591999947, 0.0 ], [ 106.785210301000063, -6.259082443999944, 0.0 ], [ 106.78522399600007, -6.25909575999998, 0.0 ], [ 106.785292388000073, -6.259112915999935, 0.0 ], [ 106.78534108000008, -6.259103551999942, 0.0 ], [ 106.785389200000054, -6.259100089999947, 0.0 ], [ 106.785455994000074, -6.259113311999954, 0.0 ], [ 106.785491152000077, -6.259146591999979, 0.0 ], [ 106.785497221000071, -6.259152336999932, 0.0 ], [ 106.785505047000072, -6.259193379999942, 0.0 ], [ 106.785507857000084, -6.259208117999947, 0.0 ], [ 106.78548703000007, -6.25925428499994, 0.0 ], [ 106.785463142000083, -6.259297816999947, 0.0 ], [ 106.785447615000066, -6.259344985999974, 0.0 ], [ 106.785445149000054, -6.259359822999954, 0.0 ], [ 106.785434038000062, -6.259426681999969, 0.0 ], [ 106.785438368000086, -6.259454864999952, 0.0 ], [ 106.785446615000069, -6.259508539999956, 0.0 ], [ 106.785446301000036, -6.259554691999938, 0.0 ], [ 106.785436178000054, -6.259585495999943, 0.0 ], [ 106.785421540000073, -6.259626196999932, 0.0 ], [ 106.785414035000088, -6.259647062999932, 0.0 ], [ 106.785389624000061, -6.259707766999952, 0.0 ], [ 106.785362981000048, -6.259767522999937, 0.0 ], [ 106.785356665000052, -6.259786488999964, 0.0 ], [ 106.785349315000076, -6.259808549999946, 0.0 ], [ 106.785344302000055, -6.259823600999937, 0.0 ], [ 106.785346983000068, -6.259882649999952, 0.0 ], [ 106.78535147100007, -6.25995437499995, 0.0 ], [ 106.78533937800006, -6.260025214999928, 0.0 ], [ 106.785313091000035, -6.260087277999958, 0.0 ], [ 106.785311352000065, -6.260091382999974, 0.0 ], [ 106.785271864000038, -6.260133372999974, 0.0 ], [ 106.78527117200008, -6.260134151999978, 0.0 ], [ 106.785271096000088, -6.26013418399998, 0.0 ], [ 106.78526849900004, -6.260136944999942, 0.0 ], [ 106.785216793000075, -6.26017212499994, 0.0 ], [ 106.785158696000053, -6.26019525199996, 0.0 ], [ 106.785078406000082, -6.26023560699997, 0.0 ], [ 106.785009206000041, -6.260292952999976, 0.0 ], [ 106.784954619000075, -6.260364366999966, 0.0 ], [ 106.784951276000072, -6.260402536999948, 0.0 ], [ 106.784947854000052, -6.260441625999931, 0.0 ], [ 106.784972655000047, -6.260473729999944, 0.0 ], [ 106.784973293000064, -6.260475853999935, 0.0 ], [ 106.784975735000046, -6.260477716999958, 0.0 ], [ 106.784995255000069, -6.26050298499996, 0.0 ], [ 106.785046340000065, -6.260531578999974, 0.0 ], [ 106.78506886200006, -6.260548760999939, 0.0 ], [ 106.785073455000088, -6.260552264999944, 0.0 ], [ 106.785103306000053, -6.260569964999945, 0.0 ], [ 106.785111694000079, -6.260575793999976, 0.0 ], [ 106.785184288000039, -6.260620761999974, 0.0 ], [ 106.785256881000066, -6.26066573099996, 0.0 ], [ 106.785311625000077, -6.260699641999963, 0.0 ], [ 106.785329474000036, -6.260710698999958, 0.0 ], [ 106.785402067000064, -6.260755667999945, 0.0 ], [ 106.785468858000058, -6.260809145999929, 0.0 ], [ 106.785504812000056, -6.260869695999929, 0.0 ], [ 106.785511836000069, -6.260881523999956, 0.0 ], [ 106.785512554000036, -6.26088273299996, 0.0 ], [ 106.785513353000056, -6.260887224999976, 0.0 ], [ 106.785514667000086, -6.260894598999926, 0.0 ], [ 106.785527556000034, -6.260967002999962, 0.0 ], [ 106.785523352000041, -6.260982403999947, 0.0 ], [ 106.785519995000072, -6.260994705999963, 0.0 ], [ 106.785517256000048, -6.261004734999972, 0.0 ], [ 106.785511469000085, -6.261025940999957, 0.0 ], [ 106.785501479000061, -6.261035120999964, 0.0 ], [ 106.785472489000085, -6.26106176299993, 0.0 ], [ 106.785462179000035, -6.261071236999953, 0.0 ], [ 106.78545635200004, -6.261076591999938, 0.0 ], [ 106.785450039000068, -6.26108239399997, 0.0 ], [ 106.785424077000073, -6.261091338999961, 0.0 ], [ 106.785413937000044, -6.261094832999959, 0.0 ], [ 106.785401226000033, -6.261099211999976, 0.0 ], [ 106.78536663400007, -6.261109763999968, 0.0 ], [ 106.785298630000057, -6.261154387999966, 0.0 ], [ 106.785254369000086, -6.261220297999955, 0.0 ], [ 106.78525327300008, -6.261221929999977, 0.0 ], [ 106.785228249000056, -6.261268300999973, 0.0 ], [ 106.785203225000032, -6.26131467099998, 0.0 ], [ 106.785165150000068, -6.261376736999978, 0.0 ], [ 106.785134116000052, -6.261432879999973, 0.0 ], [ 106.78512678900006, -6.261446133999925, 0.0 ], [ 106.785138669000048, -6.26146369199995, 0.0 ], [ 106.785163983000075, -6.261501103999933, 0.0 ], [ 106.785190087000046, -6.261562133999973, 0.0 ], [ 106.785191262000069, -6.261567360999948, 0.0 ], [ 106.785198582000078, -6.261599926999963, 0.0 ], [ 106.785206585000083, -6.261635535999972, 0.0 ], [ 106.785214382000049, -6.261710365999932, 0.0 ], [ 106.785213371000054, -6.261785593999946, 0.0 ], [ 106.785210837000079, -6.261832444999925, 0.0 ], [ 106.785205018000056, -6.261914025999943, 0.0 ], [ 106.785204458000067, -6.261960251999938, 0.0 ], [ 106.785206194000068, -6.262006447999966, 0.0 ], [ 106.785206835000054, -6.262017629999946, 0.0 ], [ 106.785208338000075, -6.262043869999957, 0.0 ], [ 106.785208510000075, -6.262070417999951, 0.0 ], [ 106.785208815000033, -6.262117316999934, 0.0 ], [ 106.785209293000037, -6.262190764999957, 0.0 ], [ 106.785213244000033, -6.262256983999976, 0.0 ], [ 106.785217195000087, -6.262323203999927, 0.0 ], [ 106.785220258000038, -6.26237453899995, 0.0 ], [ 106.785221146000083, -6.262389423999934, 0.0 ], [ 106.785229644000083, -6.26247667399997, 0.0 ], [ 106.785230915000056, -6.262489714999958, 0.0 ], [ 106.785238144000061, -6.262563924999938, 0.0 ], [ 106.785246642000061, -6.262651174999974, 0.0 ], [ 106.785247360000085, -6.262660062999942, 0.0 ], [ 106.78525133100004, -6.262709257999973, 0.0 ], [ 106.785256020000077, -6.262767341999961, 0.0 ], [ 106.785263303000079, -6.262850149999963, 0.0 ], [ 106.785267777000058, -6.262901021999937, 0.0 ], [ 106.785270586000081, -6.262932956999975, 0.0 ], [ 106.785275441000067, -6.262988158999974, 0.0 ], [ 106.785275757000079, -6.262991747999934, 0.0 ], [ 106.785277288000088, -6.263009162999936, 0.0 ], [ 106.785277869000083, -6.263015764999977, 0.0 ], [ 106.785279881000065, -6.263030825999977, 0.0 ], [ 106.785288209000043, -6.263093160999972, 0.0 ], [ 106.78529306300004, -6.263129493999941, 0.0 ], [ 106.785298549000061, -6.263170555999977, 0.0 ], [ 106.785302762000072, -6.263245230999928, 0.0 ], [ 106.78530492200008, -6.263283503999958, 0.0 ], [ 106.785306976000072, -6.263319905999936, 0.0 ], [ 106.785304944000075, -6.263370736999946, 0.0 ], [ 106.785304697000072, -6.263376907999941, 0.0 ], [ 106.785302418000072, -6.263433909999947, 0.0 ], [ 106.785296776000052, -6.263484116999962, 0.0 ], [ 106.78529113500008, -6.263534323999977, 0.0 ], [ 106.785283738000032, -6.263571527999943, 0.0 ], [ 106.785274896000033, -6.263616007999929, 0.0 ], [ 106.785255520000078, -6.263680880999971, 0.0 ], [ 106.785246332000042, -6.26371163999994, 0.0 ], [ 106.785236144000066, -6.263745754999945, 0.0 ], [ 106.785219158000075, -6.263804768999933, 0.0 ], [ 106.785202172000083, -6.263863784999955, 0.0 ], [ 106.785191817000054, -6.26392027299994, 0.0 ], [ 106.785181462000082, -6.26397676199997, 0.0 ], [ 106.78518073500004, -6.263987423999936, 0.0 ], [ 106.785177133000047, -6.264040254999941, 0.0 ], [ 106.785172935000048, -6.264101846999949, 0.0 ], [ 106.785172805000059, -6.264103749999947, 0.0 ], [ 106.78517362000008, -6.264122025999939, 0.0 ], [ 106.785175948000074, -6.264174261999926, 0.0 ], [ 106.785177532000034, -6.264209809999954, 0.0 ], [ 106.785179090000042, -6.264244773999962, 0.0 ], [ 106.785186636000049, -6.264296570999932, 0.0 ], [ 106.785194182000055, -6.264348368999947, 0.0 ], [ 106.785197559000039, -6.264364699999931, 0.0 ], [ 106.785207397000079, -6.264412267999944, 0.0 ], [ 106.785213063000072, -6.264439662999962, 0.0 ], [ 106.785220612000046, -6.264476165999952, 0.0 ], [ 106.785232800000074, -6.264535099999932, 0.0 ], [ 106.78523382700007, -6.264540063999959, 0.0 ], [ 106.78525535700004, -6.264615008999954, 0.0 ], [ 106.78526888500005, -6.264662095999938, 0.0 ], [ 106.785274043000072, -6.26468005199996, 0.0 ], [ 106.785285630000033, -6.264710810999929, 0.0 ], [ 106.785315486000059, -6.264790064999943, 0.0 ], [ 106.785327236000057, -6.264821257999927, 0.0 ], [ 106.785342086000071, -6.264851556999929, 0.0 ], [ 106.78535693300006, -6.264881848999948, 0.0 ], [ 106.785359334000077, -6.26489205799993, 0.0 ], [ 106.785361278000039, -6.26489662299997, 0.0 ], [ 106.785371386000065, -6.26494293099995, 0.0 ], [ 106.78537689400008, -6.264968161999946, 0.0 ], [ 106.785381493000045, -6.264989236999952, 0.0 ], [ 106.785381351000069, -6.26500141899993, 0.0 ], [ 106.785380796000084, -6.265048773999979, 0.0 ], [ 106.785371386000065, -6.265099192999969, 0.0 ], [ 106.785359070000084, -6.265162539999949, 0.0 ], [ 106.78535071400006, -6.265209915999947, 0.0 ], [ 106.785349118000056, -6.265218962999938, 0.0 ], [ 106.785347849000061, -6.265260956999953, 0.0 ], [ 106.785347087000048, -6.26528617799994, 0.0 ], [ 106.785357540000064, -6.265350705999936, 0.0 ], [ 106.78536433000005, -6.265370529999927, 0.0 ], [ 106.78536897400005, -6.265384091999977, 0.0 ], [ 106.785373201000084, -6.265396431999932, 0.0 ], [ 106.785373253000046, -6.265396525999961, 0.0 ], [ 106.785404774000085, -6.265454016999968, 0.0 ], [ 106.785444858000062, -6.265500712999938, 0.0 ], [ 106.785491960000058, -6.265537754999968, 0.0 ], [ 106.785536362000073, -6.265567333999968, 0.0 ], [ 106.785565907000034, -6.265587017999962, 0.0 ], [ 106.785580763000041, -6.265596913999957, 0.0 ], [ 106.78562213400005, -6.265620326999965, 0.0 ], [ 106.785658721000061, -6.265641032999952, 0.0 ], [ 106.785663507000038, -6.265643740999963, 0.0 ], [ 106.785713887000043, -6.265667785999938, 0.0 ], [ 106.785764267000047, -6.265691831999959, 0.0 ], [ 106.785784488000047, -6.265699667999968, 0.0 ], [ 106.78581282500005, -6.265710648999971, 0.0 ], [ 106.785832231000086, -6.265718167999978, 0.0 ], [ 106.785837788000038, -6.265720321999936, 0.0 ], [ 106.785861382000064, -6.265729464999936, 0.0 ], [ 106.785915487000068, -6.265748921999943, 0.0 ], [ 106.785969591000082, -6.265768377999962, 0.0 ], [ 106.786012432000064, -6.265783130999978, 0.0 ], [ 106.786055273000045, -6.265797883999937, 0.0 ], [ 106.786101657000074, -6.26581553799997, 0.0 ], [ 106.786110195000049, -6.265818786999944, 0.0 ], [ 106.786148041000047, -6.265833191999945, 0.0 ], [ 106.786209947000089, -6.265859969999951, 0.0 ], [ 106.786280617000045, -6.26589406599993, 0.0 ], [ 106.786295084000074, -6.265903459999947, 0.0 ], [ 106.786322505000044, -6.265921265999964, 0.0 ], [ 106.786364392000053, -6.265948465999941, 0.0 ], [ 106.786410365000052, -6.265988644999936, 0.0 ], [ 106.786441956000033, -6.266031564999935, 0.0 ], [ 106.786452757000063, -6.266053023999973, 0.0 ], [ 106.786464164000051, -6.266075693999937, 0.0 ], [ 106.786470847000032, -6.266099357999963, 0.0 ], [ 106.786486480000065, -6.266154712999935, 0.0 ], [ 106.786487971000042, -6.266185737999933, 0.0 ], [ 106.786490082000057, -6.266229666999948, 0.0 ], [ 106.786496841000087, -6.26630288399997, 0.0 ], [ 106.786499031000062, -6.266326615999958, 0.0 ], [ 106.786503599000071, -6.26637610299997, 0.0 ], [ 106.786515369000085, -6.266425983999966, 0.0 ], [ 106.786527138000054, -6.266475864999961, 0.0 ], [ 106.786558036000088, -6.266540676999966, 0.0 ], [ 106.786594911000066, -6.266579825999941, 0.0 ], [ 106.786631786000044, -6.266618975999961, 0.0 ], [ 106.786676712000087, -6.266647760999945, 0.0 ], [ 106.786721639000064, -6.266676547999964, 0.0 ], [ 106.786796300000049, -6.266713224999933, 0.0 ], [ 106.786803460000044, -6.266716328999962, 0.0 ], [ 106.786883965000072, -6.266785196999933, 0.0 ], [ 106.786931758000037, -6.266840796999929, 0.0 ], [ 106.786940237000067, -6.266850660999978, 0.0 ], [ 106.78694753700006, -6.266861893999931, 0.0 ], [ 106.786956537000037, -6.266875738999943, 0.0 ], [ 106.786972645000048, -6.266903930999945, 0.0 ], [ 106.78702566000004, -6.266992698999957, 0.0 ], [ 106.787096939000037, -6.267115066999963, 0.0 ], [ 106.787129013000083, -6.267193477999967, 0.0 ], [ 106.787159897000038, -6.267279014999929, 0.0 ], [ 106.787183654000046, -6.267352671999959, 0.0 ], [ 106.787207409000075, -6.267450087999975, 0.0 ], [ 106.787215837000076, -6.267558071999929, 0.0 ], [ 106.78721820700008, -6.267653109999969, 0.0 ], [ 106.787229596000088, -6.267735151999943, 0.0 ], [ 106.787230082000065, -6.267738646999931, 0.0 ], [ 106.787244337000061, -6.26777547699993, 0.0 ], [ 106.787306114000046, -6.267845571999942, 0.0 ], [ 106.787309230000062, -6.267847692999965, 0.0 ], [ 106.787403534000077, -6.267912106999972, 0.0 ], [ 106.787522341000056, -6.267981019999979, 0.0 ], [ 106.787684658000046, -6.26807785699998, 0.0 ], [ 106.788101674000075, -6.26827746999993, 0.0 ], [ 106.788209791000043, -6.268315492999932, 0.0 ], [ 106.788459291000038, -6.268395106999947, 0.0 ], [ 106.788536579000038, -6.268424740999933, 0.0 ], [ 106.788538804000041, -6.268425425999965, 0.0 ], [ 106.788638192000064, -6.268453826999973, 0.0 ], [ 106.788751842000067, -6.268481025999961, 0.0 ], [ 106.788763326000037, -6.268483774999936, 0.0 ], [ 106.788815602000057, -6.268492092999963, 0.0 ], [ 106.788821410000082, -6.268492012999957, 0.0 ], [ 106.788865907000059, -6.268499042999963, 0.0 ], [ 106.789017198000067, -6.268470433999937, 0.0 ], [ 106.789059544000054, -6.26847648699993, 0.0 ], [ 106.789074441000082, -6.268478615999925, 0.0 ], [ 106.789089774000047, -6.268488969999964, 0.0 ], [ 106.789108971000076, -6.268501933999971, 0.0 ], [ 106.789122134000081, -6.268510835999962, 0.0 ], [ 106.789265127000078, -6.268732494999938, 0.0 ], [ 106.789285671000073, -6.268764339999962, 0.0 ], [ 106.789345875000038, -6.268830228999946, 0.0 ], [ 106.789502362000064, -6.269001489999937, 0.0 ], [ 106.789517328000045, -6.269019782999976, 0.0 ], [ 106.789612753000085, -6.269136420999928, 0.0 ], [ 106.789658680000059, -6.269159388999981, 0.0 ], [ 106.789722793000067, -6.269191447999958, 0.0 ], [ 106.789727236000033, -6.269193669999936, 0.0 ], [ 106.789729667000074, -6.269193930999961, 0.0 ], [ 106.789759665000076, -6.269204763999937, 0.0 ], [ 106.789809565000041, -6.269208331999948, 0.0 ], [ 106.78983704400008, -6.26920544099994, 0.0 ], [ 106.78985136700004, -6.26920393499995, 0.0 ], [ 106.789890660000083, -6.269195752999963, 0.0 ], [ 106.789935509000088, -6.269177451999951, 0.0 ], [ 106.789986600000077, -6.269156072999976, 0.0 ], [ 106.79003294000006, -6.269118060999972, 0.0 ], [ 106.790080085000056, -6.269065263999948, 0.0 ], [ 106.790280902000063, -6.268738581999969, 0.0 ], [ 106.790293138000038, -6.26872383999995, 0.0 ], [ 106.790298242000063, -6.268717690999949, 0.0 ], [ 106.790327244000082, -6.268682749999925, 0.0 ], [ 106.790362888000061, -6.268654239999933, 0.0 ], [ 106.790409226000065, -6.268643551999958, 0.0 ], [ 106.790465069000049, -6.268634051999925, 0.0 ], [ 106.790498622000086, -6.268640504999951, 0.0 ], [ 106.790526851000038, -6.268645934999938, 0.0 ], [ 106.790547889000038, -6.26865251199996, 0.0 ], [ 106.790583881000089, -6.268663759999981, 0.0 ], [ 106.790613586000063, -6.268687732999979, 0.0 ], [ 106.790615174000038, -6.268690697999943, 0.0 ], [ 106.790632191000043, -6.268722451999963, 0.0 ], [ 106.790635248000058, -6.268728155999952, 0.0 ], [ 106.790641897000057, -6.268740562999938, 0.0 ], [ 106.790682276000041, -6.268813768999962, 0.0 ], [ 106.790701612000078, -6.268848824999964, 0.0 ], [ 106.790722654000035, -6.26888697499993, 0.0 ], [ 106.790751585000066, -6.268943055999955, 0.0 ], [ 106.790751810000074, -6.268943490999959, 0.0 ], [ 106.790780964000078, -6.269000007999978, 0.0 ], [ 106.790807796000081, -6.269054327999925, 0.0 ], [ 106.790834627000038, -6.269108646999939, 0.0 ], [ 106.790861459000041, -6.269162965999953, 0.0 ], [ 106.790893320000066, -6.269233074999931, 0.0 ], [ 106.79092518200008, -6.269303182999977, 0.0 ], [ 106.790957043000049, -6.269373290999965, 0.0 ], [ 106.790988749000064, -6.269449374999965, 0.0 ], [ 106.791004229000066, -6.269486520999976, 0.0 ], [ 106.791020456000069, -6.269525458999965, 0.0 ], [ 106.791055740000047, -6.269606754999927, 0.0 ], [ 106.791065836000087, -6.269630015999951, 0.0 ], [ 106.791091024000082, -6.269688050999946, 0.0 ], [ 106.791126309000049, -6.269769346999965, 0.0 ], [ 106.791155668000044, -6.269839928999943, 0.0 ], [ 106.79118502700004, -6.269910511999967, 0.0 ], [ 106.791214387000082, -6.269981093999945, 0.0 ], [ 106.791240271000049, -6.270054278999964, 0.0 ], [ 106.791266155000073, -6.270127464999973, 0.0 ], [ 106.791286897000077, -6.270195599999965, 0.0 ], [ 106.791291013000034, -6.270209120999937, 0.0 ], [ 106.791307938000045, -6.270276283999976, 0.0 ], [ 106.791311872000051, -6.270291889999953, 0.0 ], [ 106.791328685000053, -6.270375575999935, 0.0 ], [ 106.791347943000062, -6.270452614999954, 0.0 ], [ 106.791354484000067, -6.270531757999947, 0.0 ], [ 106.791348137000057, -6.270610915999953, 0.0 ], [ 106.791340772000069, -6.270673183999975, 0.0 ], [ 106.791328513000053, -6.270753259999935, 0.0 ], [ 106.791327553000087, -6.270759532999932, 0.0 ], [ 106.791316254000037, -6.270833334999963, 0.0 ], [ 106.791316800000061, -6.270907444999978, 0.0 ], [ 106.791316950000066, -6.270927684999947, 0.0 ], [ 106.791317347000074, -6.270981554999935, 0.0 ], [ 106.791317894000088, -6.271055664999949, 0.0 ], [ 106.791326198000036, -6.271117111999956, 0.0 ], [ 106.791328594000049, -6.271134836999977, 0.0 ], [ 106.79134, -6.271213910999961, 0.0 ], [ 106.791352111000037, -6.27129287899993, 0.0 ], [ 106.791353602000072, -6.271302049999974, 0.0 ], [ 106.791364928000064, -6.271371736999981, 0.0 ], [ 106.791378447000056, -6.271450475999927, 0.0 ], [ 106.791383891000066, -6.271480564999933, 0.0 ], [ 106.791392669000061, -6.27152909199998, 0.0 ], [ 106.791399005000073, -6.271611391999954, 0.0 ], [ 106.79140218100008, -6.271693874999926, 0.0 ], [ 106.791402192000078, -6.271776417999945, 0.0 ], [ 106.791399040000044, -6.271858901999963, 0.0 ], [ 106.79139691000006, -6.271886690999963, 0.0 ], [ 106.791392729000052, -6.271941202999926, 0.0 ], [ 106.791383268000061, -6.272023201999957, 0.0 ], [ 106.791381091000062, -6.272037302999934, 0.0 ], [ 106.791370670000049, -6.272104777999971, 0.0 ], [ 106.791354954000042, -6.272185809999939, 0.0 ], [ 106.791350145000081, -6.272253260999946, 0.0 ], [ 106.791356143000087, -6.272320616999934, 0.0 ], [ 106.791376086000071, -6.272398395999971, 0.0 ], [ 106.791397116000041, -6.272475887999974, 0.0 ], [ 106.791419226000073, -6.272553078999977, 0.0 ], [ 106.79144236500008, -6.272629787999961, 0.0 ], [ 106.791442415000063, -6.272629952999978, 0.0 ], [ 106.791466675000038, -6.272706493999976, 0.0 ], [ 106.791485922000049, -6.272766793999949, 0.0 ], [ 106.791505035000057, -6.272827137999968, 0.0 ], [ 106.791526372000078, -6.272886249999942, 0.0 ], [ 106.791533552000033, -6.272906139999975, 0.0 ], [ 106.791545104000079, -6.272989338999935, 0.0 ], [ 106.791539189000048, -6.273073128999954, 0.0 ], [ 106.791516064000064, -6.27315387699997, 0.0 ], [ 106.791515125000046, -6.273155649999978, 0.0 ], [ 106.791492982000079, -6.273197427999946, 0.0 ], [ 106.791486550000059, -6.273211894999974, 0.0 ], [ 106.79148295300007, -6.273216346999959, 0.0 ], [ 106.791476732000035, -6.273228084999971, 0.0 ], [ 106.79143399700007, -6.273286336999945, 0.0 ], [ 106.791393638000045, -6.273339476999979, 0.0 ], [ 106.791390301000035, -6.273343870999952, 0.0 ], [ 106.791345656000033, -6.273400670999933, 0.0 ], [ 106.791300075000038, -6.273456721999935, 0.0 ], [ 106.791238756000041, -6.273522143999969, 0.0 ], [ 106.791178543000058, -6.273588586999949, 0.0 ], [ 106.791119453000078, -6.273656030999973, 0.0 ], [ 106.791080476000047, -6.273717301999966, 0.0 ], [ 106.791070179000087, -6.273733857999957, 0.0 ], [ 106.791042126000036, -6.273778966999942, 0.0 ], [ 106.791018635000057, -6.273817613999938, 0.0 ], [ 106.791004407000059, -6.273841020999953, 0.0 ], [ 106.79095968300004, -6.273918539999954, 0.0 ], [ 106.790908659000081, -6.273992058999966, 0.0 ], [ 106.790895915000078, -6.274007495999967, 0.0 ], [ 106.790851690000068, -6.27406106899997, 0.0 ], [ 106.790792692000082, -6.274115515999938, 0.0 ], [ 106.790731933000075, -6.274167984999963, 0.0 ], [ 106.790669478000041, -6.274218422999979, 0.0 ], [ 106.790605395000057, -6.274266771999976, 0.0 ], [ 106.790579416000071, -6.274284835999936, 0.0 ], [ 106.790543279000076, -6.274309964999929, 0.0 ], [ 106.790482, -6.274354339999945, 0.0 ], [ 106.790421580000043, -6.27439987899993, 0.0 ], [ 106.790362041000037, -6.274446564999948, 0.0 ], [ 106.790292779000083, -6.274501893999968, 0.0 ], [ 106.790235555000038, -6.274556196999981, 0.0 ], [ 106.790228471000034, -6.274562917999958, 0.0 ], [ 106.790208394000047, -6.274585513999966, 0.0 ], [ 106.790169584000068, -6.274629193999942, 0.0 ], [ 106.790151836000064, -6.274661074999926, 0.0 ], [ 106.790132408000034, -6.27469597399994, 0.0 ], [ 106.790129297000078, -6.274701561999962, 0.0 ], [ 106.790123487000074, -6.274712227999942, 0.0 ], [ 106.790115806000074, -6.27472632599995, 0.0 ], [ 106.790107670000054, -6.274741262999953, 0.0 ], [ 106.790089675000047, -6.274774296999965, 0.0 ], [ 106.790060736000044, -6.274828594999974, 0.0 ], [ 106.790050720000067, -6.27484739099998, 0.0 ], [ 106.790038892000041, -6.274870082999939, 0.0 ], [ 106.790025731000071, -6.274895332999961, 0.0 ], [ 106.790015027000038, -6.274915870999962, 0.0 ], [ 106.790012437000087, -6.274920839999936, 0.0 ], [ 106.78997875400006, -6.274983603999942, 0.0 ], [ 106.789961651000056, -6.27501192699998, 0.0 ], [ 106.789941934000069, -6.275044578999939, 0.0 ], [ 106.789937595000083, -6.275051004999966, 0.0 ], [ 106.789924536000058, -6.275070341999935, 0.0 ], [ 106.789910851000059, -6.275090606999981, 0.0 ], [ 106.789902071000085, -6.275103607999938, 0.0 ], [ 106.789896196000086, -6.275111421999952, 0.0 ], [ 106.789869925000062, -6.275146365999944, 0.0 ], [ 106.789859269000033, -6.275160537999966, 0.0 ], [ 106.789846411000042, -6.275176788999943, 0.0 ], [ 106.789816923000046, -6.275214061999975, 0.0 ], [ 106.789814741000043, -6.275216819999969, 0.0 ], [ 106.789798205000068, -6.27525533499994, 0.0 ], [ 106.789786426000035, -6.275282773999947, 0.0 ], [ 106.789776600000039, -6.275359409999965, 0.0 ], [ 106.789775206000058, -6.27537028699993, 0.0 ], [ 106.789764776000084, -6.275447405999955, 0.0 ], [ 106.789763381000057, -6.275457720999952, 0.0 ], [ 106.789762434000068, -6.275464380999949, 0.0 ], [ 106.78975575000004, -6.275511359999939, 0.0 ], [ 106.789750954000056, -6.275545070999954, 0.0 ], [ 106.789748222000071, -6.275563366999961, 0.0 ], [ 106.789744356000085, -6.275589253999954, 0.0 ], [ 106.789737924000065, -6.275632333999965, 0.0 ], [ 106.789724293000063, -6.275719503999937, 0.0 ], [ 106.789710060000061, -6.275806576999969, 0.0 ], [ 106.789696836000076, -6.275884118999954, 0.0 ], [ 106.789695227000038, -6.275893550999967, 0.0 ], [ 106.789679794000051, -6.27598041899995, 0.0 ], [ 106.789667570000063, -6.27604950999995, 0.0 ], [ 106.789658680000059, -6.276119108999978, 0.0 ], [ 106.789653145000045, -6.276189054999975, 0.0 ], [ 106.789650978000054, -6.276259186999937, 0.0 ], [ 106.789653292000082, -6.276277318999973, 0.0 ], [ 106.789661242000079, -6.276339614999927, 0.0 ], [ 106.78967226900005, -6.276419940999972, 0.0 ], [ 106.789677933000064, -6.276494171999957, 0.0 ], [ 106.789676433000068, -6.276534186999925, 0.0 ], [ 106.789675145000047, -6.27656856599998, 0.0 ], [ 106.789663941000072, -6.276642164999942, 0.0 ], [ 106.789644465000038, -6.276714015999971, 0.0 ], [ 106.789618498000038, -6.276786699999946, 0.0 ], [ 106.789596818000064, -6.276860777999957, 0.0 ], [ 106.78957949800008, -6.276935995999963, 0.0 ], [ 106.789573644000086, -6.27701400199993, 0.0 ], [ 106.789571396000042, -6.277092194999966, 0.0 ], [ 106.789572586000077, -6.277160408999976, 0.0 ], [ 106.789572760000055, -6.277170407999961, 0.0 ], [ 106.789569712000059, -6.277243265999971, 0.0 ], [ 106.789569302000075, -6.277253047999977, 0.0 ], [ 106.789570260000062, -6.277335755999957, 0.0 ], [ 106.789572234000048, -6.277366090999976, 0.0 ], [ 106.789575630000058, -6.277418292999926, 0.0 ], [ 106.789585397000053, -6.27750042599996, 0.0 ], [ 106.789599535000036, -6.277581920999978, 0.0 ], [ 106.789618002000054, -6.277662542999963, 0.0 ], [ 106.789635046000058, -6.277740747999928, 0.0 ], [ 106.789654135000035, -6.277818479999951, 0.0 ], [ 106.789675254000088, -6.27789568399993, 0.0 ], [ 106.789698391000059, -6.27797230699997, 0.0 ], [ 106.789723527000035, -6.278048295999952, 0.0 ], [ 106.789750647000062, -6.278123599999958, 0.0 ], [ 106.789794935000089, -6.278192608999973, 0.0 ], [ 106.789841597000077, -6.27826003499996, 0.0 ], [ 106.789890573000037, -6.278325794999944, 0.0 ], [ 106.789941807000048, -6.278389810999954, 0.0 ], [ 106.78999523400006, -6.278452005999952, 0.0 ], [ 106.79005193900008, -6.278510497999946, 0.0 ], [ 106.790102007000087, -6.278574770999967, 0.0 ], [ 106.790144853000072, -6.278644071999963, 0.0 ], [ 106.790179977000037, -6.278717593999943, 0.0 ], [ 106.790206970000042, -6.278794478999941, 0.0 ], [ 106.790225477000035, -6.278873660999977, 0.0 ], [ 106.790225516000078, -6.278873828999963, 0.0 ], [ 106.79023539800005, -6.278954717999966, 0.0 ], [ 106.790236502000084, -6.279036201999929, 0.0 ], [ 106.790233336000085, -6.279115902999933, 0.0 ], [ 106.790225514000042, -6.279195282999979, 0.0 ], [ 106.790213065000046, -6.27927406799995, 0.0 ], [ 106.790196029000072, -6.279351990999942, 0.0 ], [ 106.790174467000043, -6.279428780999979, 0.0 ], [ 106.79016630600006, -6.279516003999959, 0.0 ], [ 106.790178880000042, -6.279602699999941, 0.0 ], [ 106.790198865000036, -6.279664767999975, 0.0 ], [ 106.790200355000081, -6.279667801999949, 0.0 ], [ 106.790201512000067, -6.279670157999931, 0.0 ], [ 106.790227610000045, -6.279723290999925, 0.0 ], [ 106.790264512000078, -6.279777040999932, 0.0 ], [ 106.790288737000083, -6.279825417999973, 0.0 ], [ 106.79028973700008, -6.279826826999965, 0.0 ], [ 106.790289847000054, -6.279827635999936, 0.0 ], [ 106.79029640400006, -6.279840728999943, 0.0 ], [ 106.790309036000053, -6.279910834999953, 0.0 ], [ 106.790301383000042, -6.279981656999951, 0.0 ], [ 106.790285574000052, -6.280058094999958, 0.0 ], [ 106.790266414000087, -6.280133758999966, 0.0 ], [ 106.79024393900005, -6.280208504999962, 0.0 ], [ 106.790218193000044, -6.280282186999955, 0.0 ], [ 106.790189225000063, -6.280354662999969, 0.0 ], [ 106.790153690000068, -6.280431729999975, 0.0 ], [ 106.790119074000074, -6.280509213999949, 0.0 ], [ 106.790096543000061, -6.280591637999976, 0.0 ], [ 106.790088248000075, -6.280676681999978, 0.0 ], [ 106.790094427000042, -6.280761907999931, 0.0 ], [ 106.790114901000038, -6.280844864999949, 0.0 ], [ 106.790135522000071, -6.280910739999968, 0.0 ], [ 106.790156092000075, -6.280976629999941, 0.0 ], [ 106.790176611000049, -6.281042536999962, 0.0 ], [ 106.790185611000084, -6.28111501199993, 0.0 ], [ 106.790181413000084, -6.281187924999927, 0.0 ], [ 106.790164157000049, -6.281258886999979, 0.0 ], [ 106.790147843000057, -6.281338361999929, 0.0 ], [ 106.790128324000079, -6.281417107999971, 0.0 ], [ 106.790105630000085, -6.281495000999939, 0.0 ], [ 106.790079797000033, -6.281571907999933, 0.0 ], [ 106.790050873000041, -6.281647702999976, 0.0 ], [ 106.790018899000074, -6.281722262999949, 0.0 ], [ 106.789983687000074, -6.281794838999929, 0.0 ], [ 106.789947485000084, -6.281866924999974, 0.0 ], [ 106.789910301000077, -6.281938509999975, 0.0 ], [ 106.789872140000057, -6.282009577999929, 0.0 ], [ 106.789826273000074, -6.28207099399998, 0.0 ], [ 106.789781816000072, -6.282126200999926, 0.0 ], [ 106.789778195000054, -6.282130694999978, 0.0 ], [ 106.789727973000083, -6.282188597999948, 0.0 ], [ 106.789684544000067, -6.282235121999975, 0.0 ], [ 106.789675671000055, -6.282244628999933, 0.0 ], [ 106.789660842000046, -6.28225841699998, 0.0 ], [ 106.789603037000063, -6.282309932999965, 0.0 ], [ 106.789545231000034, -6.282361449999939, 0.0 ], [ 106.789487425000061, -6.282412965999981, 0.0 ], [ 106.789429619000089, -6.282464482999956, 0.0 ], [ 106.789384599000073, -6.28253561799994, 0.0 ], [ 106.789341575000037, -6.282607978999977, 0.0 ], [ 106.789300580000088, -6.282681509999975, 0.0 ], [ 106.789261645000067, -6.282756153999969, 0.0 ], [ 106.789224328000046, -6.282837269999959, 0.0 ], [ 106.78918079400006, -6.282915221999929, 0.0 ], [ 106.789131308000037, -6.282989533999967, 0.0 ], [ 106.789076174000058, -6.283059750999939, 0.0 ], [ 106.789027565000083, -6.283112580999955, 0.0 ], [ 106.789015727000049, -6.283125446999975, 0.0 ], [ 106.788958775000083, -6.283177501999944, 0.0 ], [ 106.788915613000086, -6.283241467999972, 0.0 ], [ 106.788888644000053, -6.283313778999968, 0.0 ], [ 106.788879374000032, -6.283390401999952, 0.0 ], [ 106.788860379000084, -6.283469922999927, 0.0 ], [ 106.788834931000054, -6.283547618999933, 0.0 ], [ 106.788803203000043, -6.28362296399996, 0.0 ], [ 106.788769049000052, -6.283688466999934, 0.0 ], [ 106.788765407000085, -6.28369545399994, 0.0 ], [ 106.788721799000086, -6.283764597999948, 0.0 ], [ 106.788686813000083, -6.283824347999939, 0.0 ], [ 106.788651368000046, -6.283883824999975, 0.0 ], [ 106.788615465000078, -6.283943025999974, 0.0 ], [ 106.788579105000053, -6.284001947999968, 0.0 ], [ 106.788540953000052, -6.284061754999925, 0.0 ], [ 106.78850374700005, -6.284122151999952, 0.0 ], [ 106.788467495000077, -6.284183129999974, 0.0 ], [ 106.788428626000041, -6.284240465999972, 0.0 ], [ 106.788378676000036, -6.284288444999959, 0.0 ], [ 106.788319835000038, -6.28432496399995, 0.0 ], [ 106.788254685000084, -6.284348419999958, 0.0 ], [ 106.788190053000051, -6.284351683999944, 0.0 ], [ 106.788128369000049, -6.284371264999947, 0.0 ], [ 106.788081726000087, -6.28440078999995, 0.0 ], [ 106.788073679000036, -6.284405883999966, 0.0 ], [ 106.788018849000082, -6.284462719999965, 0.0 ], [ 106.78796279900007, -6.284518348999939, 0.0 ], [ 106.787905553000087, -6.28457274699997, 0.0 ], [ 106.787863387000073, -6.284611104999954, 0.0 ], [ 106.787847139000064, -6.284625886999947, 0.0 ], [ 106.787838802000067, -6.284633145999976, 0.0 ], [ 106.787827886000059, -6.284642649999967, 0.0 ], [ 106.787810811000043, -6.28465751799996, 0.0 ], [ 106.787787583000068, -6.284677742999975, 0.0 ], [ 106.787726917000043, -6.284728291999954, 0.0 ], [ 106.787694473000045, -6.284754151999948, 0.0 ], [ 106.787665165000078, -6.284777509999969, 0.0 ], [ 106.787606205000088, -6.284829486999968, 0.0 ], [ 106.787546818000067, -6.284880973999975, 0.0 ], [ 106.787487011000053, -6.284931971999981, 0.0 ], [ 106.787426785000036, -6.284982473999946, 0.0 ], [ 106.787366145000078, -6.285032478999938, 0.0 ], [ 106.787293528000077, -6.285078053999939, 0.0 ], [ 106.78722622500004, -6.285131171999979, 0.0 ], [ 106.78718021800006, -6.285181566999938, 0.0 ], [ 106.787138034000066, -6.28523520799996, 0.0 ], [ 106.787099906000037, -6.285291807999954, 0.0 ], [ 106.787066039000081, -6.285351058999936, 0.0 ], [ 106.787026601000036, -6.285422842999935, 0.0 ], [ 106.786986572000046, -6.285494297999946, 0.0 ], [ 106.786945956000068, -6.28556542299998, 0.0 ], [ 106.786910430000034, -6.285625233999951, 0.0 ], [ 106.786879321000072, -6.285687458999973, 0.0 ], [ 106.786852791000058, -6.28575177099998, 0.0 ], [ 106.786830981000037, -6.285817836999968, 0.0 ], [ 106.786808947000054, -6.285892649999937, 0.0 ], [ 106.786784815000033, -6.285966812999959, 0.0 ], [ 106.786758608000071, -6.286040265999929, 0.0 ], [ 106.786730344000034, -6.286112951999939, 0.0 ], [ 106.786700046000078, -6.286184812999977, 0.0 ], [ 106.786654141000042, -6.286260990999949, 0.0 ], [ 106.786587608000048, -6.286319987999946, 0.0 ], [ 106.786506510000038, -6.286356430999945, 0.0 ], [ 106.78643360500007, -6.286390593999954, 0.0 ], [ 106.786362930000053, -6.286429165999948, 0.0 ], [ 106.786317501000042, -6.286457706999954, 0.0 ], [ 106.78629475200006, -6.286472, 0.0 ], [ 106.78623581800008, -6.286504611999931, 0.0 ], [ 106.786196375000088, -6.286531510999964, 0.0 ], [ 106.786180168000044, -6.286542561999966, 0.0 ], [ 106.78612828100006, -6.28658551999996, 0.0 ], [ 106.786080050000066, -6.28664536499997, 0.0 ], [ 106.786033589000056, -6.286706594999941, 0.0 ], [ 106.785988936000081, -6.28676915799997, 0.0 ], [ 106.785946133000039, -6.286833, 0.0 ], [ 106.785905209000077, -6.286898066999981, 0.0 ], [ 106.785898225000039, -6.286909928999933, 0.0 ], [ 106.785866206000037, -6.28696430399998, 0.0 ], [ 106.785818541000083, -6.287035448999973, 0.0 ], [ 106.785772256000087, -6.28710750099998, 0.0 ], [ 106.785734909000041, -6.287168175999966, 0.0 ], [ 106.78572736600006, -6.287180430999967, 0.0 ], [ 106.78568388900004, -6.287254212999926, 0.0 ], [ 106.785638738000046, -6.287331345999974, 0.0 ], [ 106.785592659000088, -6.287407928999926, 0.0 ], [ 106.785545660000082, -6.287483949999967, 0.0 ], [ 106.785488526000051, -6.28755033799996, 0.0 ], [ 106.78543211300007, -6.28761733999994, 0.0 ], [ 106.785376428000063, -6.287684949999971, 0.0 ], [ 106.785321477000082, -6.28775315799993, 0.0 ], [ 106.785267267000052, -6.287821957999938, 0.0 ], [ 106.78521380400008, -6.287891339999931, 0.0 ], [ 106.785161096000081, -6.287961296999981, 0.0 ], [ 106.785126776000084, -6.288007884999956, 0.0 ], [ 106.785109145000035, -6.288031820999947, 0.0 ], [ 106.785082146000036, -6.288075220999929, 0.0 ], [ 106.78506318500007, -6.288143201999958, 0.0 ], [ 106.785061904000088, -6.288147794999929, 0.0 ], [ 106.785075307000056, -6.288221939999971, 0.0 ], [ 106.785119674000043, -6.288282820999939, 0.0 ], [ 106.785170034000032, -6.288328345999957, 0.0 ], [ 106.785223827000038, -6.288369754999962, 0.0 ], [ 106.785280717000035, -6.288406787999975, 0.0 ], [ 106.785340348000034, -6.288439214999926, 0.0 ], [ 106.785395031000064, -6.288490404999948, 0.0 ], [ 106.785435770000049, -6.288553272999934, 0.0 ], [ 106.785460164000085, -6.288624113999958, 0.0 ], [ 106.785466771000074, -6.288698748999934, 0.0 ], [ 106.785480049000057, -6.28878715299993, 0.0 ], [ 106.785492956000041, -6.28887561199997, 0.0 ], [ 106.785505491000038, -6.288964122999971, 0.0 ], [ 106.785517653000056, -6.28905268799997, 0.0 ], [ 106.785530842000071, -6.289141411999935, 0.0 ], [ 106.78554639400005, -6.289229750999937, 0.0 ], [ 106.785563067000055, -6.289311594999958, 0.0 ], [ 106.785564299000043, -6.289317642999947, 0.0 ], [ 106.785584545000063, -6.289405024999951, 0.0 ], [ 106.785616398000059, -6.289487526999949, 0.0 ], [ 106.785623247000046, -6.289503232999948, 0.0 ], [ 106.785650349000036, -6.289565384999946, 0.0 ], [ 106.785649635000084, -6.289650328999926, 0.0 ], [ 106.785614383000052, -6.289727604999939, 0.0 ], [ 106.785550711000042, -6.28978379299997, 0.0 ], [ 106.785495508000054, -6.289816698999971, 0.0 ], [ 106.785456458000056, -6.289867757999957, 0.0 ], [ 106.785439140000051, -6.28992967399995, 0.0 ], [ 106.785414898000056, -6.289997007999943, 0.0 ], [ 106.785380289000045, -6.290059639999981, 0.0 ], [ 106.785336186000052, -6.290115985999932, 0.0 ], [ 106.785283709000055, -6.290164618999938, 0.0 ], [ 106.785229899000058, -6.290225525999972, 0.0 ], [ 106.78518796700007, -6.29027700499995, 0.0 ], [ 106.785178570000085, -6.290288539999949, 0.0 ], [ 106.785142865000068, -6.290336141999944, 0.0 ], [ 106.785131637000063, -6.290351112999929, 0.0 ], [ 106.785129801000039, -6.290353558999925, 0.0 ], [ 106.785124704000054, -6.290360954999926, 0.0 ], [ 106.785120837000079, -6.290366562999964, 0.0 ], [ 106.785083672000042, -6.29042047799993, 0.0 ], [ 106.785073321000084, -6.290479329999926, 0.0 ], [ 106.785066269000083, -6.290559918999975, 0.0 ], [ 106.785054446000061, -6.290639945999942, 0.0 ], [ 106.785037893000037, -6.290719126999932, 0.0 ], [ 106.785016668000083, -6.290797187999942, 0.0 ], [ 106.785002938000048, -6.290837948999979, 0.0 ], [ 106.784990848000064, -6.290873847999933, 0.0 ], [ 106.78496728500005, -6.290949333999947, 0.0 ], [ 106.78493572900004, -6.291000964999967, 0.0 ], [ 106.78492605100007, -6.291016798999976, 0.0 ], [ 106.78486962900007, -6.291072179999958, 0.0 ], [ 106.784812087000034, -6.291121818999954, 0.0 ], [ 106.784755025000038, -6.291172007999933, 0.0 ], [ 106.784698447000039, -6.29122274499997, 0.0 ], [ 106.784642360000078, -6.291274023999961, 0.0 ], [ 106.784607764000043, -6.291306268999961, 0.0 ], [ 106.784531677000075, -6.291378186999964, 0.0 ], [ 106.784357538000052, -6.291518456999938, 0.0 ], [ 106.784306934000085, -6.291572929999973, 0.0 ], [ 106.784274671000048, -6.291617901999928, 0.0 ], [ 106.783872755000061, -6.291495667999925, 0.0 ], [ 106.782713454000088, -6.291102601999967, 0.0 ], [ 106.782191837000084, -6.290926915999933, 0.0 ], [ 106.782154271000081, -6.290914262999934, 0.0 ], [ 106.781756448000067, -6.290780272999939, 0.0 ], [ 106.781041645000073, -6.290539076999949, 0.0 ], [ 106.780884127000036, -6.290486925999971, 0.0 ], [ 106.780762982000056, -6.290438803999962, 0.0 ], [ 106.780738252000049, -6.290428980999934, 0.0 ], [ 106.780732018000037, -6.290426503999981, 0.0 ], [ 106.780382223000061, -6.290295043999947, 0.0 ], [ 106.780005276000054, -6.290091892999953, 0.0 ], [ 106.779887956000039, -6.290032140999926, 0.0 ], [ 106.779807808000044, -6.289980116999971, 0.0 ], [ 106.779451505000054, -6.28975741499994, 0.0 ], [ 106.779183584000066, -6.289518662999967, 0.0 ], [ 106.779115151000042, -6.289457831999925, 0.0 ], [ 106.779099915000074, -6.289444104999973, 0.0 ], [ 106.778961989000038, -6.289319869999929, 0.0 ], [ 106.778875087000074, -6.289247086999978, 0.0 ], [ 106.778372356000034, -6.288725362999969, 0.0 ], [ 106.778083567000067, -6.288425829999937, 0.0 ], [ 106.77808015100004, -6.28842229299994, 0.0 ], [ 106.777658897000038, -6.288748021999936, 0.0 ], [ 106.777642620000051, -6.288760485999944, 0.0 ], [ 106.777556773000072, -6.288826216999951, 0.0 ], [ 106.777394897000079, -6.288936993999926, 0.0 ], [ 106.777213465000045, -6.289034731999948, 0.0 ], [ 106.777035304000037, -6.289114216999963, 0.0 ], [ 106.777021172000047, -6.289120520999973, 0.0 ], [ 106.776842111000065, -6.289184141999954, 0.0 ], [ 106.776600936000079, -6.289231909999955, 0.0 ], [ 106.776393440000049, -6.289272078999943, 0.0 ], [ 106.776304357000072, -6.289273156999968, 0.0 ], [ 106.776039480000065, -6.289268792999962, 0.0 ], [ 106.775716834000036, -6.289261157999931, 0.0 ], [ 106.775391158000048, -6.289253226999961, 0.0 ], [ 106.775339225000039, -6.28925196199998, 0.0 ], [ 106.775134865000041, -6.289246985999966, 0.0 ], [ 106.77512786300008, -6.289246815999945, 0.0 ], [ 106.774732261000054, -6.289237180999976, 0.0 ], [ 106.774323793000065, -6.289226278999934, 0.0 ], [ 106.774312985000051, -6.289226479999968, 0.0 ], [ 106.774266217000047, -6.289227358999938, 0.0 ], [ 106.773533809000071, -6.289205473999971, 0.0 ], [ 106.773513368000067, -6.289204817999973, 0.0 ], [ 106.772858602000042, -6.289183795999975, 0.0 ], [ 106.77250937000008, -6.289172583999971, 0.0 ], [ 106.772410778000051, -6.289169418999961, 0.0 ], [ 106.772061327000074, -6.289158196999949, 0.0 ], [ 106.770834883000077, -6.289128482999956, 0.0 ], [ 106.770663839000065, -6.289124337999965, 0.0 ], [ 106.770479159000047, -6.289118886999972, 0.0 ], [ 106.770386818000077, -6.289132997999957, 0.0 ], [ 106.770303170000034, -6.289134074999936, 0.0 ], [ 106.770092748000081, -6.289153642999963, 0.0 ], [ 106.770034837000082, -6.289159027999972, 0.0 ], [ 106.769831688000068, -6.289172038999936, 0.0 ], [ 106.769791696000084, -6.289176638999947, 0.0 ], [ 106.769572249000078, -6.289208112999972, 0.0 ], [ 106.769277843000054, -6.289262391999955, 0.0 ], [ 106.769177895000041, -6.289287362999971, 0.0 ], [ 106.768968377000078, -6.28936846199997, 0.0 ], [ 106.768764131000069, -6.289457505999962, 0.0 ], [ 106.768454506000069, -6.289592156999959, 0.0 ], [ 106.768334834000086, -6.289651650999929, 0.0 ], [ 106.767956939000044, -6.28983951999993, 0.0 ], [ 106.767601924000076, -6.290012245999947, 0.0 ], [ 106.767506077000064, -6.290058878999957, 0.0 ], [ 106.767247867000037, -6.290208820999965, 0.0 ], [ 106.767106493000085, -6.290290915999947, 0.0 ], [ 106.766935922000073, -6.290396255999951, 0.0 ], [ 106.766872856000077, -6.290447309999934, 0.0 ], [ 106.766781645000037, -6.290521147999925, 0.0 ], [ 106.766676482000037, -6.290612438999972, 0.0 ], [ 106.76663422200005, -6.29064912399997, 0.0 ], [ 106.766554227000086, -6.29046333399998, 0.0 ], [ 106.766542012000059, -6.290434966999953, 0.0 ], [ 106.766487478000045, -6.290216250999947, 0.0 ], [ 106.766461852000077, -6.290062028999955, 0.0 ], [ 106.766450257000088, -6.289814458999956, 0.0 ], [ 106.766449312000077, -6.289534553999943, 0.0 ], [ 106.766427212000053, -6.289362379999943, 0.0 ], [ 106.766425150000089, -6.289359306999927, 0.0 ], [ 106.766369540000085, -6.289276448999942, 0.0 ], [ 106.766301277000082, -6.289240793999966, 0.0 ], [ 106.766204397000081, -6.289226766999946, 0.0 ], [ 106.766136196000048, -6.289209054999958, 0.0 ], [ 106.766127023000081, -6.289205521999975, 0.0 ], [ 106.766071557000032, -6.28918415399994, 0.0 ], [ 106.766057042000057, -6.289133962999927, 0.0 ], [ 106.766071133000082, -6.289058556999976, 0.0 ], [ 106.766092446000073, -6.288997478999931, 0.0 ], [ 106.766113425000071, -6.288948036999955, 0.0 ], [ 106.766124468000044, -6.288922009999965, 0.0 ], [ 106.766167335000034, -6.288871625999946, 0.0 ], [ 106.766188524000086, -6.28885996799994, 0.0 ], [ 106.766238214000055, -6.288873919999958, 0.0 ], [ 106.766241689000083, -6.288874894999935, 0.0 ], [ 106.766263956000046, -6.288873587999944, 0.0 ], [ 106.766315561000056, -6.288870559999964, 0.0 ], [ 106.766333842000051, -6.288869376999969, 0.0 ], [ 106.766516538000076, -6.288857548999943, 0.0 ], [ 106.766546665000078, -6.288852918999964, 0.0 ], [ 106.766551689000039, -6.288848239999936, 0.0 ], [ 106.766614896000078, -6.288799585999925, 0.0 ], [ 106.766682385000081, -6.288757075999968, 0.0 ], [ 106.766753560000041, -6.288721085999953, 0.0 ], [ 106.766827793000061, -6.288691933999928, 0.0 ], [ 106.766890686000067, -6.288669346999939, 0.0 ], [ 106.766950575000067, -6.288639689999968, 0.0 ], [ 106.767006667000032, -6.288603352999928, 0.0 ], [ 106.767065383000045, -6.288542607999943, 0.0 ], [ 106.767097355000033, -6.288482873999953, 0.0 ], [ 106.767106236000075, -6.288466279999966, 0.0 ], [ 106.767127540000047, -6.288382358999968, 0.0 ], [ 106.767128045000049, -6.288295775999927, 0.0 ], [ 106.767107721000059, -6.28821161299993, 0.0 ], [ 106.767067762000067, -6.288134812999942, 0.0 ], [ 106.767022803000089, -6.288069764999932, 0.0 ], [ 106.766985343000044, -6.28800012399995, 0.0 ], [ 106.766955845000041, -6.287926747999961, 0.0 ], [ 106.766934677000052, -6.287850550999963, 0.0 ], [ 106.766921813000067, -6.287770455999976, 0.0 ], [ 106.766910198000062, -6.287690170999952, 0.0 ], [ 106.76690158100007, -6.287623255999961, 0.0 ], [ 106.766899835000061, -6.287609713999927, 0.0 ], [ 106.766890729000067, -6.287529104999976, 0.0 ], [ 106.766882879000036, -6.287448363999943, 0.0 ], [ 106.766882243000055, -6.287440557999957, 0.0 ], [ 106.766876288000049, -6.287367509999967, 0.0 ], [ 106.766870286000085, -6.287278696999977, 0.0 ], [ 106.766840957000056, -6.287194654999951, 0.0 ], [ 106.766790403000073, -6.287121407999962, 0.0 ], [ 106.766722245000039, -6.287064199999975, 0.0 ], [ 106.766648367000073, -6.287020190999954, 0.0 ], [ 106.76658579900004, -6.286961184999939, 0.0 ], [ 106.766537524000057, -6.286889994999967, 0.0 ], [ 106.766505844000051, -6.286810015999947, 0.0 ], [ 106.766492270000072, -6.286725062999949, 0.0 ], [ 106.766497450000088, -6.286639186999935, 0.0 ], [ 106.766505364000068, -6.286611556999958, 0.0 ], [ 106.766521138000087, -6.286556486999928, 0.0 ], [ 106.766551134000053, -6.286499660999937, 0.0 ], [ 106.766590647000044, -6.286448996999979, 0.0 ], [ 106.766638445000069, -6.286406070999931, 0.0 ], [ 106.766702301000066, -6.286357640999938, 0.0 ], [ 106.766769253000064, -6.286313596999946, 0.0 ], [ 106.766839003000086, -6.286274136999964, 0.0 ], [ 106.766911236000055, -6.286239437999939, 0.0 ], [ 106.766995164000036, -6.286217442999941, 0.0 ], [ 106.767081479000069, -6.28620867099994, 0.0 ], [ 106.767168114000071, -6.286213330999942, 0.0 ], [ 106.767252992000067, -6.286231312999973, 0.0 ], [ 106.767334080000069, -6.286262183999952, 0.0 ], [ 106.767409436000037, -6.286305206999941, 0.0 ], [ 106.767477254000084, -6.286359348999952, 0.0 ], [ 106.767536290000066, -6.28641143599998, 0.0 ], [ 106.767604619000053, -6.286450522999928, 0.0 ], [ 106.767679430000044, -6.28647499899995, 0.0 ], [ 106.767760433000035, -6.286476214999936, 0.0 ], [ 106.767837372000088, -6.286457958999961, 0.0 ], [ 106.767839256000059, -6.286457510999981, 0.0 ], [ 106.767911089000052, -6.286420031999967, 0.0 ], [ 106.767935206000061, -6.28639850299993, 0.0 ], [ 106.76797153800004, -6.28636606699996, 0.0 ], [ 106.768016911000075, -6.286298913999929, 0.0 ], [ 106.768021783000052, -6.286285417999977, 0.0 ], [ 106.768044435000036, -6.286222674999976, 0.0 ], [ 106.768052429000079, -6.286142010999981, 0.0 ], [ 106.768043026000043, -6.286096803999953, 0.0 ], [ 106.768036590000065, -6.286065856999926, 0.0 ], [ 106.768017113000042, -6.286035138999978, 0.0 ], [ 106.767994942000087, -6.286000177999938, 0.0 ], [ 106.767981593000059, -6.285985710999967, 0.0 ], [ 106.767948702000069, -6.285950061999927, 0.0 ], [ 106.767902461000062, -6.285899945999972, 0.0 ], [ 106.767880996000088, -6.28587668199998, 0.0 ], [ 106.767856220000056, -6.285849828999972, 0.0 ], [ 106.767794165000055, -6.285790794999969, 0.0 ], [ 106.767734353000037, -6.28572948599998, 0.0 ], [ 106.767676870000059, -6.28566598499998, 0.0 ], [ 106.767621795000082, -6.285600381999927, 0.0 ], [ 106.767569205000086, -6.285532767999939, 0.0 ], [ 106.767519173000039, -6.285463237999977, 0.0 ], [ 106.767471767000075, -6.285391888999925, 0.0 ], [ 106.767435038000087, -6.285318910999933, 0.0 ], [ 106.767415173000074, -6.285239655999931, 0.0 ], [ 106.76738957200007, -6.285166469999979, 0.0 ], [ 106.767350517000068, -6.285099499999944, 0.0 ], [ 106.767299437000077, -6.285041192999927, 0.0 ], [ 106.767238198000086, -6.284993678999967, 0.0 ], [ 106.767230855000037, -6.284990555999968, 0.0 ], [ 106.767170154000041, -6.284964738999975, 0.0 ], [ 106.767097871000033, -6.28494918399997, 0.0 ], [ 106.767084762000081, -6.284947000999978, 0.0 ], [ 106.767015532000073, -6.284935467999958, 0.0 ], [ 106.766933545000086, -6.284919793999961, 0.0 ], [ 106.766851952000081, -6.284902169999953, 0.0 ], [ 106.766770804000032, -6.28488260599994, 0.0 ], [ 106.766690144000052, -6.284861112999977, 0.0 ], [ 106.766610018000051, -6.284837703999926, 0.0 ], [ 106.766530472000056, -6.284812390999946, 0.0 ], [ 106.766451553000081, -6.284785188999933, 0.0 ], [ 106.766371746000061, -6.284753357999932, 0.0 ], [ 106.766293866000069, -6.28471706299996, 0.0 ], [ 106.766233544000045, -6.284684676999973, 0.0 ], [ 106.76623070100004, -6.284683149999978, 0.0 ], [ 106.766218162000087, -6.284676417999947, 0.0 ], [ 106.766144877000045, -6.284631554999976, 0.0 ], [ 106.766113391000033, -6.28460974099994, 0.0 ], [ 106.766082633000053, -6.284588429999928, 0.0 ], [ 106.766074243000048, -6.284582616999955, 0.0 ], [ 106.766047394000054, -6.28456166999996, 0.0 ], [ 106.766006490000052, -6.284529757999962, 0.0 ], [ 106.765941832000067, -6.284473152999965, 0.0 ], [ 106.765880476000063, -6.284412978999967, 0.0 ], [ 106.765822620000051, -6.284349429999963, 0.0 ], [ 106.765768448000074, -6.284282705999942, 0.0 ], [ 106.765759776000039, -6.28426961699995, 0.0 ], [ 106.765722778000054, -6.284213785999953, 0.0 ], [ 106.765695758000049, -6.284135634999927, 0.0 ], [ 106.765689104000046, -6.284053208999978, 0.0 ], [ 106.765699368000071, -6.283994037999946, 0.0 ], [ 106.765703237000082, -6.283971731999941, 0.0 ], [ 106.765737260000037, -6.283896370999969, 0.0 ], [ 106.765746522000086, -6.283884833999934, 0.0 ], [ 106.765789015000053, -6.283831899999939, 0.0 ], [ 106.765855224000063, -6.283782408999969, 0.0 ], [ 106.765930500000081, -6.283738007999943, 0.0 ], [ 106.766006005000065, -6.283693997999933, 0.0 ], [ 106.766081737000036, -6.283650382999951, 0.0 ], [ 106.76615769700004, -6.283607160999964, 0.0 ], [ 106.766199235000045, -6.283583810999971, 0.0 ], [ 106.766225030000044, -6.283569308999972, 0.0 ], [ 106.766233878000037, -6.283564335999927, 0.0 ], [ 106.766310281000074, -6.283521906999965, 0.0 ], [ 106.766386904000058, -6.283479875999944, 0.0 ], [ 106.766463745000067, -6.283438244999957, 0.0 ], [ 106.766484382000044, -6.283427427999925, 0.0 ], [ 106.766537415000073, -6.283399629999963, 0.0 ], [ 106.766608717000054, -6.283356796999954, 0.0 ], [ 106.766677412000035, -6.283309889999941, 0.0 ], [ 106.766708251000068, -6.283286088999944, 0.0 ], [ 106.766743267000038, -6.28325906799995, 0.0 ], [ 106.766806059000032, -6.283204502999979, 0.0 ], [ 106.766865574000064, -6.283146377999969, 0.0 ], [ 106.766921614000069, -6.283084889999941, 0.0 ], [ 106.766973988000075, -6.283020248999946, 0.0 ], [ 106.767014532000076, -6.282972945999973, 0.0 ], [ 106.767031619000079, -6.282953010999961, 0.0 ], [ 106.767088360000059, -6.282885019999981, 0.0 ], [ 106.767144202000054, -6.282816284999967, 0.0 ], [ 106.767199134000066, -6.282746822999968, 0.0 ], [ 106.767253148000066, -6.282676641999956, 0.0 ], [ 106.767306233000056, -6.282605756999942, 0.0 ], [ 106.76734605200005, -6.282551101999957, 0.0 ], [ 106.767358383000044, -6.282534176999945, 0.0 ], [ 106.767409583000074, -6.282461915999932, 0.0 ], [ 106.767459830000064, -6.282388986999933, 0.0 ], [ 106.767496298000083, -6.282334534999961, 0.0 ], [ 106.76752057200008, -6.282297797999945, 0.0 ], [ 106.767538183000056, -6.282270736999976, 0.0 ], [ 106.767557423000085, -6.282241175999957, 0.0 ], [ 106.767597968000075, -6.28217310499997, 0.0 ], [ 106.767602360000069, -6.282165733999932, 0.0 ], [ 106.767638586000032, -6.282085734999953, 0.0 ], [ 106.767645135000066, -6.282072643999925, 0.0 ], [ 106.76767108100006, -6.282020781999961, 0.0 ], [ 106.767675641000039, -6.28201166499997, 0.0 ], [ 106.767722302000038, -6.281943243999933, 0.0 ], [ 106.767775551000057, -6.281884126999955, 0.0 ], [ 106.767777724000041, -6.281881713999951, 0.0 ], [ 106.767840902000046, -6.281828189999942, 0.0 ], [ 106.767910693000033, -6.281783641999937, 0.0 ], [ 106.767985830000043, -6.281748875999938, 0.0 ], [ 106.768061258000046, -6.281727510999929, 0.0 ], [ 106.768135796000081, -6.281703213999947, 0.0 ], [ 106.768209328000069, -6.281676027999936, 0.0 ], [ 106.768281743000045, -6.28164598799998, 0.0 ], [ 106.768289706000076, -6.281642313999953, 0.0 ], [ 106.768352933000074, -6.281613142999959, 0.0 ], [ 106.768422784000052, -6.28157754199998, 0.0 ], [ 106.76848440200007, -6.281544501999974, 0.0 ], [ 106.768492982000055, -6.281539899999927, 0.0 ], [ 106.768570411000042, -6.281521242999929, 0.0 ], [ 106.768650038000033, -6.281522778999943, 0.0 ], [ 106.768726689000061, -6.281544412999949, 0.0 ], [ 106.768795383000054, -6.281584736999946, 0.0 ], [ 106.768851655000049, -6.281641130999958, 0.0 ], [ 106.768891847000077, -6.281709927999941, 0.0 ], [ 106.768927598000062, -6.281752763999975, 0.0 ], [ 106.768936429000064, -6.281763344999945, 0.0 ], [ 106.768996665000088, -6.281798136999953, 0.0 ], [ 106.769065190000049, -6.281810050999979, 0.0 ], [ 106.769133624000062, -6.281797627999936, 0.0 ], [ 106.769206029000088, -6.281762166999954, 0.0 ], [ 106.769274622000069, -6.281719791999933, 0.0 ], [ 106.769338744000038, -6.281670906999977, 0.0 ], [ 106.769388914000046, -6.281624232999945, 0.0 ], [ 106.769397782000055, -6.281615982999938, 0.0 ], [ 106.769451169000035, -6.281555544999947, 0.0 ], [ 106.769481807000034, -6.281513132999976, 0.0 ], [ 106.769498393000049, -6.281490171999963, 0.0 ], [ 106.769501686000069, -6.281479699999977, 0.0 ], [ 106.769520968000052, -6.281418378999945, 0.0 ], [ 106.769525130000034, -6.281343231999927, 0.0 ], [ 106.769510619000073, -6.281269382999938, 0.0 ], [ 106.769478335000088, -6.28120140599998, 0.0 ], [ 106.769430277000083, -6.281143508999946, 0.0 ], [ 106.769365893000042, -6.281100126999945, 0.0 ], [ 106.769300861000033, -6.281057722999947, 0.0 ], [ 106.769235196000068, -6.281016307999948, 0.0 ], [ 106.769168912000055, -6.280975891999958, 0.0 ], [ 106.769102024000063, -6.280936483999938, 0.0 ], [ 106.769028455000068, -6.280892426999969, 0.0 ], [ 106.76895432200007, -6.280849322999927, 0.0 ], [ 106.768879638000044, -6.280807180999943, 0.0 ], [ 106.768804415000034, -6.280766008999933, 0.0 ], [ 106.768728669000041, -6.280725812999947, 0.0 ], [ 106.768652409000083, -6.280686599999967, 0.0 ], [ 106.768575650000059, -6.280648375999931, 0.0 ], [ 106.76849840400007, -6.280611146999945, 0.0 ], [ 106.768420681000066, -6.280574920999925, 0.0 ], [ 106.768413302000056, -6.280571596999948, 0.0 ], [ 106.768406652000067, -6.280569838999952, 0.0 ], [ 106.768314292000071, -6.280535507999957, 0.0 ], [ 106.768245881000041, -6.280510078999953, 0.0 ], [ 106.768156809000061, -6.280463364999946, 0.0 ], [ 106.768130923000058, -6.280447991999949, 0.0 ], [ 106.768117347000043, -6.280441864999943, 0.0 ], [ 106.768054889000041, -6.280402153999944, 0.0 ], [ 106.768005353000035, -6.280344018999926, 0.0 ], [ 106.767972, -6.280275298999925, 0.0 ], [ 106.767956972000036, -6.28020039699993, 0.0 ], [ 106.767963817000066, -6.280139647999931, 0.0 ], [ 106.767978456000037, -6.280080294999948, 0.0 ], [ 106.767991768000059, -6.280013201999964, 0.0 ], [ 106.767996071000084, -6.279944933999957, 0.0 ], [ 106.767991289000065, -6.279876700999978, 0.0 ], [ 106.767981172000077, -6.279841900999941, 0.0 ], [ 106.767968630000041, -6.279798764999953, 0.0 ], [ 106.767918748000056, -6.27973475999994, 0.0 ], [ 106.767894586000068, -6.279711105999979, 0.0 ], [ 106.767894301000069, -6.279710825999928, 0.0 ], [ 106.767870423000033, -6.279687449999926, 0.0 ], [ 106.767818773000045, -6.279643801999953, 0.0 ], [ 106.76776407400007, -6.279604043999939, 0.0 ], [ 106.767746765000084, -6.279591511999968, 0.0 ], [ 106.767702453000084, -6.279559431999928, 0.0 ], [ 106.767649778000077, -6.27950453699998, 0.0 ], [ 106.767615827000043, -6.279443175999972, 0.0 ], [ 106.767594616000054, -6.279376327999955, 0.0 ], [ 106.767589312000041, -6.279311471999961, 0.0 ], [ 106.767593253000086, -6.27928383099993, 0.0 ], [ 106.767598498000041, -6.279247047999945, 0.0 ], [ 106.767621720000079, -6.279186262999929, 0.0 ], [ 106.767665864000037, -6.279110595999953, 0.0 ], [ 106.767721933000075, -6.27904329699993, 0.0 ], [ 106.767788372000041, -6.278986224999926, 0.0 ], [ 106.76786334600007, -6.278940962999968, 0.0 ], [ 106.76794478000005, -6.278908757999943, 0.0 ], [ 106.768019534000075, -6.278896316999976, 0.0 ], [ 106.768095149000033, -6.278891355999974, 0.0 ], [ 106.768170884000085, -6.278893921999952, 0.0 ], [ 106.768260131000034, -6.278880811999954, 0.0 ], [ 106.768346652000048, -6.278855286999942, 0.0 ], [ 106.768422255000075, -6.278823873999954, 0.0 ], [ 106.76849816500004, -6.278793207999968, 0.0 ], [ 106.76855938500006, -6.278769179999927, 0.0 ], [ 106.768574373000035, -6.278763294999976, 0.0 ], [ 106.76865087300007, -6.278734135999969, 0.0 ], [ 106.768727656000067, -6.278705733999971, 0.0 ], [ 106.768804716000034, -6.278678090999961, 0.0 ], [ 106.768824302000041, -6.278671282999937, 0.0 ], [ 106.768882045000055, -6.278651210999953, 0.0 ], [ 106.768959636000034, -6.278625096999974, 0.0 ], [ 106.769037480000065, -6.278599749999955, 0.0 ], [ 106.769115571000043, -6.278575173999968, 0.0 ], [ 106.76919435800005, -6.278541702999973, 0.0 ], [ 106.769271452000055, -6.278504491999968, 0.0 ], [ 106.769346676000055, -6.278463626999951, 0.0 ], [ 106.76936806100008, -6.278450642999928, 0.0 ], [ 106.769419854000034, -6.278419199999973, 0.0 ], [ 106.769469292000053, -6.278385841999977, 0.0 ], [ 106.769490821000034, -6.278371315999948, 0.0 ], [ 106.769559412000035, -6.278320082999926, 0.0 ], [ 106.769584204000068, -6.27830365799997, 0.0 ], [ 106.769630606000078, -6.278272917999971, 0.0 ], [ 106.769671939000034, -6.27825291399995, 0.0 ], [ 106.769707469000082, -6.278235719999941, 0.0 ], [ 106.769788622000078, -6.278209156999935, 0.0 ], [ 106.769872598000063, -6.27819371399994, 0.0 ], [ 106.769899516000066, -6.278192435999927, 0.0 ], [ 106.769957885000053, -6.278189663999967, 0.0 ], [ 106.770034172000067, -6.27819754799998, 0.0 ], [ 106.770110824000085, -6.278195077999953, 0.0 ], [ 106.770186445000036, -6.278182297999933, 0.0 ], [ 106.770246795000048, -6.278147778999937, 0.0 ], [ 106.770296730000041, -6.27809938799993, 0.0 ], [ 106.770333145000052, -6.278040137999938, 0.0 ], [ 106.770353769000053, -6.277973712999938, 0.0 ], [ 106.770357401000069, -6.277917435999939, 0.0 ], [ 106.770355487000074, -6.277867869999966, 0.0 ], [ 106.770355227000039, -6.277861083999937, 0.0 ], [ 106.770346738000057, -6.27778481799993, 0.0 ], [ 106.770335098000032, -6.277708969999935, 0.0 ], [ 106.770326877000059, -6.277667071999929, 0.0 ], [ 106.770320323000078, -6.277633667999964, 0.0 ], [ 106.770302441000069, -6.277559044999975, 0.0 ], [ 106.77028148100004, -6.277485228999979, 0.0 ], [ 106.770252056000061, -6.277401465999958, 0.0 ], [ 106.770251260000066, -6.277399768999942, 0.0 ], [ 106.770215722000046, -6.277323950999971, 0.0 ], [ 106.770178298000076, -6.277246957999978, 0.0 ], [ 106.770139791000076, -6.277170501999933, 0.0 ], [ 106.770120692000035, -6.277133877999972, 0.0 ], [ 106.770119999000087, -6.277132549999976, 0.0 ], [ 106.770100207000041, -6.277094596999973, 0.0 ], [ 106.770059557000081, -6.277019258999928, 0.0 ], [ 106.770017847000076, -6.276944503999971, 0.0 ], [ 106.769977493000056, -6.276870865999967, 0.0 ], [ 106.769941710000069, -6.276794898999981, 0.0 ], [ 106.769938337000042, -6.276786432999927, 0.0 ], [ 106.769930447000036, -6.276766631999976, 0.0 ], [ 106.769910630000084, -6.276716886999964, 0.0 ], [ 106.769875994000074, -6.276645644999974, 0.0 ], [ 106.76983272800004, -6.276579294999976, 0.0 ], [ 106.769813750000083, -6.276556907999975, 0.0 ], [ 106.769781511000076, -6.276518880999959, 0.0 ], [ 106.769723145000057, -6.276465346999942, 0.0 ], [ 106.769658548000052, -6.276419536999981, 0.0 ], [ 106.769588733000035, -6.27638216899993, 0.0 ], [ 106.769520818000046, -6.276358473999949, 0.0 ], [ 106.769457042000056, -6.276325196999949, 0.0 ], [ 106.769397255000058, -6.276262676999977, 0.0 ], [ 106.769354278000037, -6.276187586999981, 0.0 ], [ 106.769347784000047, -6.27616471999994, 0.0 ], [ 106.769330640000078, -6.276104345999954, 0.0 ], [ 106.769327739000062, -6.276017862999936, 0.0 ], [ 106.769345741000052, -6.27593322499996, 0.0 ], [ 106.769377194000072, -6.275862678999943, 0.0 ], [ 106.769395294000049, -6.275801204999937, 0.0 ], [ 106.769399011000075, -6.275788580999972, 0.0 ], [ 106.769410805000064, -6.275712238999972, 0.0 ], [ 106.769412367000086, -6.275635006999948, 0.0 ], [ 106.769403670000088, -6.27555825099995, 0.0 ], [ 106.769384867000042, -6.27548332899994, 0.0 ], [ 106.769383520000076, -6.275481083999978, 0.0 ], [ 106.769342459000086, -6.275412679999931, 0.0 ], [ 106.769296309000083, -6.275344419999954, 0.0 ], [ 106.769246549000059, -6.275278747999948, 0.0 ], [ 106.76919332500006, -6.275215852999963, 0.0 ], [ 106.76913679200004, -6.275155919999975, 0.0 ], [ 106.769077114000083, -6.275099121999972, 0.0 ], [ 106.769014464000065, -6.275045623999972, 0.0 ], [ 106.768949024000051, -6.274995583999953, 0.0 ], [ 106.768880983000088, -6.274949141999969, 0.0 ], [ 106.768876398000089, -6.27494663899995, 0.0 ], [ 106.768821775000049, -6.27491682699997, 0.0 ], [ 106.768821427000034, -6.274916636999933, 0.0 ], [ 106.768759296000042, -6.274889379999934, 0.0 ], [ 106.768695052000055, -6.274867572999938, 0.0 ], [ 106.768656644000089, -6.274858130999974, 0.0 ], [ 106.768629171000043, -6.274851376999948, 0.0 ], [ 106.768553917000077, -6.274832896999953, 0.0 ], [ 106.768482671000072, -6.27480240899996, 0.0 ], [ 106.768418638000071, -6.274749571999962, 0.0 ], [ 106.768367173000058, -6.274684418999925, 0.0 ], [ 106.768330586000047, -6.274609876999932, 0.0 ], [ 106.768310516000042, -6.274529292999944, 0.0 ], [ 106.768307872000037, -6.274446288999968, 0.0 ], [ 106.76831922000008, -6.274364435999928, 0.0 ], [ 106.768339532000084, -6.274284337999973, 0.0 ], [ 106.768361544000072, -6.274225661999935, 0.0 ], [ 106.768368556000041, -6.27420697499997, 0.0 ], [ 106.768405939000047, -6.274133288999963, 0.0 ], [ 106.768451223000056, -6.274064184999929, 0.0 ], [ 106.768503855000063, -6.274000504999947, 0.0 ], [ 106.768563191000055, -6.273943028999952, 0.0 ], [ 106.768626130000087, -6.273887625999976, 0.0 ], [ 106.768694501000084, -6.273839091999946, 0.0 ], [ 106.768738949000067, -6.273814063999964, 0.0 ], [ 106.768767555000068, -6.273797955999953, 0.0 ], [ 106.768844499000068, -6.273764667999956, 0.0 ], [ 106.768920711000078, -6.273740774999965, 0.0 ], [ 106.768924491000064, -6.273739588999945, 0.0 ], [ 106.769006662000038, -6.273722993999968, 0.0 ], [ 106.769090114000051, -6.273715061999951, 0.0 ], [ 106.769117374000075, -6.27371532899997, 0.0 ], [ 106.769173937000062, -6.273715881999976, 0.0 ], [ 106.769257218000064, -6.273725443999979, 0.0 ], [ 106.769339049000052, -6.273743642999932, 0.0 ], [ 106.769418536000046, -6.27377028199993, 0.0 ], [ 106.769500899000036, -6.273804918999929, 0.0 ], [ 106.769579472000032, -6.273847468999975, 0.0 ], [ 106.769653500000061, -6.273897518999945, 0.0 ], [ 106.769722270000045, -6.273954587999981, 0.0 ], [ 106.769785118000073, -6.274018124999941, 0.0 ], [ 106.769841442000086, -6.274087519999966, 0.0 ], [ 106.769883829000037, -6.274153130999935, 0.0 ], [ 106.769932840000081, -6.274213944999929, 0.0 ], [ 106.769995046000076, -6.274271673999976, 0.0 ], [ 106.770065918000057, -6.274318337999944, 0.0 ], [ 106.770141688000081, -6.274351503999981, 0.0 ], [ 106.770221467000056, -6.274373311999966, 0.0 ], [ 106.770303565000063, -6.274383297999975, 0.0 ], [ 106.770368009000038, -6.27438170399995, 0.0 ], [ 106.770386242000086, -6.274381253999934, 0.0 ], [ 106.770467746000065, -6.274367219999931, 0.0 ], [ 106.770475834000081, -6.274363238999968, 0.0 ], [ 106.770488690000036, -6.274356909999938, 0.0 ], [ 106.77049173000006, -6.274355413999956, 0.0 ], [ 106.770504460000041, -6.274349147999942, 0.0 ], [ 106.770548260000055, -6.27432758599997, 0.0 ], [ 106.770623837000073, -6.27427918799998, 0.0 ], [ 106.770685914000069, -6.274230078999949, 0.0 ], [ 106.770742377000033, -6.274174596999956, 0.0 ], [ 106.770776448000049, -6.274133053999947, 0.0 ], [ 106.770792577000066, -6.274113385999954, 0.0 ], [ 106.770835936000083, -6.27404714599993, 0.0 ], [ 106.770871954000086, -6.273976639999944, 0.0 ], [ 106.770900218000065, -6.273902677999956, 0.0 ], [ 106.770920404000037, -6.273826112999927, 0.0 ], [ 106.770944289000056, -6.273750880999955, 0.0 ], [ 106.770967591000044, -6.273675466999975, 0.0 ], [ 106.770990310000059, -6.273599872999966, 0.0 ], [ 106.771012442000085, -6.273524106999957, 0.0 ], [ 106.771033988000056, -6.273448170999927, 0.0 ], [ 106.77105494500006, -6.273372070999926, 0.0 ], [ 106.771073416000036, -6.27329294599997, 0.0 ], [ 106.771095457000058, -6.273214742999926, 0.0 ], [ 106.771107223000058, -6.273179244999938, 0.0 ], [ 106.77110914800005, -6.273173438999947, 0.0 ], [ 106.771121021000056, -6.273137618999954, 0.0 ], [ 106.771150057000057, -6.273061736999978, 0.0 ], [ 106.771162050000044, -6.273034205999977, 0.0 ], [ 106.77118250400008, -6.272987250999961, 0.0 ], [ 106.771218296000086, -6.272914313999934, 0.0 ], [ 106.771257358000071, -6.272843080999962, 0.0 ], [ 106.771299610000085, -6.272773692999976, 0.0 ], [ 106.771341041000085, -6.272704617999977, 0.0 ], [ 106.771381291000068, -6.272634851999953, 0.0 ], [ 106.771420349000039, -6.272564406999948, 0.0 ], [ 106.771458205000044, -6.272493309999959, 0.0 ], [ 106.771492015000035, -6.272430217999954, 0.0 ], [ 106.771521270000051, -6.272364886999981, 0.0 ], [ 106.771545820000085, -6.272297642999945, 0.0 ], [ 106.771565543000065, -6.272228827999925, 0.0 ], [ 106.771577234000063, -6.27216329099997, 0.0 ], [ 106.771566619000055, -6.27209757199995, 0.0 ], [ 106.771534889000066, -6.272039057999962, 0.0 ], [ 106.771478463000051, -6.271975503999954, 0.0 ], [ 106.771416971000065, -6.271916841999939, 0.0 ], [ 106.771350837000057, -6.271863476999954, 0.0 ], [ 106.771280515000058, -6.271815773999947, 0.0 ], [ 106.771244137000053, -6.271795274999931, 0.0 ], [ 106.77120648600004, -6.271774059999927, 0.0 ], [ 106.771134101000087, -6.271728990999975, 0.0 ], [ 106.771070400000042, -6.271672291999948, 0.0 ], [ 106.771017231000087, -6.27160560599998, 0.0 ], [ 106.770976133000033, -6.271530862999953, 0.0 ], [ 106.770948295000039, -6.271450229999971, 0.0 ], [ 106.770934526000076, -6.271366039999975, 0.0 ], [ 106.770934322000073, -6.271285564999971, 0.0 ], [ 106.770941576000041, -6.27120541599993, 0.0 ], [ 106.770956226000067, -6.271126286999959, 0.0 ], [ 106.770978144000082, -6.271048857999972, 0.0 ], [ 106.771007143000077, -6.270973795999964, 0.0 ], [ 106.771042973000078, -6.270901747999972, 0.0 ], [ 106.771085323000079, -6.270833333999974, 0.0 ], [ 106.771116111000083, -6.270761280999977, 0.0 ], [ 106.771142255000086, -6.270687414999941, 0.0 ], [ 106.771149138000055, -6.270663166999952, 0.0 ], [ 106.771163652000041, -6.270612032999964, 0.0 ], [ 106.771180215000072, -6.270535442999972, 0.0 ], [ 106.771191876000046, -6.270457953999937, 0.0 ], [ 106.771192303000078, -6.270452989999967, 0.0 ], [ 106.771198588000061, -6.27037987999995, 0.0 ], [ 106.771168998000064, -6.270300231999954, 0.0 ], [ 106.771127025000055, -6.27022636199996, 0.0 ], [ 106.771073758000057, -6.270160182999973, 0.0 ], [ 106.771010576000037, -6.270103407999954, 0.0 ], [ 106.770939113000054, -6.270057503999965, 0.0 ], [ 106.77086121800005, -6.270023662999961, 0.0 ], [ 106.770798821000085, -6.269999176999931, 0.0 ], [ 106.770736424000063, -6.269974692999938, 0.0 ], [ 106.770674027000041, -6.269950208999944, 0.0 ], [ 106.770597279000071, -6.269922793999967, 0.0 ], [ 106.770520530000056, -6.269895380999969, 0.0 ], [ 106.77044378100004, -6.269867967999971, 0.0 ], [ 106.770367031000035, -6.269840553999927, 0.0 ], [ 106.770290284000055, -6.269813140999929, 0.0 ], [ 106.770213535000039, -6.269785726999942, 0.0 ], [ 106.77013678600008, -6.269758312999954, 0.0 ], [ 106.770060037000064, -6.269730899999956, 0.0 ], [ 106.769983289000038, -6.269703485999969, 0.0 ], [ 106.769908195000085, -6.269668361999948, 0.0 ], [ 106.76983752600006, -6.269625005999956, 0.0 ], [ 106.769772179000086, -6.269573973999968, 0.0 ], [ 106.769712985000069, -6.269515908999949, 0.0 ], [ 106.769666081000082, -6.269459150999978, 0.0 ], [ 106.769627129000071, -6.269396658999938, 0.0 ], [ 106.769601803000057, -6.269329655999968, 0.0 ], [ 106.769583219000083, -6.269260474999953, 0.0 ], [ 106.769571558000052, -6.269189794999932, 0.0 ], [ 106.769566933000078, -6.269118307999975, 0.0 ], [ 106.769581831000039, -6.269043586999942, 0.0 ], [ 106.769587978000061, -6.26896764199995, 0.0 ], [ 106.769585290000066, -6.268891494999934, 0.0 ], [ 106.769568121000077, -6.268820017999928, 0.0 ], [ 106.769564743000046, -6.268805960999941, 0.0 ], [ 106.769564320000086, -6.268804195999962, 0.0 ], [ 106.769539436000059, -6.268717931999959, 0.0 ], [ 106.769510688000082, -6.268632878999938, 0.0 ], [ 106.769478135000043, -6.268549209999946, 0.0 ], [ 106.769441845000074, -6.268467094999949, 0.0 ], [ 106.769406576000051, -6.26839825199994, 0.0 ], [ 106.769374969000069, -6.268327650999936, 0.0 ], [ 106.769347107000044, -6.268255488999955, 0.0 ], [ 106.769323069000052, -6.268181961999971, 0.0 ], [ 106.76930291900004, -6.268107273999931, 0.0 ], [ 106.769297613000049, -6.268026148999979, 0.0 ], [ 106.769303801000035, -6.267945087999976, 0.0 ], [ 106.769321362000085, -6.267865710999956, 0.0 ], [ 106.769349943000066, -6.267789608999976, 0.0 ], [ 106.769388971000069, -6.26771830499996, 0.0 ], [ 106.769437666000044, -6.267653226999926, 0.0 ], [ 106.769485545000066, -6.267588563999936, 0.0 ], [ 106.769533424000088, -6.267523899999958, 0.0 ], [ 106.769581304000042, -6.267459236999969, 0.0 ], [ 106.769629183000063, -6.267394572999933, 0.0 ], [ 106.769662055000083, -6.26733240599998, 0.0 ], [ 106.769677960000081, -6.267263896999964, 0.0 ], [ 106.769675843000073, -6.267193596999959, 0.0 ], [ 106.769655846000035, -6.267126169999926, 0.0 ], [ 106.769643017000078, -6.267096383999956, 0.0 ], [ 106.769622827000035, -6.267049502999953, 0.0 ], [ 106.769587181000077, -6.266974023999978, 0.0 ], [ 106.769548951000047, -6.266899820999981, 0.0 ], [ 106.769508183000085, -6.26682698299993, 0.0 ], [ 106.769485415000077, -6.266789412999969, 0.0 ], [ 106.769464925000079, -6.266755598999964, 0.0 ], [ 106.769430415000045, -6.266676142999927, 0.0 ], [ 106.769418397000038, -6.266648473999965, 0.0 ], [ 106.769410543000049, -6.266630387999953, 0.0 ], [ 106.769403135000061, -6.266613331999963, 0.0 ], [ 106.769395905000067, -6.266596686999947, 0.0 ], [ 106.769361397000068, -6.266517229999977, 0.0 ], [ 106.769326885000055, -6.26643777399994, 0.0 ], [ 106.769292376000067, -6.26635831699997, 0.0 ], [ 106.769257868000068, -6.266278861999979, 0.0 ], [ 106.769237329000077, -6.266195649999929, 0.0 ], [ 106.769222053000078, -6.266111313999943, 0.0 ], [ 106.769212099000072, -6.266026183999941, 0.0 ], [ 106.769207622000067, -6.265942725999935, 0.0 ], [ 106.769207508000079, -6.265940594999961, 0.0 ], [ 106.769208295000055, -6.265854887999978, 0.0 ], [ 106.769214461000047, -6.265769397999975, 0.0 ], [ 106.769225979000055, -6.265684465999925, 0.0 ], [ 106.769242950000034, -6.265603992999957, 0.0 ], [ 106.769261570000083, -6.265523884999936, 0.0 ], [ 106.769281831000058, -6.265444177999939, 0.0 ], [ 106.769303726000032, -6.265364903999966, 0.0 ], [ 106.769327245000056, -6.265286097999933, 0.0 ], [ 106.769352377000075, -6.265207791999956, 0.0 ], [ 106.769379112000081, -6.265130018999969, 0.0 ], [ 106.769391179000081, -6.265097132999927, 0.0 ], [ 106.769407441000055, -6.265052811999965, 0.0 ], [ 106.769437347000064, -6.264976204999925, 0.0 ], [ 106.769445104000056, -6.264957481999943, 0.0 ], [ 106.769446799000036, -6.264953391999939, 0.0 ], [ 106.769449373000043, -6.264947178999932, 0.0 ], [ 106.769468824000057, -6.264900228999977, 0.0 ], [ 106.769501853000065, -6.264824915999952, 0.0 ], [ 106.769532428000048, -6.26476956099998, 0.0 ], [ 106.769571844000041, -6.264720117999957, 0.0 ], [ 106.769618986000069, -6.26467798799996, 0.0 ], [ 106.769696064000073, -6.264640721999967, 0.0 ], [ 106.769773142000076, -6.264603454999929, 0.0 ], [ 106.76985022100007, -6.264566188999936, 0.0 ], [ 106.769927300000063, -6.264528921999954, 0.0 ], [ 106.770004379000056, -6.264491653999926, 0.0 ], [ 106.770081456000071, -6.26445438899998, 0.0 ], [ 106.77015850500004, -6.264441286999954, 0.0 ], [ 106.770236217000047, -6.264449596999953, 0.0 ], [ 106.770308760000034, -6.26447869499998, 0.0 ], [ 106.77037069000005, -6.264526398999976, 0.0 ], [ 106.770394863000035, -6.264558689999944, 0.0 ], [ 106.770417132000034, -6.264588436999929, 0.0 ], [ 106.770463574000075, -6.26465047399995, 0.0 ], [ 106.770494262000057, -6.264691171999971, 0.0 ], [ 106.770524950000038, -6.264731869999935, 0.0 ], [ 106.77057257000007, -6.264785404999941, 0.0 ], [ 106.770622511000056, -6.264836779999939, 0.0 ], [ 106.770693118000054, -6.264892159999931, 0.0 ], [ 106.770754421000049, -6.264942050999935, 0.0 ], [ 106.770809310000061, -6.264998932999958, 0.0 ], [ 106.770840157000066, -6.26503972699993, 0.0 ], [ 106.770856988000048, -6.265061985999978, 0.0 ], [ 106.770896267000069, -6.265122413999961, 0.0 ], [ 106.770941349000054, -6.265178639999931, 0.0 ], [ 106.770990889000075, -6.265230562999932, 0.0 ], [ 106.771044446000076, -6.265278328999955, 0.0 ], [ 106.771101670000064, -6.265321626999935, 0.0 ], [ 106.771115947000055, -6.265329693999945, 0.0 ], [ 106.771177846000057, -6.26536466899995, 0.0 ], [ 106.771245137000051, -6.265379193999934, 0.0 ], [ 106.771263361000081, -6.26538312699995, 0.0 ], [ 106.771350496000082, -6.265375332999952, 0.0 ], [ 106.77143264700004, -6.265341541999931, 0.0 ], [ 106.771456208000075, -6.265319313999953, 0.0 ], [ 106.771497276000048, -6.265280571999938, 0.0 ], [ 106.771535821000043, -6.265200497999956, 0.0 ], [ 106.771543175000033, -6.265111923999939, 0.0 ], [ 106.771540282000046, -6.265078840999934, 0.0 ], [ 106.77153738800007, -6.265045757999928, 0.0 ], [ 106.771528962000048, -6.264979876999973, 0.0 ], [ 106.771517910000057, -6.26491438599993, 0.0 ], [ 106.771508495000035, -6.264883284999939, 0.0 ], [ 106.771494091000079, -6.264835699999935, 0.0 ], [ 106.771486293000066, -6.264812426999981, 0.0 ], [ 106.77146797100005, -6.264757747999965, 0.0 ], [ 106.771439573000066, -6.264680597999927, 0.0 ], [ 106.771408920000056, -6.264604317999954, 0.0 ], [ 106.771400099000061, -6.264584105999973, 0.0 ], [ 106.771376040000064, -6.264528971999937, 0.0 ], [ 106.771340958000053, -6.264454625999974, 0.0 ], [ 106.771303711000087, -6.264381343999958, 0.0 ], [ 106.771264325000061, -6.26430918899996, 0.0 ], [ 106.771225341000047, -6.26424250499997, 0.0 ], [ 106.771222837000039, -6.26423822299995, 0.0 ], [ 106.771179282000048, -6.264168508999944, 0.0 ], [ 106.771133698000085, -6.264100106999933, 0.0 ], [ 106.771101576000035, -6.264051288999951, 0.0 ], [ 106.771060252000041, -6.263987489999977, 0.0 ], [ 106.771017721000078, -6.263924490999955, 0.0 ], [ 106.770973998000045, -6.263862312999947, 0.0 ], [ 106.770929099000057, -6.263800979999928, 0.0 ], [ 106.770879751000052, -6.263739316999931, 0.0 ], [ 106.770824158000039, -6.26368322899998, 0.0 ], [ 106.770762945000058, -6.263633341999935, 0.0 ], [ 106.770709019000037, -6.263589294999974, 0.0 ], [ 106.770700756000053, -6.263580324999964, 0.0 ], [ 106.770661836000045, -6.263538081999968, 0.0 ], [ 106.770622339000056, -6.263480724999965, 0.0 ], [ 106.770591314000058, -6.263418370999943, 0.0 ], [ 106.770575432000044, -6.263334639999925, 0.0 ], [ 106.770579341000087, -6.263295168999946, 0.0 ], [ 106.770580301000052, -6.263285475999965, 0.0 ], [ 106.770580978000055, -6.263278637999974, 0.0 ], [ 106.770602806000056, -6.263208372999941, 0.0 ], [ 106.770603252000058, -6.263206944999979, 0.0 ], [ 106.770643656000061, -6.263143684999932, 0.0 ], [ 106.770689595000078, -6.26309359399994, 0.0 ], [ 106.770741519000069, -6.263049745999979, 0.0 ], [ 106.770798588000048, -6.263012850999928, 0.0 ], [ 106.770823643000085, -6.263001417999931, 0.0 ], [ 106.770852061000085, -6.262988449999966, 0.0 ], [ 106.770905534000065, -6.262964048999947, 0.0 ], [ 106.770927573000051, -6.262952906999942, 0.0 ], [ 106.770958994000068, -6.262937022999949, 0.0 ], [ 106.770967049000035, -6.262932907999925, 0.0 ], [ 106.770970728000066, -6.262931027999969, 0.0 ], [ 106.770981474000052, -6.262925537999934, 0.0 ], [ 106.771036235000054, -6.262897560999932, 0.0 ], [ 106.771113477000085, -6.26285809899997, 0.0 ], [ 106.771129703000042, -6.262849807999942, 0.0 ], [ 106.771190717000081, -6.262818636999953, 0.0 ], [ 106.771267958000067, -6.262779174999935, 0.0 ], [ 106.771346949000076, -6.262735914999951, 0.0 ], [ 106.771414164000078, -6.262709553999969, 0.0 ], [ 106.771461020000061, -6.262697779999939, 0.0 ], [ 106.771499684000048, -6.262691030999974, 0.0 ], [ 106.771522030000085, -6.262687128999971, 0.0 ], [ 106.771574254000086, -6.26266779599996, 0.0 ], [ 106.771615824000037, -6.262641456999972, 0.0 ], [ 106.771659348000071, -6.26258646399998, 0.0 ], [ 106.771704760000034, -6.262525120999953, 0.0 ], [ 106.771731182000053, -6.262509325999929, 0.0 ], [ 106.771757604000072, -6.262493530999961, 0.0 ], [ 106.771816277000084, -6.262486391999971, 0.0 ], [ 106.771865851000086, -6.262518668999974, 0.0 ], [ 106.771867997000072, -6.262521680999953, 0.0 ], [ 106.771870141000079, -6.262524694999968, 0.0 ], [ 106.771896171000037, -6.262561263999942, 0.0 ], [ 106.771913833000042, -6.262616804999936, 0.0 ], [ 106.77192702900004, -6.262699334999979, 0.0 ], [ 106.771938086000034, -6.262748473999977, 0.0 ], [ 106.771949143000086, -6.262797612999975, 0.0 ], [ 106.771960191000062, -6.26281953299997, 0.0 ], [ 106.771988823000072, -6.262876343999949, 0.0 ], [ 106.772022815000071, -6.262912153999935, 0.0 ], [ 106.77205680600008, -6.262947963999977, 0.0 ], [ 106.772114997000074, -6.262986534999925, 0.0 ], [ 106.772174673000052, -6.263012849999939, 0.0 ], [ 106.772235619000071, -6.263029965999976, 0.0 ], [ 106.772311741000067, -6.263035862999971, 0.0 ], [ 106.772363742000039, -6.263028259999942, 0.0 ], [ 106.772415744000057, -6.263020658999949, 0.0 ], [ 106.772487841000043, -6.262996806999979, 0.0 ], [ 106.772541613000044, -6.26297268299993, 0.0 ], [ 106.772595384000056, -6.262948556999959, 0.0 ], [ 106.772665111000038, -6.262907582999958, 0.0 ], [ 106.772734838000076, -6.262866609999946, 0.0 ], [ 106.772792701000071, -6.262829056999976, 0.0 ], [ 106.772800025000038, -6.262824301999956, 0.0 ], [ 106.772850564000066, -6.26279150299996, 0.0 ], [ 106.772921180000083, -6.262739465999971, 0.0 ], [ 106.772984687000076, -6.262690685999928, 0.0 ], [ 106.773006171000077, -6.262665965999929, 0.0 ], [ 106.773042009000051, -6.26262473099996, 0.0 ], [ 106.773064693000038, -6.262584075999939, 0.0 ], [ 106.773087375000046, -6.262543421999965, 0.0 ], [ 106.773091337000039, -6.262521383999967, 0.0 ], [ 106.773095036000086, -6.262500810999938, 0.0 ], [ 106.773098207000032, -6.262483175999932, 0.0 ], [ 106.773102958000038, -6.262456748999966, 0.0 ], [ 106.773093552000034, -6.262410553999928, 0.0 ], [ 106.773078700000042, -6.262367737999966, 0.0 ], [ 106.77306384700006, -6.262324921999948, 0.0 ], [ 106.77303700300007, -6.262264990999938, 0.0 ], [ 106.77301015900008, -6.262205060999975, 0.0 ], [ 106.772983314000044, -6.262145130999954, 0.0 ], [ 106.772953433000055, -6.262088177999942, 0.0 ], [ 106.772944580000058, -6.262071302999971, 0.0 ], [ 106.772923552000066, -6.26203122499993, 0.0 ], [ 106.772893670000087, -6.261974272999964, 0.0 ], [ 106.772867771000051, -6.26191474999996, 0.0 ], [ 106.772843035000051, -6.261857903999953, 0.0 ], [ 106.772841870000036, -6.26185522399993, 0.0 ], [ 106.772838015000048, -6.261844243999974, 0.0 ], [ 106.772824975000049, -6.261807089999934, 0.0 ], [ 106.772820418000038, -6.261794103999932, 0.0 ], [ 106.772814020000055, -6.26177587799998, 0.0 ], [ 106.772786171000064, -6.261696531999974, 0.0 ], [ 106.772763010000062, -6.261620722999965, 0.0 ], [ 106.772757519000038, -6.261602755999945, 0.0 ], [ 106.772739846000036, -6.261544913999955, 0.0 ], [ 106.772726433000059, -6.261501016999944, 0.0 ], [ 106.772716683000056, -6.261469104999946, 0.0 ], [ 106.772698555000034, -6.26138541499995, 0.0 ], [ 106.772680427000068, -6.261301725999942, 0.0 ], [ 106.772671312000057, -6.261225421999939, 0.0 ], [ 106.772662196000056, -6.261149116999945, 0.0 ], [ 106.772659145000034, -6.261123576999978, 0.0 ], [ 106.772653082000033, -6.261072810999963, 0.0 ], [ 106.77264350300004, -6.260992825999949, 0.0 ], [ 106.772633924000047, -6.260912839999946, 0.0 ], [ 106.772622856000055, -6.260839893999957, 0.0 ], [ 106.772611786000084, -6.260766947999969, 0.0 ], [ 106.772603530000083, -6.260721590999935, 0.0 ], [ 106.772595272000046, -6.260676235999938, 0.0 ], [ 106.772592044000078, -6.260661526999968, 0.0 ], [ 106.77258510200005, -6.260629901999948, 0.0 ], [ 106.772574931000065, -6.260583567999959, 0.0 ], [ 106.772573833000081, -6.260578433999967, 0.0 ], [ 106.772557787000039, -6.260503393999954, 0.0 ], [ 106.772544837000055, -6.260422436999932, 0.0 ], [ 106.772537240000077, -6.260351456999956, 0.0 ], [ 106.772536112000068, -6.260340913999926, 0.0 ], [ 106.772535103000052, -6.260322443999939, 0.0 ], [ 106.772531639000078, -6.260259046999977, 0.0 ], [ 106.772531428000036, -6.260177058999943, 0.0 ], [ 106.772535481000034, -6.260095170999932, 0.0 ], [ 106.77254264700008, -6.260046459999955, 0.0 ], [ 106.772546635000083, -6.260019345999979, 0.0 ], [ 106.772562205000042, -6.25994430399993, 0.0 ], [ 106.772581758000058, -6.259871704999966, 0.0 ], [ 106.772582137000086, -6.259870302999957, 0.0 ], [ 106.77259983600004, -6.259809624999946, 0.0 ], [ 106.772617934000039, -6.259749064999937, 0.0 ], [ 106.772624984000061, -6.259726024999964, 0.0 ], [ 106.772636426000076, -6.259688624999967, 0.0 ], [ 106.772652124000047, -6.259620081999969, 0.0 ], [ 106.772654798000076, -6.259608405999927, 0.0 ], [ 106.772669779000069, -6.259527482999943, 0.0 ], [ 106.772673194000049, -6.25950341999993, 0.0 ], [ 106.772681341000066, -6.259446002999937, 0.0 ], [ 106.772689469000056, -6.259364104999975, 0.0 ], [ 106.772694141000045, -6.259281938999948, 0.0 ], [ 106.772695357000089, -6.259199647999935, 0.0 ], [ 106.772693108000055, -6.259117379999964, 0.0 ], [ 106.772688686000038, -6.259076686999947, 0.0 ], [ 106.772673567000083, -6.259004635999929, 0.0 ], [ 106.77264946300005, -6.258935075999943, 0.0 ], [ 106.772641447000069, -6.258913034999978, 0.0 ], [ 106.772622777000038, -6.258861698999965, 0.0 ], [ 106.772596090000036, -6.258788322999976, 0.0 ], [ 106.77256294700004, -6.258711990999927, 0.0 ], [ 106.772529805000033, -6.258635659999925, 0.0 ], [ 106.772515683000051, -6.258603139999934, 0.0 ], [ 106.772515128000066, -6.258601860999931, 0.0 ], [ 106.772496661000048, -6.258559328999979, 0.0 ], [ 106.772473072000082, -6.258518291999962, 0.0 ], [ 106.772433332000048, -6.258455115999936, 0.0 ], [ 106.772425842000075, -6.258443210999928, 0.0 ], [ 106.772374657000057, -6.258370772999967, 0.0 ], [ 106.772319664000065, -6.258301183999947, 0.0 ], [ 106.772265359000073, -6.258239566999976, 0.0 ], [ 106.772264451000069, -6.258238538999933, 0.0 ], [ 106.772261022000066, -6.258234646999938, 0.0 ], [ 106.772198899000045, -6.25817135099993, 0.0 ], [ 106.772133474000043, -6.258111480999958, 0.0 ], [ 106.772064397000065, -6.258067691999941, 0.0 ], [ 106.771990537000079, -6.258032580999952, 0.0 ], [ 106.771912978000046, -6.258006662999946, 0.0 ], [ 106.771832855000071, -6.257990317999941, 0.0 ], [ 106.771751345000041, -6.257983786999944, 0.0 ], [ 106.771669645000088, -6.257987163999928, 0.0 ], [ 106.771588951000069, -6.258000400999947, 0.0 ], [ 106.771503779000057, -6.258023341999944, 0.0 ], [ 106.771421546000056, -6.258055257999956, 0.0 ], [ 106.771343191000085, -6.258095782999931, 0.0 ], [ 106.771269611000037, -6.258144452999943, 0.0 ], [ 106.771201647000055, -6.258200710999972, 0.0 ], [ 106.771140080000066, -6.258263910999972, 0.0 ], [ 106.771085613000082, -6.258333333999929, 0.0 ], [ 106.771045226000069, -6.258395726999936, 0.0 ], [ 106.771004839000057, -6.258458118999954, 0.0 ], [ 106.770964452000044, -6.258520511999961, 0.0 ], [ 106.770924066000077, -6.258582903999979, 0.0 ], [ 106.770883679000065, -6.25864529699993, 0.0 ], [ 106.770846516000063, -6.258704362999936, 0.0 ], [ 106.770793536000042, -6.258749759999944, 0.0 ], [ 106.770729491000054, -6.258777410999926, 0.0 ], [ 106.770660188000079, -6.258794187999968, 0.0 ], [ 106.770634394000069, -6.258795549999945, 0.0 ], [ 106.770588986000064, -6.258797945999959, 0.0 ], [ 106.770518302000085, -6.258788557999935, 0.0 ], [ 106.770450544000084, -6.25876634399998, 0.0 ], [ 106.770398689000046, -6.258732340999927, 0.0 ], [ 106.770364070000085, -6.258680875999971, 0.0 ], [ 106.770329222000044, -6.258604462999926, 0.0 ], [ 106.770290954000075, -6.258529705999933, 0.0 ], [ 106.770249345000082, -6.258456758999955, 0.0 ], [ 106.770241626000086, -6.258444546999954, 0.0 ], [ 106.770206175000055, -6.258388454999931, 0.0 ], [ 106.770204479000085, -6.258385770999951, 0.0 ], [ 106.770156449000069, -6.258316887999968, 0.0 ], [ 106.77014556000006, -6.258304351999925, 0.0 ], [ 106.770110511000041, -6.25826400099993, 0.0 ], [ 106.770050167000079, -6.258228450999979, 0.0 ], [ 106.769992762000072, -6.258207337999977, 0.0 ], [ 106.76993357300006, -6.258191918999955, 0.0 ], [ 106.769873166000082, -6.258182343999977, 0.0 ], [ 106.76980420700005, -6.258183505999966, 0.0 ], [ 106.769735248000075, -6.258184666999966, 0.0 ], [ 106.769666289000043, -6.258185828999956, 0.0 ], [ 106.769665561000068, -6.258185777999927, 0.0 ], [ 106.769581021000079, -6.25816447099993, 0.0 ], [ 106.769507923000049, -6.258116928999925, 0.0 ], [ 106.76945414100004, -6.258048268999971, 0.0 ], [ 106.769411481000077, -6.257975775999967, 0.0 ], [ 106.769390717000078, -6.25789425399995, 0.0 ], [ 106.769393496000077, -6.257810172999939, 0.0 ], [ 106.769419599000059, -6.257730200999958, 0.0 ], [ 106.769458670000063, -6.257657500999926, 0.0 ], [ 106.769497741000066, -6.25758480099995, 0.0 ], [ 106.76953681100008, -6.257512100999975, 0.0 ], [ 106.769575881000037, -6.257439400999942, 0.0 ], [ 106.76961495200004, -6.257366699999977, 0.0 ], [ 106.769654022000054, -6.257294, 0.0 ], [ 106.769693092000068, -6.257221299999969, 0.0 ], [ 106.769732163000072, -6.257148599999937, 0.0 ], [ 106.769771233000085, -6.257075899999961, 0.0 ], [ 106.769806475000053, -6.256993074999968, 0.0 ], [ 106.769841716000087, -6.25691024799994, 0.0 ], [ 106.769876958000054, -6.256827421999958, 0.0 ], [ 106.769912199000032, -6.25674459499993, 0.0 ], [ 106.769947441000056, -6.256661768999948, 0.0 ], [ 106.769982682000034, -6.256578942999965, 0.0 ], [ 106.770017924000058, -6.256496116999926, 0.0 ], [ 106.770056323000063, -6.256427094999935, 0.0 ], [ 106.770105293000086, -6.256365136999932, 0.0 ], [ 106.770163566000065, -6.25631184599996, 0.0 ], [ 106.770229630000074, -6.256268601999977, 0.0 ], [ 106.770301772000039, -6.256236525999952, 0.0 ], [ 106.770382185000074, -6.256223797999951, 0.0 ], [ 106.770463545000041, -6.256226743999946, 0.0 ], [ 106.770542830000068, -6.256245252999975, 0.0 ], [ 106.770615455000041, -6.256262411999955, 0.0 ], [ 106.77068808100006, -6.256279572999972, 0.0 ], [ 106.770760706000033, -6.256296733999932, 0.0 ], [ 106.770833332000052, -6.256313894999948, 0.0 ], [ 106.770910319000052, -6.25633210999996, 0.0 ], [ 106.770988729000067, -6.256342618999952, 0.0 ], [ 106.771067793000043, -6.256345316999955, 0.0 ], [ 106.771146737000038, -6.25634017699997, 0.0 ], [ 106.771224785000072, -6.256327250999959, 0.0 ], [ 106.77130117300004, -6.256306664999954, 0.0 ], [ 106.771375153000065, -6.256278619999932, 0.0 ], [ 106.771444736000035, -6.256234923999955, 0.0 ], [ 106.771514321000041, -6.256191228999967, 0.0 ], [ 106.771583904000067, -6.256147532999933, 0.0 ], [ 106.771653488000084, -6.256103836999955, 0.0 ], [ 106.771723072000043, -6.256060140999978, 0.0 ], [ 106.77179265500007, -6.256016444999943, 0.0 ], [ 106.771855110000047, -6.255957916999932, 0.0 ], [ 106.771910494000053, -6.255892651999943, 0.0 ], [ 106.771958087000087, -6.255821495999953, 0.0 ], [ 106.771997269000053, -6.255745378999961, 0.0 ], [ 106.77202752900007, -6.255665287999932, 0.0 ], [ 106.772046180000075, -6.25559137099998, 0.0 ], [ 106.772049565000088, -6.255582342999958, 0.0 ], [ 106.772052951000035, -6.255573315999925, 0.0 ], [ 106.77205295300007, -6.25554879699996, 0.0 ], [ 106.772059831000036, -6.255497405999961, 0.0 ], [ 106.772061452000059, -6.255411799999933, 0.0 ], [ 106.77205331600004, -6.255326564999962, 0.0 ], [ 106.772039583000037, -6.255286144999957, 0.0 ], [ 106.772025849000045, -6.255245725999941, 0.0 ], [ 106.771988638000039, -6.255168891999972, 0.0 ], [ 106.771942250000052, -6.255097229999933, 0.0 ], [ 106.771887392000053, -6.255031831999929, 0.0 ], [ 106.77182490000007, -6.254973696999969, 0.0 ], [ 106.771755726000038, -6.254923708999968, 0.0 ], [ 106.771680924000066, -6.25488262999994, 0.0 ], [ 106.771601635000081, -6.254851085999974, 0.0 ], [ 106.771519066000053, -6.254829558999973, 0.0 ], [ 106.771440803000075, -6.254808159999925, 0.0 ], [ 106.771361525000088, -6.254790901999968, 0.0 ], [ 106.77128145000006, -6.254777833999981, 0.0 ], [ 106.771200801000077, -6.254768988999956, 0.0 ], [ 106.771117748000052, -6.254761641999949, 0.0 ], [ 106.771034428000064, -6.254758597999967, 0.0 ], [ 106.770951061000062, -6.254759865999972, 0.0 ], [ 106.77089219800007, -6.25476365399993, 0.0 ], [ 106.770833333000041, -6.254767441999945, 0.0 ], [ 106.770744652000076, -6.254774023999971, 0.0 ], [ 106.770655857000065, -6.254769573999965, 0.0 ], [ 106.770568642000057, -6.25475241099997, 0.0 ], [ 106.770485325000038, -6.254721469999936, 0.0 ], [ 106.770408490000079, -6.25467679999997, 0.0 ], [ 106.770340411000063, -6.254619643999945, 0.0 ], [ 106.77032336700006, -6.254599612999925, 0.0 ], [ 106.77028279600006, -6.254551933999949, 0.0 ], [ 106.770237979000058, -6.254475200999934, 0.0 ], [ 106.770190466000088, -6.254408931999933, 0.0 ], [ 106.770128373000034, -6.254356425999958, 0.0 ], [ 106.77005138800007, -6.254331456999978, 0.0 ], [ 106.770018843000059, -6.254336093999939, 0.0 ], [ 106.769971188000056, -6.254342879999967, 0.0 ], [ 106.769900569000072, -6.254383036999968, 0.0 ], [ 106.769842139000048, -6.254441044999965, 0.0 ], [ 106.769773388000033, -6.254486257999929, 0.0 ], [ 106.769696477000082, -6.254515449999928, 0.0 ], [ 106.769615113000043, -6.254527733999964, 0.0 ], [ 106.769532846000061, -6.254524676999949, 0.0 ], [ 106.769458904000032, -6.254510211999957, 0.0 ], [ 106.769452020000074, -6.254508865999981, 0.0 ], [ 106.769373945000041, -6.254482588999963, 0.0 ], [ 106.769363015000067, -6.254477301999941, 0.0 ], [ 106.769299795000052, -6.254446727999948, 0.0 ], [ 106.769292457000063, -6.254444559999968, 0.0 ], [ 106.769262391000041, -6.254435675999957, 0.0 ], [ 106.769242488000089, -6.254429796999943, 0.0 ], [ 106.769240069000034, -6.254429080999955, 0.0 ], [ 106.769200454000043, -6.254417376999925, 0.0 ], [ 106.769180342000084, -6.254411434999952, 0.0 ], [ 106.769146015000047, -6.254407730999958, 0.0 ], [ 106.769105388000071, -6.254403346999936, 0.0 ], [ 106.769030006000037, -6.254403304999926, 0.0 ], [ 106.768955161000065, -6.254412201999969, 0.0 ], [ 106.768882125000061, -6.254430793999973, 0.0 ], [ 106.768812550000064, -6.254459736999934, 0.0 ], [ 106.768810451000036, -6.254461090999939, 0.0 ], [ 106.76880316900008, -6.254465783999933, 0.0 ], [ 106.768803143000071, -6.254465799999934, 0.0 ], [ 106.768766991000064, -6.254489095999929, 0.0 ], [ 106.768749274000072, -6.254500514999961, 0.0 ], [ 106.768694910000079, -6.254563188999953, 0.0 ], [ 106.76866672400007, -6.254604739999934, 0.0 ], [ 106.768665584000075, -6.254606419999959, 0.0 ], [ 106.768664061000038, -6.254608663999932, 0.0 ], [ 106.768662544000051, -6.254610899999932, 0.0 ], [ 106.768648344000042, -6.254631834999941, 0.0 ], [ 106.768627145000039, -6.254675477999967, 0.0 ], [ 106.768612106000035, -6.25470643899996, 0.0 ], [ 106.768587456000034, -6.25478564499997, 0.0 ], [ 106.768572898000059, -6.25486734499998, 0.0 ], [ 106.768564725000033, -6.254949961999955, 0.0 ], [ 106.768558886000051, -6.25503278399998, 0.0 ], [ 106.768552162000049, -6.255115538999974, 0.0 ], [ 106.768549212000039, -6.255140522999966, 0.0 ], [ 106.768542426000067, -6.255197986999974, 0.0 ], [ 106.768521510000085, -6.255278003999933, 0.0 ], [ 106.76847409800007, -6.255345051999939, 0.0 ], [ 106.768398815000069, -6.255376948999981, 0.0 ], [ 106.76831653000005, -6.255371681999975, 0.0 ], [ 106.768238742000051, -6.255343651999965, 0.0 ], [ 106.768192242000055, -6.25531200699993, 0.0 ], [ 106.768149946000051, -6.255274919999977, 0.0 ], [ 106.768145809000089, -6.255269287999965, 0.0 ], [ 106.768104306000055, -6.255212761999928, 0.0 ], [ 106.768080002000033, -6.255139562999943, 0.0 ], [ 106.76807179900004, -6.255102861999944, 0.0 ], [ 106.768061827000054, -6.25505824499993, 0.0 ], [ 106.768034726000053, -6.254979453999965, 0.0 ], [ 106.767999038000085, -6.254904167999939, 0.0 ], [ 106.767955203000042, -6.254833320999978, 0.0 ], [ 106.767903767000064, -6.254767790999949, 0.0 ], [ 106.767894498000032, -6.254758784999979, 0.0 ], [ 106.767852231000063, -6.254717712999934, 0.0 ], [ 106.767793501000085, -6.254676320999977, 0.0 ], [ 106.767724763000047, -6.254624554999964, 0.0 ], [ 106.767668988000082, -6.254559013999938, 0.0 ], [ 106.767628868000088, -6.254482862999964, 0.0 ], [ 106.767606341000032, -6.254399780999961, 0.0 ], [ 106.767600263000077, -6.254310463999957, 0.0 ], [ 106.767602116000035, -6.254249836999975, 0.0 ], [ 106.767602318000058, -6.254243236999969, 0.0 ], [ 106.767602927000041, -6.254223329999945, 0.0 ], [ 106.767607717000033, -6.254192373999956, 0.0 ], [ 106.767616257000043, -6.254137180999976, 0.0 ], [ 106.767640049000079, -6.254053319999969, 0.0 ], [ 106.767673947000048, -6.253973013999939, 0.0 ], [ 106.767707213000051, -6.253895737999926, 0.0 ], [ 106.767739729000084, -6.253818141999943, 0.0 ], [ 106.767771493000055, -6.253740235999942, 0.0 ], [ 106.767802502000052, -6.253662024999926, 0.0 ], [ 106.767820877000077, -6.253614335999941, 0.0 ], [ 106.767835017000039, -6.253577462999942, 0.0 ], [ 106.767862240000056, -6.253504719999967, 0.0 ], [ 106.767887070000086, -6.253418409999938, 0.0 ], [ 106.767894549000061, -6.253328906999968, 0.0 ], [ 106.767889862000061, -6.253283717999977, 0.0 ], [ 106.767880528000035, -6.253239255999972, 0.0 ], [ 106.767852775000051, -6.253184852999937, 0.0 ], [ 106.767811718000075, -6.253139656999963, 0.0 ], [ 106.76776023900004, -6.253106834999926, 0.0 ], [ 106.76769250600006, -6.253079174999925, 0.0 ], [ 106.767621714000086, -6.253060709999943, 0.0 ], [ 106.767549106000047, -6.253051761999927, 0.0 ], [ 106.767475952000041, -6.25305248899997, 0.0 ], [ 106.767386546000068, -6.253043113999979, 0.0 ], [ 106.767297656000039, -6.253029701999935, 0.0 ], [ 106.767209462000039, -6.253012281999929, 0.0 ], [ 106.767122146000077, -6.252990886999953, 0.0 ], [ 106.767035887000077, -6.252965562999975, 0.0 ], [ 106.766950860000065, -6.252936360999968, 0.0 ], [ 106.766867241000057, -6.252903337999953, 0.0 ], [ 106.766796772000077, -6.252863358999946, 0.0 ], [ 106.766727567000032, -6.252821223999945, 0.0 ], [ 106.766659695000044, -6.252776971999936, 0.0 ], [ 106.766646369000057, -6.25276768599997, 0.0 ], [ 106.766593220000061, -6.252730647999954, 0.0 ], [ 106.766528203000064, -6.252682293999953, 0.0 ], [ 106.766464707000068, -6.252631955999959, 0.0 ], [ 106.766402794000044, -6.252579683999954, 0.0 ], [ 106.76634252000008, -6.252525524999953, 0.0 ], [ 106.766292682000085, -6.252450438999972, 0.0 ], [ 106.766264376000038, -6.252394174999949, 0.0 ], [ 106.766252179000048, -6.252369926999961, 0.0 ], [ 106.766221588000064, -6.252285145999963, 0.0 ], [ 106.766201350000074, -6.252197311999964, 0.0 ], [ 106.766191755000079, -6.252107686999977, 0.0 ], [ 106.766192940000053, -6.252017555999942, 0.0 ], [ 106.766208153000036, -6.251934636999977, 0.0 ], [ 106.766233734000082, -6.251854311999978, 0.0 ], [ 106.766269269000077, -6.25177787299998, 0.0 ], [ 106.76627177000006, -6.251773902999957, 0.0 ], [ 106.766314188000081, -6.251706549999938, 0.0 ], [ 106.766367767000077, -6.25164149099993, 0.0 ], [ 106.766429146000064, -6.251583740999934, 0.0 ], [ 106.766497335000054, -6.251534231999926, 0.0 ], [ 106.76657141700008, -6.251483780999934, 0.0 ], [ 106.76664554000007, -6.251433391999967, 0.0 ], [ 106.766719705000071, -6.251383061999945, 0.0 ], [ 106.766793911000036, -6.25133279399995, 0.0 ], [ 106.766856352000048, -6.25129057099997, 0.0 ], [ 106.766868156000044, -6.251282587999981, 0.0 ], [ 106.766942444000051, -6.251232439999967, 0.0 ], [ 106.76701677300008, -6.251182354999969, 0.0 ], [ 106.767091142000083, -6.251132329999962, 0.0 ], [ 106.767158725000058, -6.251073693999956, 0.0 ], [ 106.767219638000086, -6.251008147999926, 0.0 ], [ 106.767273180000075, -6.250936446999958, 0.0 ], [ 106.767318733000081, -6.250859414999979, 0.0 ], [ 106.767355773000077, -6.250777941999957, 0.0 ], [ 106.767368559000033, -6.250739274999944, 0.0 ], [ 106.767383873000085, -6.250692964999928, 0.0 ], [ 106.767409509000061, -6.250614208999934, 0.0 ], [ 106.767431184000088, -6.250534270999935, 0.0 ], [ 106.767448846000036, -6.25045334999993, 0.0 ], [ 106.767462450000039, -6.250371646999952, 0.0 ], [ 106.767471962000059, -6.250289367999926, 0.0 ], [ 106.767477360000044, -6.25020671599998, 0.0 ], [ 106.767478629000038, -6.25012389699998, 0.0 ], [ 106.767477577000079, -6.250061749999929, 0.0 ], [ 106.767470468000056, -6.250000002999968, 0.0 ], [ 106.767443892000074, -6.24994542099995, 0.0 ], [ 106.767407339000044, -6.249896957999965, 0.0 ], [ 106.767345385000056, -6.249846282999954, 0.0 ], [ 106.767283461000034, -6.249795571999925, 0.0 ], [ 106.767221568000082, -6.249744821999968, 0.0 ], [ 106.76715970500004, -6.249694034999948, 0.0 ], [ 106.767097874000058, -6.249643210999977, 0.0 ], [ 106.767036073000043, -6.249592348999954, 0.0 ], [ 106.76697706200008, -6.24953968799997, 0.0 ], [ 106.766922409000074, -6.249482508999961, 0.0 ], [ 106.766906520000077, -6.249462996999966, 0.0 ], [ 106.766872459000069, -6.249421173999963, 0.0 ], [ 106.766827527000032, -6.24935606899993, 0.0 ], [ 106.76678789500005, -6.249287602999971, 0.0 ], [ 106.766753814000083, -6.249216209999929, 0.0 ], [ 106.766723869000089, -6.24914240499993, 0.0 ], [ 106.766723010000078, -6.249140017999935, 0.0 ], [ 106.766715213000055, -6.249118314999976, 0.0 ], [ 106.766707415000042, -6.24909661199996, 0.0 ], [ 106.766696936000073, -6.24906744599997, 0.0 ], [ 106.766673062000052, -6.248991457999978, 0.0 ], [ 106.766652285000077, -6.248914563999961, 0.0 ], [ 106.766634639000074, -6.24883688999995, 0.0 ], [ 106.766620154000066, -6.248758563999957, 0.0 ], [ 106.766610411000045, -6.248682289999977, 0.0 ], [ 106.766609751000033, -6.248670480999976, 0.0 ], [ 106.766606115000059, -6.248605515999941, 0.0 ], [ 106.766607155000088, -6.248537279999937, 0.0 ], [ 106.766607287000056, -6.248528628999964, 0.0 ], [ 106.766617557000075, -6.24844190999994, 0.0 ], [ 106.766639333000057, -6.248357346999967, 0.0 ], [ 106.766672221000078, -6.248276458999953, 0.0 ], [ 106.76669595900006, -6.248235033999947, 0.0 ], [ 106.766715632000057, -6.248200703999942, 0.0 ], [ 106.766718921000063, -6.248196418999953, 0.0 ], [ 106.766768784000078, -6.248131444999956, 0.0 ], [ 106.766824347000068, -6.248069142999952, 0.0 ], [ 106.766880732000061, -6.248007583999936, 0.0 ], [ 106.766937927000072, -6.247946777999971, 0.0 ], [ 106.766995923000081, -6.247886736999931, 0.0 ], [ 106.767059230000086, -6.247824570999967, 0.0 ], [ 106.76712494700007, -6.247764960999973, 0.0 ], [ 106.767192969000064, -6.247708, 0.0 ], [ 106.767263190000051, -6.247653776999925, 0.0 ], [ 106.767335500000058, -6.247602376999964, 0.0 ], [ 106.767409788000066, -6.247553880999931, 0.0 ], [ 106.767484019000051, -6.247507622999933, 0.0 ], [ 106.767558369000085, -6.247461556999951, 0.0 ], [ 106.767632837000065, -6.247415683999975, 0.0 ], [ 106.767707424000037, -6.247370002999958, 0.0 ], [ 106.767782128000079, -6.247324512999967, 0.0 ], [ 106.767853860000059, -6.247278859999938, 0.0 ], [ 106.767923602000053, -6.247230214999945, 0.0 ], [ 106.767991228000085, -6.247178665999968, 0.0 ], [ 106.76805661700007, -6.247124303999954, 0.0 ], [ 106.768119655000078, -6.247067227999935, 0.0 ], [ 106.768180227000073, -6.247007537999934, 0.0 ], [ 106.768234027000062, -6.246950796999954, 0.0 ], [ 106.768286355000043, -6.246892693999939, 0.0 ], [ 106.768337178000081, -6.246833265999953, 0.0 ], [ 106.76838646200008, -6.246772555999939, 0.0 ], [ 106.768424707000065, -6.246722892999969, 0.0 ], [ 106.768434174000049, -6.246710599999972, 0.0 ], [ 106.768484511000054, -6.246642766999969, 0.0 ], [ 106.768534167000041, -6.246574431999932, 0.0 ], [ 106.768583136000075, -6.246505603999935, 0.0 ], [ 106.768631413000037, -6.246436285999948, 0.0 ], [ 106.768678994000084, -6.246366488999968, 0.0 ], [ 106.768725873000051, -6.246296217999941, 0.0 ], [ 106.768761914000038, -6.246236016999944, 0.0 ], [ 106.768792543000075, -6.246172885999954, 0.0 ], [ 106.768817524000042, -6.246107310999946, 0.0 ], [ 106.768836666000084, -6.24603979799997, 0.0 ], [ 106.768850700000087, -6.245969187999947, 0.0 ], [ 106.768859586000076, -6.245897745999969, 0.0 ], [ 106.768863279000072, -6.245825847999981, 0.0 ], [ 106.768862563000084, -6.245791921999967, 0.0 ], [ 106.768861758000071, -6.245753870999977, 0.0 ], [ 106.768852548000041, -6.245683724999935, 0.0 ], [ 106.768845610000085, -6.24565931799998, 0.0 ], [ 106.768833203000042, -6.245615676999932, 0.0 ], [ 106.768817978000072, -6.24558189399994, 0.0 ], [ 106.768804137000075, -6.245551183999964, 0.0 ], [ 106.768765973000086, -6.245491626999979, 0.0 ], [ 106.76874556000007, -6.245465314999933, 0.0 ], [ 106.768714540000076, -6.245425329999932, 0.0 ], [ 106.768660925000063, -6.245360786999981, 0.0 ], [ 106.768605189000084, -6.245298067999954, 0.0 ], [ 106.768547395000041, -6.245237244999942, 0.0 ], [ 106.768529952000051, -6.245218061999935, 0.0 ], [ 106.768495121000058, -6.24517975599997, 0.0 ], [ 106.768447437000077, -6.245118401999946, 0.0 ], [ 106.768399591000048, -6.24505071599998, 0.0 ], [ 106.768352654000068, -6.244982394999965, 0.0 ], [ 106.76830663700008, -6.244913450999945, 0.0 ], [ 106.76830310400004, -6.244908002999978, 0.0 ], [ 106.768261546000076, -6.244843895999963, 0.0 ], [ 106.768217391000064, -6.244773742999939, 0.0 ], [ 106.768188714000075, -6.244720450999978, 0.0 ], [ 106.768166779000069, -6.244664044999979, 0.0 ], [ 106.768150507000087, -6.244600382999977, 0.0 ], [ 106.768141875000083, -6.244535240999937, 0.0 ], [ 106.768141004000086, -6.24446953599994, 0.0 ], [ 106.768146939000076, -6.244380982999928, 0.0 ], [ 106.768148655000061, -6.244365273999961, 0.0 ], [ 106.768156574000045, -6.244292755999936, 0.0 ], [ 106.768160081000076, -6.244269643999928, 0.0 ], [ 106.76816989100007, -6.244205010999963, 0.0 ], [ 106.768182737000075, -6.244132991999948, 0.0 ], [ 106.768196298000078, -6.244061104999957, 0.0 ], [ 106.768210574000079, -6.243989355999929, 0.0 ], [ 106.768225562000055, -6.243917752999948, 0.0 ], [ 106.76824126200006, -6.243846302999941, 0.0 ], [ 106.768251576000068, -6.243777770999941, 0.0 ], [ 106.768251965000047, -6.243708466999976, 0.0 ], [ 106.768243734000066, -6.243639573999928, 0.0 ], [ 106.76823784700008, -6.243613751999931, 0.0 ], [ 106.768228309000051, -6.243571928999927, 0.0 ], [ 106.768205862000059, -6.243506281999942, 0.0 ], [ 106.768176640000036, -6.243443360999947, 0.0 ], [ 106.768137911000053, -6.243373428999973, 0.0 ], [ 106.768096642000046, -6.243304966999972, 0.0 ], [ 106.768068704000086, -6.243262245999972, 0.0 ], [ 106.768052891000082, -6.243238064999957, 0.0 ], [ 106.768006716000059, -6.243172816999959, 0.0 ], [ 106.767958179000061, -6.243109306999941, 0.0 ], [ 106.767907345000083, -6.243047621999949, 0.0 ], [ 106.767851001000054, -6.242982476999941, 0.0 ], [ 106.767793949000065, -6.242917948999946, 0.0 ], [ 106.767736199000069, -6.242854048999959, 0.0 ], [ 106.767677753000044, -6.242790783999965, 0.0 ], [ 106.767618622000043, -6.242728160999945, 0.0 ], [ 106.767558810000082, -6.242666186999941, 0.0 ], [ 106.767498325000076, -6.242604870999969, 0.0 ], [ 106.767434330000071, -6.242547876999936, 0.0 ], [ 106.767364056000076, -6.242498845999933, 0.0 ], [ 106.767288487000087, -6.242458463999981, 0.0 ], [ 106.767216663000056, -6.242426743999943, 0.0 ], [ 106.767143882000084, -6.242397292999954, 0.0 ], [ 106.767070213000068, -6.242370139999935, 0.0 ], [ 106.766995731000065, -6.242345309999962, 0.0 ], [ 106.766920507000066, -6.242322828999932, 0.0 ], [ 106.766835281000056, -6.242297749999977, 0.0 ], [ 106.766750653000088, -6.242270719999965, 0.0 ], [ 106.766666666000049, -6.242241756999931, 0.0 ], [ 106.766586976000042, -6.242212657999971, 0.0 ], [ 106.766507674000081, -6.242182518999925, 0.0 ], [ 106.76642877200004, -6.242151344999968, 0.0 ], [ 106.766350284000055, -6.242119140999932, 0.0 ], [ 106.766272224000033, -6.242085911999936, 0.0 ], [ 106.766194604000077, -6.242051664999963, 0.0 ], [ 106.766117440000073, -6.242016403999969, 0.0 ], [ 106.766037364000056, -6.241975663999938, 0.0 ], [ 106.766031110000085, -6.241971902999978, 0.0 ], [ 106.765960374000088, -6.241929349999964, 0.0 ], [ 106.765902981000067, -6.241889021999953, 0.0 ], [ 106.765902678000089, -6.241888809999978, 0.0 ], [ 106.765886857000055, -6.241877691999946, 0.0 ], [ 106.765817183000081, -6.241820951999955, 0.0 ], [ 106.765764582000088, -6.241772295999965, 0.0 ], [ 106.765764571000034, -6.241767377999963, 0.0 ], [ 106.765762324000036, -6.241769965999936, 0.0 ], [ 106.765714734000085, -6.24172081699993, 0.0 ], [ 106.765667796000059, -6.241666668999926, 0.0 ], [ 106.765642722000052, -6.241635444999929, 0.0 ], [ 106.76563940300008, -6.241631311999981, 0.0 ], [ 106.765611729000057, -6.241595387999951, 0.0 ], [ 106.765576151000062, -6.241536984999925, 0.0 ], [ 106.765559480000036, -6.241491164999957, 0.0 ], [ 106.765552766000042, -6.241472711999961, 0.0 ], [ 106.765542493000055, -6.241405089999944, 0.0 ], [ 106.765545733000067, -6.24133676699995, 0.0 ], [ 106.765559332000066, -6.241255886999966, 0.0 ], [ 106.765576170000088, -6.241175620999968, 0.0 ], [ 106.765596221000067, -6.241096096999968, 0.0 ], [ 106.765619450000088, -6.241017443999965, 0.0 ], [ 106.765645822000067, -6.240939788999981, 0.0 ], [ 106.76567618100006, -6.240874222999935, 0.0 ], [ 106.765717330000086, -6.240814841999963, 0.0 ], [ 106.765768049000087, -6.240763404999939, 0.0 ], [ 106.765802442000052, -6.240726988999938, 0.0 ], [ 106.76582826200007, -6.240684059999978, 0.0 ], [ 106.765853176000064, -6.240612530999954, 0.0 ], [ 106.765853227000036, -6.240612382999927, 0.0 ], [ 106.765863659000047, -6.24053719799997, 0.0 ], [ 106.765859152000075, -6.240461426999957, 0.0 ], [ 106.765848771000037, -6.240390538999975, 0.0 ], [ 106.765840185000059, -6.240319410999973, 0.0 ], [ 106.765833402000055, -6.240248088999977, 0.0 ], [ 106.765828423000073, -6.240176616999975, 0.0 ], [ 106.765824816000077, -6.240102800999978, 0.0 ], [ 106.765822397000079, -6.240028936999977, 0.0 ], [ 106.765821427000049, -6.239970608999954, 0.0 ], [ 106.765821168000059, -6.239955043999942, 0.0 ], [ 106.765840438000055, -6.239873974999966, 0.0 ], [ 106.76586801600007, -6.239836280999953, 0.0 ], [ 106.765890521000074, -6.239805518999958, 0.0 ], [ 106.765959227000053, -6.239755808999973, 0.0 ], [ 106.766039884000065, -6.239729668999928, 0.0 ], [ 106.766124667000042, -6.239729635999936, 0.0 ], [ 106.766183368000043, -6.239754576999928, 0.0 ], [ 106.766222411000058, -6.239784758999974, 0.0 ], [ 106.766260799000065, -6.239815768999961, 0.0 ], [ 106.76631808500008, -6.23986946499997, 0.0 ], [ 106.766368181000075, -6.239929931999939, 0.0 ], [ 106.766432547000079, -6.239977556999975, 0.0 ], [ 106.766512567000063, -6.239979725999945, 0.0 ], [ 106.766526129000056, -6.239973426999939, 0.0 ], [ 106.76656956000005, -6.239953255999978, 0.0 ], [ 106.766615613000056, -6.239910479999935, 0.0 ], [ 106.766649791000077, -6.23985223699998, 0.0 ], [ 106.766667228000074, -6.239786987999935, 0.0 ], [ 106.766666665000059, -6.23971944699997, 0.0 ], [ 106.766639922000081, -6.239640849999944, 0.0 ], [ 106.766586583000048, -6.239577248999979, 0.0 ], [ 106.766526742000053, -6.23953318599996, 0.0 ], [ 106.766462563000061, -6.239495729999931, 0.0 ], [ 106.766391504000069, -6.239457044999938, 0.0 ], [ 106.766333089000057, -6.239421589999949, 0.0 ], [ 106.766322339000055, -6.239415064999946, 0.0 ], [ 106.766267481000057, -6.23937813699996, 0.0 ], [ 106.766255219000072, -6.239369882999938, 0.0 ], [ 106.766190292000033, -6.239321599999926, 0.0 ], [ 106.766134516000079, -6.239274548999958, 0.0 ], [ 106.766082451000045, -6.239223415999959, 0.0 ], [ 106.766034396000066, -6.239168492999966, 0.0 ], [ 106.765984902000071, -6.239103284999942, 0.0 ], [ 106.765969746000053, -6.239080440999942, 0.0 ], [ 106.765939642000035, -6.239035064999939, 0.0 ], [ 106.76589879900007, -6.238964108999937, 0.0 ], [ 106.765871879000088, -6.238881533999972, 0.0 ], [ 106.765874971000073, -6.238794730999928, 0.0 ], [ 106.76589630400008, -6.238741570999935, 0.0 ], [ 106.765934197000036, -6.238698630999977, 0.0 ], [ 106.765979154000036, -6.238656816999935, 0.0 ], [ 106.766017635000082, -6.238608966999948, 0.0 ], [ 106.766055375000064, -6.238548160999926, 0.0 ], [ 106.766086898000083, -6.238483911999936, 0.0 ], [ 106.766111897000087, -6.238416846999939, 0.0 ], [ 106.766109765000067, -6.238335849999942, 0.0 ], [ 106.766077903000053, -6.238267987999961, 0.0 ], [ 106.766034052000066, -6.238216766999926, 0.0 ], [ 106.765974348000043, -6.238185466999937, 0.0 ], [ 106.765902427000071, -6.23817143499997, 0.0 ], [ 106.765829155000063, -6.238171988999966, 0.0 ], [ 106.765766788000064, -6.23818298499998, 0.0 ], [ 106.765706439000041, -6.238202193999939, 0.0 ], [ 106.765653734000068, -6.238239315999976, 0.0 ], [ 106.765623946000062, -6.23829651099993, 0.0 ], [ 106.76561227600007, -6.238350712999932, 0.0 ], [ 106.765603841000086, -6.238405514999954, 0.0 ], [ 106.76559532400006, -6.238475950999941, 0.0 ], [ 106.765587186000062, -6.238546430999975, 0.0 ], [ 106.76557942800008, -6.238616953999951, 0.0 ], [ 106.76556277800006, -6.238695861999929, 0.0 ], [ 106.765530626000043, -6.238769814999955, 0.0 ], [ 106.765483073000041, -6.238835299999948, 0.0 ], [ 106.765421654000079, -6.238887976999933, 0.0 ], [ 106.765349710000066, -6.238924980999968, 0.0 ], [ 106.765282813000056, -6.238946867999971, 0.0 ], [ 106.765214321000087, -6.238963075999948, 0.0 ], [ 106.765144714000087, -6.238973493999936, 0.0 ], [ 106.765074479000077, -6.238978044999953, 0.0 ], [ 106.76499564900007, -6.238977293999938, 0.0 ], [ 106.764917031000039, -6.23897145899997, 0.0 ], [ 106.764838953000037, -6.238960559999953, 0.0 ], [ 106.764761741000086, -6.238944642999968, 0.0 ], [ 106.764699611000083, -6.23891961399994, 0.0 ], [ 106.764647421000063, -6.238877607999939, 0.0 ], [ 106.764644751000048, -6.238873690999981, 0.0 ], [ 106.764609669000038, -6.238822248999952, 0.0 ], [ 106.764582736000079, -6.238754830999937, 0.0 ], [ 106.764577015000043, -6.238731219999977, 0.0 ], [ 106.764570630000037, -6.238704870999925, 0.0 ], [ 106.764565638000079, -6.238684269999965, 0.0 ], [ 106.764565318000052, -6.238680923999937, 0.0 ], [ 106.764562955000088, -6.238656222999964, 0.0 ], [ 106.76455872300005, -6.238611993999939, 0.0 ], [ 106.764557540000055, -6.238568713999939, 0.0 ], [ 106.764557534000062, -6.23856849799995, 0.0 ], [ 106.764556345000074, -6.23852500199996, 0.0 ], [ 106.764555297000072, -6.238493763999941, 0.0 ], [ 106.764553429000046, -6.238438027999962, 0.0 ], [ 106.764549975000079, -6.238351072999933, 0.0 ], [ 106.764546534000033, -6.238276173999964, 0.0 ], [ 106.764545982000072, -6.238264140999945, 0.0 ], [ 106.764545375000068, -6.238252531999933, 0.0 ], [ 106.764541450000081, -6.238177234999966, 0.0 ], [ 106.764532514000052, -6.238087329999928, 0.0 ], [ 106.764515732000064, -6.237998552999954, 0.0 ], [ 106.764505759000087, -6.237951749999979, 0.0 ], [ 106.764497739000035, -6.23790457299998, 0.0 ], [ 106.764493869000034, -6.23787798799998, 0.0 ], [ 106.764485359000048, -6.237815056999978, 0.0 ], [ 106.764479115000086, -6.237763779999966, 0.0 ], [ 106.764478727000039, -6.237760589999937, 0.0 ], [ 106.764478377000046, -6.237757403999979, 0.0 ], [ 106.764473045000045, -6.237708772999952, 0.0 ], [ 106.764472888000057, -6.237707265999973, 0.0 ], [ 106.764469872000063, -6.237643496999965, 0.0 ], [ 106.764470700000061, -6.237631084999975, 0.0 ], [ 106.764474312000061, -6.237576909999973, 0.0 ], [ 106.764495477000082, -6.237497133999966, 0.0 ], [ 106.764537077000057, -6.237425862999942, 0.0 ], [ 106.764575327000045, -6.237376593999954, 0.0 ], [ 106.764613309000083, -6.237327117999939, 0.0 ], [ 106.764628146000064, -6.237307575999978, 0.0 ], [ 106.764651023000056, -6.237277438999968, 0.0 ], [ 106.764691519000053, -6.237224399999945, 0.0 ], [ 106.764705152000033, -6.237206945999958, 0.0 ], [ 106.764732594000066, -6.237171807999971, 0.0 ], [ 106.764774243000033, -6.237119672999938, 0.0 ], [ 106.764802899000074, -6.237075911999966, 0.0 ], [ 106.764808980000055, -6.237060696999947, 0.0 ], [ 106.764812609000046, -6.237051622999957, 0.0 ], [ 106.764822317000039, -6.237027333999947, 0.0 ], [ 106.764844946000039, -6.236971646999962, 0.0 ], [ 106.764878721000059, -6.236921932999962, 0.0 ], [ 106.764923213000088, -6.236869338999952, 0.0 ], [ 106.764967698000078, -6.236816738999948, 0.0 ], [ 106.765012175000038, -6.236764131999962, 0.0 ], [ 106.765019021000057, -6.236758903999942, 0.0 ], [ 106.765053963000071, -6.236732223999979, 0.0 ], [ 106.765075551000052, -6.236715739999966, 0.0 ], [ 106.765153382000051, -6.236698482999941, 0.0 ], [ 106.765211258000079, -6.236700682999981, 0.0 ], [ 106.765268785000046, -6.236707406999926, 0.0 ], [ 106.765356113000053, -6.236722253999972, 0.0 ], [ 106.765443029000039, -6.236739346999968, 0.0 ], [ 106.76552947600004, -6.23675867399993, 0.0 ], [ 106.765545004000046, -6.236761532999935, 0.0 ], [ 106.765590964000069, -6.236769992999939, 0.0 ], [ 106.765653280000038, -6.236775018999936, 0.0 ], [ 106.765720135000038, -6.236771214999976, 0.0 ], [ 106.765785338000057, -6.236755954999978, 0.0 ], [ 106.765833796000038, -6.236741478999932, 0.0 ], [ 106.765882944000055, -6.236729556999933, 0.0 ], [ 106.765964733000033, -6.236714795999944, 0.0 ], [ 106.766047323000066, -6.236705504999975, 0.0 ], [ 106.766130346000068, -6.236701724999932, 0.0 ], [ 106.766219843000044, -6.236700092999968, 0.0 ], [ 106.766273527000067, -6.236698462999925, 0.0 ], [ 106.766283225000052, -6.236698168999965, 0.0 ], [ 106.766309311000043, -6.236697377999974, 0.0 ], [ 106.766398742000035, -6.23669358199993, 0.0 ], [ 106.766488120000076, -6.236688705999939, 0.0 ], [ 106.766577432000076, -6.236682749999943, 0.0 ], [ 106.766666666000049, -6.236675714999933, 0.0 ], [ 106.766755604000082, -6.23666359799995, 0.0 ], [ 106.766842859000064, -6.236642540999981, 0.0 ], [ 106.766910082000038, -6.236616349999963, 0.0 ], [ 106.766971982000086, -6.236579282999969, 0.0 ], [ 106.767026821000059, -6.23653238199995, 0.0 ], [ 106.767030424000041, -6.236528060999945, 0.0 ], [ 106.767073050000079, -6.23647696699993, 0.0 ], [ 106.767117949000067, -6.23640093399996, 0.0 ], [ 106.767150504000085, -6.236318847999939, 0.0 ], [ 106.767151548000072, -6.236314214999936, 0.0 ], [ 106.767169928000044, -6.236232697999981, 0.0 ], [ 106.76717173600008, -6.236218736999945, 0.0 ], [ 106.767175602000066, -6.236188904999949, 0.0 ], [ 106.767181273000062, -6.236145111999974, 0.0 ], [ 106.767188778000047, -6.236069316999931, 0.0 ], [ 106.767189976000054, -6.236057223999978, 0.0 ], [ 106.767196028000058, -6.235969113999943, 0.0 ], [ 106.767199835000042, -6.235890952999966, 0.0 ], [ 106.767200419000062, -6.235875975999932, 0.0 ], [ 106.767202417000078, -6.235824731999969, 0.0 ], [ 106.767202884000085, -6.235812761999966, 0.0 ], [ 106.767205173000036, -6.235734544999957, 0.0 ], [ 106.767206702000067, -6.235656306999942, 0.0 ], [ 106.767207472000052, -6.235578059999966, 0.0 ], [ 106.767207472000052, -6.235574737999968, 0.0 ], [ 106.76720748200006, -6.235499807999929, 0.0 ], [ 106.767205166000053, -6.235410256999955, 0.0 ], [ 106.767199070000061, -6.235320883999975, 0.0 ], [ 106.767189204000033, -6.235231847999955, 0.0 ], [ 106.767175584000086, -6.235143309999955, 0.0 ], [ 106.767157498000074, -6.235055401999944, 0.0 ], [ 106.767134318000046, -6.234968698999978, 0.0 ], [ 106.767106127000034, -6.234883495999952, 0.0 ], [ 106.767090672000052, -6.234844559999942, 0.0 ], [ 106.767073018000076, -6.234800084999961, 0.0 ], [ 106.767042526000068, -6.234732429999951, 0.0 ], [ 106.767009829000074, -6.234665815999961, 0.0 ], [ 106.766974959000038, -6.234600313999977, 0.0 ], [ 106.766972215000067, -6.234595543999944, 0.0 ], [ 106.766937957000039, -6.234535991999962, 0.0 ], [ 106.766913966000061, -6.234497288999933, 0.0 ], [ 106.766898862000062, -6.234472924999977, 0.0 ], [ 106.766855458000066, -6.234407760999943, 0.0 ], [ 106.766809959000057, -6.234344044999943, 0.0 ], [ 106.766762411000059, -6.234281844999941, 0.0 ], [ 106.766712866000034, -6.234221224999942, 0.0 ], [ 106.766688087000034, -6.234192464999978, 0.0 ], [ 106.766658351000046, -6.234157950999929, 0.0 ], [ 106.766626294000048, -6.234122170999967, 0.0 ], [ 106.766602621000061, -6.234095747999959, 0.0 ], [ 106.766545695000048, -6.234034636999979, 0.0 ], [ 106.766498910000053, -6.233986155999958, 0.0 ], [ 106.766495408000083, -6.233982525999977, 0.0 ], [ 106.766444300000046, -6.233931216999963, 0.0 ], [ 106.766392386000064, -6.233880728999964, 0.0 ], [ 106.766339679000055, -6.233831068999962, 0.0 ], [ 106.766286192000052, -6.233782251999969, 0.0 ], [ 106.766285536000055, -6.233781776999933, 0.0 ], [ 106.766231163000043, -6.233742398999937, 0.0 ], [ 106.76616510000008, -6.233723441999928, 0.0 ], [ 106.766151410000077, -6.233719512999926, 0.0 ], [ 106.766151219000051, -6.233719554999936, 0.0 ], [ 106.766120312000055, -6.233725987999946, 0.0 ], [ 106.766093117000082, -6.233731647999946, 0.0 ], [ 106.766070180000042, -6.233736420999946, 0.0 ], [ 106.766060108000033, -6.233743343999947, 0.0 ], [ 106.766019110000059, -6.233771523999962, 0.0 ], [ 106.765981140000065, -6.23382051699997, 0.0 ], [ 106.765942416000087, -6.233891697999979, 0.0 ], [ 106.765904620000072, -6.233963375999963, 0.0 ], [ 106.76586775800007, -6.234035539999979, 0.0 ], [ 106.765831835000085, -6.23410817599995, 0.0 ], [ 106.765796858000044, -6.23418127399998, 0.0 ], [ 106.765762832000064, -6.234254819999933, 0.0 ], [ 106.765729764000071, -6.234328800999947, 0.0 ], [ 106.765701787000069, -6.234391688999949, 0.0 ], [ 106.765673215000049, -6.234454306999965, 0.0 ], [ 106.765644050000049, -6.234516652999957, 0.0 ], [ 106.76561429800006, -6.234578718999956, 0.0 ], [ 106.765566655000043, -6.234653373999947, 0.0 ], [ 106.765503101000036, -6.234715029999961, 0.0 ], [ 106.765429362000077, -6.234767156999965, 0.0 ], [ 106.765351827000075, -6.234813441999961, 0.0 ], [ 106.765270956000052, -6.23485360899997, 0.0 ], [ 106.765201901000069, -6.234883234999927, 0.0 ], [ 106.76513187200004, -6.234910480999929, 0.0 ], [ 106.765105780000056, -6.234919617999935, 0.0 ], [ 106.765083994000065, -6.234929081999951, 0.0 ], [ 106.765004218000058, -6.234956051999973, 0.0 ], [ 106.764998107000054, -6.234957563999956, 0.0 ], [ 106.764986364000038, -6.234961719999944, 0.0 ], [ 106.76491291800005, -6.234991154999932, 0.0 ], [ 106.764840738000032, -6.235023575999946, 0.0 ], [ 106.764832649000084, -6.235025227999927, 0.0 ], [ 106.764774436000039, -6.235037127999931, 0.0 ], [ 106.764709404000087, -6.235018398999955, 0.0 ], [ 106.76466044700004, -6.234971650999967, 0.0 ], [ 106.764659236000057, -6.234969197999931, 0.0 ], [ 106.764630258000068, -6.23491058999997, 0.0 ], [ 106.76462871800004, -6.234907475999933, 0.0 ], [ 106.764628673000061, -6.234907292999935, 0.0 ], [ 106.764611540000033, -6.234837970999934, 0.0 ], [ 106.764599969000074, -6.234765535999941, 0.0 ], [ 106.764584857000045, -6.234693756999945, 0.0 ], [ 106.764566238000043, -6.234622807999926, 0.0 ], [ 106.764557529000058, -6.234592773999964, 0.0 ], [ 106.764544099000034, -6.234546465999927, 0.0 ], [ 106.764532948000067, -6.234508318999929, 0.0 ], [ 106.764521798000033, -6.234470171999931, 0.0 ], [ 106.764499331000081, -6.234393925999939, 0.0 ], [ 106.764490612000088, -6.234364564999964, 0.0 ], [ 106.764476703000071, -6.234317727999951, 0.0 ], [ 106.764460259000089, -6.234262780999927, 0.0 ], [ 106.764430823000055, -6.234165177999955, 0.0 ], [ 106.76442810900005, -6.234156179999957, 0.0 ], [ 106.764427872000056, -6.234155404999967, 0.0 ], [ 106.764406932000043, -6.234087141999964, 0.0 ], [ 106.764382329000057, -6.234008983999956, 0.0 ], [ 106.76437521400004, -6.233986939999966, 0.0 ], [ 106.764367094000079, -6.233961788999977, 0.0 ], [ 106.764357159000042, -6.233931007999956, 0.0 ], [ 106.764339839000058, -6.233878661999938, 0.0 ], [ 106.764331420000076, -6.233853218999968, 0.0 ], [ 106.76430511600006, -6.233775617999981, 0.0 ], [ 106.764278244000081, -6.233698213999958, 0.0 ], [ 106.764271611000083, -6.233679546999952, 0.0 ], [ 106.764254401000073, -6.233631109999976, 0.0 ], [ 106.764250809000089, -6.233621005999964, 0.0 ], [ 106.764226202000089, -6.233549897999978, 0.0 ], [ 106.764203295000073, -6.233478222999963, 0.0 ], [ 106.764186462000055, -6.233420887999955, 0.0 ], [ 106.764186166000059, -6.233419880999975, 0.0 ], [ 106.764185544000043, -6.233417760999941, 0.0 ], [ 106.764182098000049, -6.23340602299993, 0.0 ], [ 106.764162629000054, -6.233333337999966, 0.0 ], [ 106.764149889000066, -6.233269739999969, 0.0 ], [ 106.764143834000038, -6.233205159999955, 0.0 ], [ 106.76414402000006, -6.233187788999942, 0.0 ], [ 106.764144529000077, -6.233140300999935, 0.0 ], [ 106.764157525000087, -6.233062468999947, 0.0 ], [ 106.76418611400004, -6.232988925999962, 0.0 ], [ 106.764229091000061, -6.232922764999955, 0.0 ], [ 106.764270005000071, -6.232877802999951, 0.0 ], [ 106.76430853100004, -6.232844453999974, 0.0 ], [ 106.764315964000048, -6.232838019999974, 0.0 ], [ 106.764366320000079, -6.232803979999971, 0.0 ], [ 106.764408090000074, -6.232778217999964, 0.0 ], [ 106.764409357000034, -6.232777436999925, 0.0 ], [ 106.764451426000051, -6.232749381999952, 0.0 ], [ 106.764504942000087, -6.232703099999981, 0.0 ], [ 106.764547401000073, -6.232646490999969, 0.0 ], [ 106.764576863000059, -6.232582141999956, 0.0 ], [ 106.764599721000081, -6.232514427999945, 0.0 ], [ 106.764623021000034, -6.23244686399994, 0.0 ], [ 106.764646761000051, -6.232379453999954, 0.0 ], [ 106.764650500000073, -6.232369053999946, 0.0 ], [ 106.764670941000077, -6.232312199999967, 0.0 ], [ 106.764703048000058, -6.232245149999926, 0.0 ], [ 106.764707089000069, -6.232236711999974, 0.0 ], [ 106.76472771300007, -6.232209178999938, 0.0 ], [ 106.764757264000082, -6.232169735999946, 0.0 ], [ 106.764806476000047, -6.232125567999958, 0.0 ], [ 106.764819535000072, -6.232113846999937, 0.0 ], [ 106.764880390000087, -6.232074221999937, 0.0 ], [ 106.764945287000046, -6.232041653999943, 0.0 ], [ 106.765015231000064, -6.232010978999938, 0.0 ], [ 106.765084910000041, -6.231979707999926, 0.0 ], [ 106.765107973000056, -6.231969120999963, 0.0 ], [ 106.765154320000079, -6.231947846999958, 0.0 ], [ 106.765167578000046, -6.231939085999954, 0.0 ], [ 106.765208004000044, -6.231912373999933, 0.0 ], [ 106.765240726000059, -6.231870667999942, 0.0 ], [ 106.76525898400007, -6.231841264999957, 0.0 ], [ 106.765275945000042, -6.231800016999955, 0.0 ], [ 106.765275970000062, -6.231799896999973, 0.0 ], [ 106.76529006800007, -6.231734034999931, 0.0 ], [ 106.765300194000076, -6.231667323999943, 0.0 ], [ 106.76530628900008, -6.231600120999929, 0.0 ], [ 106.765318842000056, -6.231516776999968, 0.0 ], [ 106.765319153000064, -6.231514699999934, 0.0 ], [ 106.765346960000045, -6.231432918999928, 0.0 ], [ 106.765388828000084, -6.23135737399997, 0.0 ], [ 106.765437020000036, -6.231295065999973, 0.0 ], [ 106.765481126000054, -6.231250885999941, 0.0 ], [ 106.765482241000086, -6.23124976899993, 0.0 ], [ 106.765484333000074, -6.231247673999974, 0.0 ], [ 106.765492667000046, -6.231239325999979, 0.0 ], [ 106.765553074000081, -6.23119244399993, 0.0 ], [ 106.765554885000086, -6.231191038999953, 0.0 ], [ 106.765585571000088, -6.231172904999937, 0.0 ], [ 106.765622682000071, -6.231150974999935, 0.0 ], [ 106.765698059000044, -6.231110601999944, 0.0 ], [ 106.765741861000038, -6.231084691999968, 0.0 ], [ 106.765771657000073, -6.231067066999969, 0.0 ], [ 106.765802679000046, -6.231042737999928, 0.0 ], [ 106.765827596000065, -6.231023195999967, 0.0 ], [ 106.765872650000063, -6.230968186999974, 0.0 ], [ 106.765904654000053, -6.230904684999928, 0.0 ], [ 106.765922078000074, -6.230835732999935, 0.0 ], [ 106.765925766000066, -6.230799885999943, 0.0 ], [ 106.765930143000048, -6.230757340999958, 0.0 ], [ 106.765930454000056, -6.23074761099997, 0.0 ], [ 106.765932661000079, -6.230678574999956, 0.0 ], [ 106.765929764000077, -6.230603676999976, 0.0 ], [ 106.765928793000057, -6.230596502999958, 0.0 ], [ 106.765927217000069, -6.230577945999926, 0.0 ], [ 106.765921027000047, -6.230521493999959, 0.0 ], [ 106.765916969000045, -6.230498101999956, 0.0 ], [ 106.765908164000052, -6.230447347999927, 0.0 ], [ 106.76590737500004, -6.230443921999949, 0.0 ], [ 106.765891284000077, -6.230374014999938, 0.0 ], [ 106.765870434000078, -6.230301708999946, 0.0 ], [ 106.765845677000073, -6.230230649999953, 0.0 ], [ 106.765826263000065, -6.23018338299994, 0.0 ], [ 106.765817087000073, -6.230161045999978, 0.0 ], [ 106.765800915000057, -6.230126067999947, 0.0 ], [ 106.765788911000072, -6.230100100999948, 0.0 ], [ 106.765779477000081, -6.230079695999962, 0.0 ], [ 106.765739275000044, -6.22999959699996, 0.0 ], [ 106.765696523000088, -6.229920829999969, 0.0 ], [ 106.765651264000041, -6.229843480999932, 0.0 ], [ 106.765641670000036, -6.229830385999946, 0.0 ], [ 106.765610084000059, -6.229787274999978, 0.0 ], [ 106.76555981100006, -6.229739040999959, 0.0 ], [ 106.765555645000063, -6.229735500999936, 0.0 ], [ 106.765492450000067, -6.229681819999939, 0.0 ], [ 106.765462366000065, -6.229653410999958, 0.0 ], [ 106.765428188000044, -6.229621133999956, 0.0 ], [ 106.765367209000033, -6.229557148999959, 0.0 ], [ 106.765357247000054, -6.229545526999971, 0.0 ], [ 106.765326094000045, -6.229509187999952, 0.0 ], [ 106.765254947000074, -6.229487703999951, 0.0 ], [ 106.765217842000084, -6.229485912999962, 0.0 ], [ 106.765159116000063, -6.229483074999962, 0.0 ], [ 106.765137861000085, -6.229482047999966, 0.0 ], [ 106.765122480000059, -6.229481305999968, 0.0 ], [ 106.764945709000074, -6.229472766999947, 0.0 ], [ 106.764785497000048, -6.229517448999957, 0.0 ], [ 106.764765087000058, -6.229531917999964, 0.0 ], [ 106.764751982000064, -6.229541207999944, 0.0 ], [ 106.764684558000056, -6.229589003999934, 0.0 ], [ 106.764652783000088, -6.229611528999953, 0.0 ], [ 106.764523558000064, -6.229703134999966, 0.0 ], [ 106.764519480000047, -6.229706024999928, 0.0 ], [ 106.764496426000051, -6.229722368999944, 0.0 ], [ 106.764419945000043, -6.229791015999979, 0.0 ], [ 106.764392863000069, -6.229815321999979, 0.0 ], [ 106.764350875000048, -6.229853013999957, 0.0 ], [ 106.764313844000071, -6.229886250999925, 0.0 ], [ 106.764263458000073, -6.229933256999971, 0.0 ], [ 106.764235365000047, -6.229959466999958, 0.0 ], [ 106.764113656000063, -6.230073014999959, 0.0 ], [ 106.764090272000033, -6.230094829999928, 0.0 ], [ 106.764077003000068, -6.230106151999962, 0.0 ], [ 106.764019583000049, -6.230155148999927, 0.0 ], [ 106.763945601000046, -6.230218277999938, 0.0 ], [ 106.763941881000051, -6.230221449999931, 0.0 ], [ 106.763906797000061, -6.230251387999942, 0.0 ], [ 106.763796420000062, -6.230345571999976, 0.0 ], [ 106.763784727000086, -6.230355549999956, 0.0 ], [ 106.763751696000043, -6.230383981999978, 0.0 ], [ 106.763689360000058, -6.230437635999976, 0.0 ], [ 106.763653959000067, -6.230468106999979, 0.0 ], [ 106.763650584000061, -6.230471012999942, 0.0 ], [ 106.763576921000038, -6.230502566999974, 0.0 ], [ 106.763546255000051, -6.230515699999955, 0.0 ], [ 106.763402108000037, -6.230503150999937, 0.0 ], [ 106.763395882000054, -6.230502609999974, 0.0 ], [ 106.763374872000043, -6.230500778999954, 0.0 ], [ 106.763333898000042, -6.230433722999976, 0.0 ], [ 106.763330815000074, -6.230347128999938, 0.0 ], [ 106.763330185000086, -6.230329418999929, 0.0 ], [ 106.763328196000089, -6.23032544199998, 0.0 ], [ 106.763296659000048, -6.230262363999941, 0.0 ], [ 106.763287472000059, -6.230253657999981, 0.0 ], [ 106.763272703000041, -6.230239666999978, 0.0 ], [ 106.763272126000061, -6.230239118999975, 0.0 ], [ 106.763225877000082, -6.230195303999949, 0.0 ], [ 106.763155098000084, -6.23012079199998, 0.0 ], [ 106.763091771000063, -6.230027656999937, 0.0 ], [ 106.763088182000047, -6.229948523999951, 0.0 ], [ 106.763088055000082, -6.229945703999931, 0.0 ], [ 106.763112714000044, -6.22990985399997, 0.0 ], [ 106.763129046000074, -6.22988610799996, 0.0 ], [ 106.763233369000034, -6.229882395999937, 0.0 ], [ 106.763286215000051, -6.229877368999951, 0.0 ], [ 106.763311612000052, -6.229874954999957, 0.0 ], [ 106.76338985700005, -6.229833988999928, 0.0 ], [ 106.76339364100005, -6.229831254999965, 0.0 ], [ 106.763394573000085, -6.229830582999966, 0.0 ], [ 106.763408449000053, -6.229820566999933, 0.0 ], [ 106.763429399000074, -6.229805443999965, 0.0 ], [ 106.763444865000054, -6.22979427599995, 0.0 ], [ 106.76345692700005, -6.229785567999954, 0.0 ], [ 106.763553758000057, -6.229767428999935, 0.0 ], [ 106.763576154000077, -6.229763232999971, 0.0 ], [ 106.763598, -6.229767280999965, 0.0 ], [ 106.76367674800008, -6.229781871999933, 0.0 ], [ 106.763749694000069, -6.229784580999933, 0.0 ], [ 106.763833282000064, -6.229787686999941, 0.0 ], [ 106.763863481000044, -6.229788808999956, 0.0 ], [ 106.763877939000054, -6.229789345999961, 0.0 ], [ 106.763910103000057, -6.229766237999968, 0.0 ], [ 106.763945497000066, -6.229740810999942, 0.0 ], [ 106.763971944000048, -6.229721809999944, 0.0 ], [ 106.763997174000053, -6.229703682999968, 0.0 ], [ 106.764024529000039, -6.229629117999934, 0.0 ], [ 106.764025272000083, -6.229627093999966, 0.0 ], [ 106.764026151000053, -6.229624699999931, 0.0 ], [ 106.764038454000058, -6.229591164999931, 0.0 ], [ 106.764039245000049, -6.229589002999944, 0.0 ], [ 106.764047492000088, -6.229566531999978, 0.0 ], [ 106.764060568000048, -6.229530885999964, 0.0 ], [ 106.764065986000048, -6.229516117999935, 0.0 ], [ 106.764072051000085, -6.229499584999928, 0.0 ], [ 106.76407916800008, -6.229480185999932, 0.0 ], [ 106.764081304000058, -6.229461832999959, 0.0 ], [ 106.764086599000052, -6.229416360999949, 0.0 ], [ 106.764091359000076, -6.229375472999948, 0.0 ], [ 106.764095237000049, -6.22934216799996, 0.0 ], [ 106.76409704200006, -6.229326648999972, 0.0 ], [ 106.764097817000049, -6.229320009999981, 0.0 ], [ 106.764102478000041, -6.229293616999939, 0.0 ], [ 106.764103840000075, -6.229285900999969, 0.0 ], [ 106.764105318000077, -6.229277538999952, 0.0 ], [ 106.764105741000037, -6.229275144999974, 0.0 ], [ 106.764117578000082, -6.229208121999932, 0.0 ], [ 106.764119270000037, -6.229198544999974, 0.0 ], [ 106.764120186000071, -6.229193358999964, 0.0 ], [ 106.764126851000071, -6.22918157099997, 0.0 ], [ 106.764161978000061, -6.229119453999942, 0.0 ], [ 106.764168632000064, -6.229107686999953, 0.0 ], [ 106.764321389000088, -6.229103979999934, 0.0 ], [ 106.764336985000057, -6.229118868999933, 0.0 ], [ 106.764345567000078, -6.229127059999939, 0.0 ], [ 106.764401707000047, -6.229180653999947, 0.0 ], [ 106.764403346000051, -6.22918221599997, 0.0 ], [ 106.764426743000058, -6.229197516999932, 0.0 ], [ 106.764441304000059, -6.22920703799997, 0.0 ], [ 106.764500209000062, -6.229245554999977, 0.0 ], [ 106.764580285000079, -6.229240559999937, 0.0 ], [ 106.764582219000033, -6.229240441999934, 0.0 ], [ 106.764619435000043, -6.229238119999934, 0.0 ], [ 106.764627594000046, -6.229232967999963, 0.0 ], [ 106.764669881000088, -6.229206272999932, 0.0 ], [ 106.76468512100007, -6.229196651999928, 0.0 ], [ 106.764690230000042, -6.229193426999927, 0.0 ], [ 106.764735961000042, -6.22914263499996, 0.0 ], [ 106.764757301000088, -6.229118931999949, 0.0 ], [ 106.764782035000053, -6.229043217999958, 0.0 ], [ 106.764817243000039, -6.228935442999955, 0.0 ], [ 106.76481799000004, -6.228933149999932, 0.0 ], [ 106.764822347000063, -6.228924955999958, 0.0 ], [ 106.764853235000032, -6.228866840999956, 0.0 ], [ 106.764854201000048, -6.228865019999944, 0.0 ], [ 106.764869065000084, -6.228837053999939, 0.0 ], [ 106.764881345000049, -6.228813953999975, 0.0 ], [ 106.764898182000081, -6.228796561999957, 0.0 ], [ 106.764910141000087, -6.228784208999969, 0.0 ], [ 106.764910665000059, -6.228783667999949, 0.0 ], [ 106.764918042000033, -6.228776047999929, 0.0 ], [ 106.764924898000061, -6.228768964999972, 0.0 ], [ 106.76493318200005, -6.22876040899996, 0.0 ], [ 106.764933395000071, -6.228760189999946, 0.0 ], [ 106.764935050000076, -6.228758479999954, 0.0 ], [ 106.764962324000066, -6.228756016999967, 0.0 ], [ 106.764958761000059, -6.22874494499996, 0.0 ], [ 106.764936549000083, -6.228675923999958, 0.0 ], [ 106.764931146000038, -6.228658760999963, 0.0 ], [ 106.764911281000082, -6.228595669999947, 0.0 ], [ 106.764886517000036, -6.228515258999948, 0.0 ], [ 106.764882721000049, -6.228504874999942, 0.0 ], [ 106.764876770000058, -6.228488596999966, 0.0 ], [ 106.764858359000073, -6.228438229999938, 0.0 ], [ 106.764829278000036, -6.228361543999938, 0.0 ], [ 106.764799280000034, -6.228285213999925, 0.0 ], [ 106.76476836900008, -6.228209249999964, 0.0 ], [ 106.764759137000055, -6.228187319999961, 0.0 ], [ 106.764736548000087, -6.228133661999948, 0.0 ], [ 106.764703823000048, -6.228058462999968, 0.0 ], [ 106.764698468000063, -6.228046546999963, 0.0 ], [ 106.764670199000079, -6.227983661999929, 0.0 ], [ 106.764635679000037, -6.227909268999952, 0.0 ], [ 106.76462921500007, -6.227895553999929, 0.0 ], [ 106.764600115000064, -6.227833810999925, 0.0 ], [ 106.764573179000081, -6.227754855999933, 0.0 ], [ 106.764555204000033, -6.22767338899996, 0.0 ], [ 106.764546415000041, -6.22759042399997, 0.0 ], [ 106.764546922000079, -6.227506994999942, 0.0 ], [ 106.764556718000051, -6.227424142999951, 0.0 ], [ 106.764575680000064, -6.22734289999994, 0.0 ], [ 106.764616043000046, -6.227265428999942, 0.0 ], [ 106.76466696600005, -6.227194460999954, 0.0 ], [ 106.764727420000042, -6.22713142799995, 0.0 ], [ 106.764785622000034, -6.227085870999929, 0.0 ], [ 106.764791994000063, -6.227088022999965, 0.0 ], [ 106.764822538000033, -6.22709834099993, 0.0 ], [ 106.764888517000088, -6.227120631999981, 0.0 ], [ 106.764923216000057, -6.227132162999965, 0.0 ], [ 106.764949085000069, -6.227140756999972, 0.0 ], [ 106.764987964000056, -6.227153674999954, 0.0 ], [ 106.765010699000072, -6.227161227999943, 0.0 ], [ 106.765036232000057, -6.227169777999961, 0.0 ], [ 106.765054325000051, -6.227175836999947, 0.0 ], [ 106.765098484000077, -6.227190622999956, 0.0 ], [ 106.76510980200004, -6.22719441199996, 0.0 ], [ 106.765112081000041, -6.227195176999942, 0.0 ], [ 106.765147730000081, -6.227207113999953, 0.0 ], [ 106.765155075000052, -6.227209571999936, 0.0 ], [ 106.765159520000054, -6.227211058999956, 0.0 ], [ 106.76521110200008, -6.227228332999971, 0.0 ], [ 106.765215567000041, -6.227229828999953, 0.0 ], [ 106.765250152000078, -6.227241407999941, 0.0 ], [ 106.765272847000062, -6.227249006999955, 0.0 ], [ 106.765296733000071, -6.227257004999956, 0.0 ], [ 106.765299429000038, -6.227257906999967, 0.0 ], [ 106.765304482000033, -6.227259598999979, 0.0 ], [ 106.765329920000056, -6.227268116999937, 0.0 ], [ 106.765330222000046, -6.227268218999939, 0.0 ], [ 106.765377954000087, -6.227284200999975, 0.0 ], [ 106.765384277000067, -6.227286318999973, 0.0 ], [ 106.765434547000041, -6.227303149999955, 0.0 ], [ 106.765465760000041, -6.227313600999935, 0.0 ], [ 106.765473128000053, -6.227316068999926, 0.0 ], [ 106.765477693000037, -6.227317597999956, 0.0 ], [ 106.765517499000055, -6.227330924999933, 0.0 ], [ 106.765533117000075, -6.227336155999978, 0.0 ], [ 106.765539015000058, -6.227338130999954, 0.0 ], [ 106.765567639000039, -6.22734771599994, 0.0 ], [ 106.765607820000071, -6.227361169999938, 0.0 ], [ 106.765609750000067, -6.227361814999938, 0.0 ], [ 106.765659260000064, -6.227378392999981, 0.0 ], [ 106.765668303000041, -6.227381421999951, 0.0 ], [ 106.765670638000074, -6.227382202999934, 0.0 ], [ 106.765698197000063, -6.227391430999944, 0.0 ], [ 106.765702850000082, -6.227392988999952, 0.0 ], [ 106.765710169000045, -6.227395439999952, 0.0 ], [ 106.765753970000048, -6.227410104999933, 0.0 ], [ 106.765759870000068, -6.227412079999965, 0.0 ], [ 106.765784, -6.22742016199993, 0.0 ], [ 106.76579219000007, -6.227423390999945, 0.0 ], [ 106.765807273000064, -6.227429339999958, 0.0 ], [ 106.765808381000056, -6.22742937299995, 0.0 ], [ 106.766666665000059, -6.227454655999964, 0.0 ], [ 106.767461005000087, -6.227467578999949, 0.0 ], [ 106.767470397000068, -6.227468442999964, 0.0 ], [ 106.767479512000079, -6.227470861999961, 0.0 ], [ 106.767488098000058, -6.227474767999979, 0.0 ], [ 106.767491727000049, -6.227477220999958, 0.0 ], [ 106.767495913000062, -6.227480051999976, 0.0 ], [ 106.767499151000038, -6.227477389999933, 0.0 ], [ 106.767503618000035, -6.227473717999942, 0.0 ], [ 106.767507994000084, -6.227470119999964, 0.0 ], [ 106.767516130000047, -6.227463430999933, 0.0 ], [ 106.767533477000086, -6.227443828999981, 0.0 ], [ 106.767545590000054, -6.227424772999939, 0.0 ], [ 106.767547520000051, -6.227421736999929, 0.0 ], [ 106.767574064000087, -6.227366255999925, 0.0 ], [ 106.767579878000049, -6.22735617799998, 0.0 ], [ 106.767587292000087, -6.227347211999927, 0.0 ], [ 106.767596096000034, -6.227339609999945, 0.0 ], [ 106.767606045000036, -6.22733358399995, 0.0 ], [ 106.767616859000043, -6.227329305999945, 0.0 ], [ 106.767628235000075, -6.227326891999951, 0.0 ], [ 106.767703665000056, -6.227324892999945, 0.0 ], [ 106.767778761000045, -6.227317525999979, 0.0 ], [ 106.767788753000048, -6.227315174999944, 0.0 ], [ 106.767798378000066, -6.227311602999976, 0.0 ], [ 106.767799, -6.227311279999981, 0.0 ], [ 106.767807486000038, -6.227306863999956, 0.0 ], [ 106.767815979000034, -6.227300998999965, 0.0 ], [ 106.767823677000081, -6.227294119999954, 0.0 ], [ 106.767828646000055, -6.227297758999953, 0.0 ], [ 106.767834113000049, -6.227300592999939, 0.0 ], [ 106.767839949000063, -6.227302555999927, 0.0 ], [ 106.767846018000057, -6.227303601999949, 0.0 ], [ 106.76800608700006, -6.227312497999947, 0.0 ], [ 106.768013014000076, -6.227312661999974, 0.0 ], [ 106.768082845000038, -6.227312803999951, 0.0 ], [ 106.768187041000033, -6.22731499799994, 0.0 ], [ 106.768206929000087, -6.227315416999943, 0.0 ], [ 106.768207579000034, -6.227315430999965, 0.0 ], [ 106.768283869000072, -6.227313819999949, 0.0 ], [ 106.768401294000057, -6.227308669999957, 0.0 ], [ 106.768521144000033, -6.227299154999969, 0.0 ], [ 106.768641138000078, -6.227291683999965, 0.0 ], [ 106.768731497000033, -6.227289436999968, 0.0 ], [ 106.768761183000038, -6.22728834399993, 0.0 ], [ 106.768803299000069, -6.227286792999962, 0.0 ], [ 106.768864911000037, -6.227284525999949, 0.0 ], [ 106.768916091000051, -6.227283902999943, 0.0 ], [ 106.768952106000086, -6.227283464999971, 0.0 ], [ 106.769066741000074, -6.227282068999955, 0.0 ], [ 106.769111354000074, -6.227280949999965, 0.0 ], [ 106.76923742300005, -6.227274574999967, 0.0 ], [ 106.769373721000079, -6.227265237999973, 0.0 ], [ 106.769636947000038, -6.227247205999959, 0.0 ], [ 106.769709098000078, -6.227243434999934, 0.0 ], [ 106.769870533000073, -6.227234997999972, 0.0 ], [ 106.769907338000053, -6.227233739999974, 0.0 ], [ 106.769920444000036, -6.227233291999937, 0.0 ], [ 106.769932474000086, -6.227232880999964, 0.0 ], [ 106.77005304000005, -6.227228760999935, 0.0 ], [ 106.770176156000048, -6.227224839999963, 0.0 ], [ 106.770211524000047, -6.227223713999933, 0.0 ], [ 106.770319710000081, -6.227220268999929, 0.0 ], [ 106.770564513000068, -6.227211143999966, 0.0 ], [ 106.770594958000061, -6.227210008999975, 0.0 ], [ 106.770833332000052, -6.227202403999968, 0.0 ], [ 106.771159243000056, -6.227189200999931, 0.0 ], [ 106.771174818000077, -6.227188570999942, 0.0 ], [ 106.771175111000048, -6.227188558999956, 0.0 ], [ 106.771183207000036, -6.227188230999957, 0.0 ], [ 106.771486547000052, -6.227178600999935, 0.0 ], [ 106.771865197000068, -6.227170151999928, 0.0 ], [ 106.77190870700008, -6.227169438999965, 0.0 ], [ 106.771908910000036, -6.227169434999951, 0.0 ], [ 106.772085363000087, -6.227166540999974, 0.0 ], [ 106.772477649000052, -6.227160917999981, 0.0 ], [ 106.772873496000045, -6.227148104999969, 0.0 ], [ 106.772917302000053, -6.227146601999948, 0.0 ], [ 106.773089333000087, -6.227140701999929, 0.0 ], [ 106.773337466000044, -6.227132191999942, 0.0 ], [ 106.773703203000082, -6.22712306699998, 0.0 ], [ 106.773833533000072, -6.22711641799998, 0.0 ], [ 106.773838729000033, -6.22711615299994, 0.0 ], [ 106.773850717000073, -6.227115982999976, 0.0 ], [ 106.773905425000066, -6.227115210999955, 0.0 ], [ 106.773999365000066, -6.227109421999955, 0.0 ], [ 106.774176467000075, -6.227098508999973, 0.0 ], [ 106.77427762700006, -6.227095669999926, 0.0 ], [ 106.774350729000048, -6.22709361699998, 0.0 ], [ 106.774414556000067, -6.227092684999946, 0.0 ], [ 106.774479935000045, -6.227092232999951, 0.0 ], [ 106.774480638000057, -6.227092328999959, 0.0 ], [ 106.774484134000033, -6.227088076999962, 0.0 ], [ 106.774526674000072, -6.227036345999977, 0.0 ], [ 106.774564621000081, -6.227001299999927, 0.0 ], [ 106.774567081000043, -6.226999028999955, 0.0 ], [ 106.774571535000064, -6.227001607999966, 0.0 ], [ 106.774584378000043, -6.227008030999968, 0.0 ], [ 106.774590026000055, -6.227010854999946, 0.0 ], [ 106.774596607000035, -6.227014145999931, 0.0 ], [ 106.77460495400004, -6.227018321999935, 0.0 ], [ 106.774624843000083, -6.22702826699998, 0.0 ], [ 106.774627518000045, -6.227029603999938, 0.0 ], [ 106.774669373000052, -6.227029608999942, 0.0 ], [ 106.774691786000062, -6.227029611999967, 0.0 ], [ 106.77477493300006, -6.22702961899995, 0.0 ], [ 106.774775698000042, -6.227029619999939, 0.0 ], [ 106.774809661000063, -6.227001842999925, 0.0 ], [ 106.774828110000044, -6.227003952999951, 0.0 ], [ 106.774849491000055, -6.227006397999958, 0.0 ], [ 106.774888219000047, -6.227010824999979, 0.0 ], [ 106.774942506000059, -6.22701670999993, 0.0 ], [ 106.774955061000071, -6.227018071999964, 0.0 ], [ 106.774971675000074, -6.227022462999969, 0.0 ], [ 106.774989844000061, -6.227024835999941, 0.0 ], [ 106.775071541000045, -6.227033825999968, 0.0 ], [ 106.775078449000034, -6.227034585999945, 0.0 ], [ 106.775137633000043, -6.227039051999952, 0.0 ], [ 106.775205238000069, -6.227042601999926, 0.0 ], [ 106.775272488000041, -6.227046133999977, 0.0 ], [ 106.775414499000078, -6.227048168999943, 0.0 ], [ 106.77553140100008, -6.227048132999926, 0.0 ], [ 106.775603853000064, -6.227045661999966, 0.0 ], [ 106.775615401000039, -6.227045267999927, 0.0 ], [ 106.775659764000068, -6.227043754999954, 0.0 ], [ 106.775805695000088, -6.227038597999979, 0.0 ], [ 106.776084679000064, -6.227030486999979, 0.0 ], [ 106.776084336000054, -6.227012994999939, 0.0 ], [ 106.776083154000048, -6.22698487599996, 0.0 ], [ 106.776083268000036, -6.226984869999967, 0.0 ], [ 106.77608314400004, -6.226981886999965, 0.0 ], [ 106.77609805700007, -6.226981275999947, 0.0 ], [ 106.776124210000035, -6.226980201999936, 0.0 ], [ 106.776207919000058, -6.226976769999965, 0.0 ], [ 106.776293921000047, -6.226973241999929, 0.0 ], [ 106.776332770000067, -6.22697164799996, 0.0 ], [ 106.776348979000034, -6.226970982999944, 0.0 ], [ 106.776350291000085, -6.227033823999932, 0.0 ], [ 106.776350698000044, -6.227053251999962, 0.0 ], [ 106.77653100100008, -6.227043787999946, 0.0 ], [ 106.77654493700004, -6.227043031999926, 0.0 ], [ 106.777071784000043, -6.22701445499996, 0.0 ], [ 106.777116589000059, -6.227016078999952, 0.0 ], [ 106.777165568000044, -6.227017853999939, 0.0 ], [ 106.777167004000034, -6.227002626999933, 0.0 ], [ 106.777167311000085, -6.226995486999954, 0.0 ], [ 106.777167205000069, -6.226964069999951, 0.0 ], [ 106.777167158000054, -6.226950270999964, 0.0 ], [ 106.777167612000085, -6.226907852999943, 0.0 ], [ 106.777169188000073, -6.226907962999974, 0.0 ], [ 106.777169295000078, -6.226907963999963, 0.0 ], [ 106.777184329000079, -6.22690803699993, 0.0 ], [ 106.777223062000076, -6.226908224999931, 0.0 ], [ 106.77727210900008, -6.226908462999972, 0.0 ], [ 106.777341401000058, -6.226908798999943, 0.0 ], [ 106.777342614000077, -6.226908805999926, 0.0 ], [ 106.777346783000041, -6.226908825999942, 0.0 ], [ 106.77742, -6.226909181999929, 0.0 ], [ 106.777441209000074, -6.226908453999954, 0.0 ], [ 106.777477858000054, -6.226907192999931, 0.0 ], [ 106.777482443000054, -6.226907036999933, 0.0 ], [ 106.777522868000062, -6.226905643999942, 0.0 ], [ 106.777523795000036, -6.226902623999933, 0.0 ], [ 106.77752150300006, -6.226844075999963, 0.0 ], [ 106.777521609000075, -6.226844080999967, 0.0 ], [ 106.77757069200004, -6.226845996999941, 0.0 ], [ 106.777599248000058, -6.226847112999963, 0.0 ], [ 106.777673681000067, -6.226882161999981, 0.0 ], [ 106.777698151000038, -6.226893683999947, 0.0 ], [ 106.777710942000056, -6.226899707999962, 0.0 ], [ 106.777712704000066, -6.226900536999949, 0.0 ], [ 106.777724890000059, -6.22690093999995, 0.0 ], [ 106.777748339000084, -6.226901716999976, 0.0 ], [ 106.777775507000058, -6.226902612999936, 0.0 ], [ 106.777780217000043, -6.226902768999935, 0.0 ], [ 106.777783572000033, -6.226902879999955, 0.0 ], [ 106.777832236000052, -6.226904487999946, 0.0 ], [ 106.77783882500006, -6.226904705999971, 0.0 ], [ 106.77785597500008, -6.226905271999954, 0.0 ], [ 106.777872860000059, -6.226905831999943, 0.0 ], [ 106.77796111400005, -6.226902732999974, 0.0 ], [ 106.778019118000088, -6.226900696999962, 0.0 ], [ 106.778075299000079, -6.226898725999945, 0.0 ], [ 106.778122773000064, -6.226897057999963, 0.0 ], [ 106.77813804200008, -6.22689747499993, 0.0 ], [ 106.778207786000053, -6.226899387999936, 0.0 ], [ 106.778245032000086, -6.226900407999949, 0.0 ], [ 106.778278298000032, -6.226901320999957, 0.0 ], [ 106.778368162000049, -6.226903782999955, 0.0 ], [ 106.77838028900004, -6.226904115999957, 0.0 ], [ 106.778430393000065, -6.226905490999968, 0.0 ], [ 106.778432487000089, -6.226820524999937, 0.0 ], [ 106.778433618000065, -6.226774655999975, 0.0 ], [ 106.778434890000085, -6.226716388999932, 0.0 ], [ 106.778437720000056, -6.226586771999962, 0.0 ], [ 106.778439286000037, -6.226505750999934, 0.0 ], [ 106.778442181000059, -6.226355933999969, 0.0 ], [ 106.778447412000048, -6.226093946999981, 0.0 ], [ 106.778452189000063, -6.225802718999944, 0.0 ], [ 106.778454307000061, -6.225571255999967, 0.0 ], [ 106.778454312000065, -6.225571138999953, 0.0 ], [ 106.778458277000084, -6.225471776999939, 0.0 ], [ 106.778463237000039, -6.225347509999949, 0.0 ], [ 106.778465700000083, -6.225160302999939, 0.0 ], [ 106.778465831000062, -6.225134551999929, 0.0 ], [ 106.778466567000066, -6.22499040699995, 0.0 ], [ 106.778466694000088, -6.224965654999949, 0.0 ], [ 106.778466809000065, -6.224942958999975, 0.0 ], [ 106.778466918000049, -6.224921656999925, 0.0 ], [ 106.778467546000059, -6.224818203999973, 0.0 ], [ 106.778468450000048, -6.224669250999966, 0.0 ], [ 106.778470353000046, -6.224510778999957, 0.0 ], [ 106.778471842000044, -6.224386831999936, 0.0 ], [ 106.778471848000038, -6.224386350999964, 0.0 ], [ 106.778472754000063, -6.224310963999926, 0.0 ], [ 106.778474633000087, -6.224113020999937, 0.0 ], [ 106.778476453000053, -6.22391382099994, 0.0 ], [ 106.778476741000077, -6.223849568999981, 0.0 ], [ 106.778477481000039, -6.223684155999933, 0.0 ], [ 106.778478542000073, -6.223456918999943, 0.0 ], [ 106.778479589000085, -6.223237797999957, 0.0 ], [ 106.778479650000065, -6.223225206999928, 0.0 ], [ 106.77847965400008, -6.223224237999943, 0.0 ], [ 106.778479943000036, -6.223163833999934, 0.0 ], [ 106.778481212000088, -6.222897632999945, 0.0 ], [ 106.778484972000058, -6.222584880999932, 0.0 ], [ 106.778486534000081, -6.222480835999932, 0.0 ], [ 106.778486537000049, -6.222480621999978, 0.0 ], [ 106.778490612000041, -6.222209238999937, 0.0 ], [ 106.778491522000081, -6.222147591999942, 0.0 ], [ 106.778495593000059, -6.221871864999969, 0.0 ], [ 106.778495749000058, -6.221842785999968, 0.0 ], [ 106.778495750000047, -6.221842629999969, 0.0 ], [ 106.778497297000058, -6.221553705999952, 0.0 ], [ 106.778498853000087, -6.221154787999978, 0.0 ], [ 106.778498702000036, -6.221094724999944, 0.0 ], [ 106.778498702000036, -6.22109467699994, 0.0 ], [ 106.778497689000062, -6.220691170999942, 0.0 ], [ 106.778497463000065, -6.220600359999935, 0.0 ], [ 106.77849543800005, -6.220379812999965, 0.0 ], [ 106.778495437000061, -6.220379670999932, 0.0 ], [ 106.778493977000039, -6.22022057199996, 0.0 ], [ 106.778492340000071, -6.220062078999945, 0.0 ], [ 106.778490008000063, -6.219885042999977, 0.0 ], [ 106.778489468000032, -6.219835564999926, 0.0 ], [ 106.778488752000044, -6.219770002999951, 0.0 ], [ 106.778487122000058, -6.219620711999937, 0.0 ], [ 106.778485906000071, -6.219424575999938, 0.0 ], [ 106.778485496000087, -6.219366562999937, 0.0 ], [ 106.778484915000035, -6.219331051999973, 0.0 ], [ 106.778480663000039, -6.219071367999959, 0.0 ], [ 106.778479894000043, -6.21902442399994, 0.0 ], [ 106.778484601000059, -6.218966034999937, 0.0 ], [ 106.778488523000078, -6.218917381999972, 0.0 ], [ 106.778490372000078, -6.218855858999973, 0.0 ], [ 106.778489505000039, -6.21879460599996, 0.0 ], [ 106.778489498000056, -6.218794100999958, 0.0 ], [ 106.77848941600007, -6.218788323999945, 0.0 ], [ 106.77848858200008, -6.218729333999931, 0.0 ], [ 106.778487282000071, -6.218645720999973, 0.0 ], [ 106.778485579000062, -6.21851940099998, 0.0 ], [ 106.778484334000041, -6.218424693999964, 0.0 ], [ 106.778483601000062, -6.218369385999949, 0.0 ], [ 106.778482653000083, -6.218298005999941, 0.0 ], [ 106.778481848000069, -6.218238429999928, 0.0 ], [ 106.778480198000068, -6.218159470999979, 0.0 ], [ 106.778478044000053, -6.218090601999961, 0.0 ], [ 106.77847631700007, -6.218049408999946, 0.0 ], [ 106.778474205000066, -6.21800768099996, 0.0 ], [ 106.778470754000068, -6.217950601999974, 0.0 ], [ 106.778467466000052, -6.21790395499994, 0.0 ], [ 106.778465206000078, -6.217875308999965, 0.0 ], [ 106.778461790000051, -6.217835431999958, 0.0 ], [ 106.778459068000075, -6.217806180999958, 0.0 ], [ 106.778456710000057, -6.217779829999927, 0.0 ], [ 106.778452294000033, -6.217751355999951, 0.0 ], [ 106.778443742000036, -6.217711056999974, 0.0 ], [ 106.778443054000036, -6.217708708999965, 0.0 ], [ 106.778434340000047, -6.217679007999948, 0.0 ], [ 106.778416133000064, -6.21763270799994, 0.0 ], [ 106.778396924000049, -6.217594663999932, 0.0 ], [ 106.77836755800007, -6.217545245999929, 0.0 ], [ 106.778347392000057, -6.217522513999938, 0.0 ], [ 106.778329892000045, -6.217502786999944, 0.0 ], [ 106.778305578000072, -6.217479183999956, 0.0 ], [ 106.778276004000077, -6.217453747999969, 0.0 ], [ 106.778217275000088, -6.217413380999972, 0.0 ], [ 106.778183119000062, -6.217394479999939, 0.0 ], [ 106.778120305000073, -6.217365162999954, 0.0 ], [ 106.778048868000042, -6.217336005999925, 0.0 ], [ 106.777986113000054, -6.217312402999937, 0.0 ], [ 106.777823793000039, -6.21725644299994, 0.0 ], [ 106.777730652000059, -6.217223925999974, 0.0 ], [ 106.777632920000087, -6.217187218999925, 0.0 ], [ 106.777553488000081, -6.217155512999966, 0.0 ], [ 106.777420410000047, -6.217098776999933, 0.0 ], [ 106.77736705600006, -6.217073562999929, 0.0 ], [ 106.777307739000037, -6.217038545999969, 0.0 ], [ 106.777263774000062, -6.217004488999976, 0.0 ], [ 106.77719316200006, -6.216930425999976, 0.0 ], [ 106.777187745000049, -6.216924745999961, 0.0 ], [ 106.777134698000054, -6.216825812999957, 0.0 ], [ 106.777116181000054, -6.21676830499996, 0.0 ], [ 106.777105482000081, -6.216735075999964, 0.0 ], [ 106.777100363000045, -6.216704518999961, 0.0 ], [ 106.777087282000082, -6.216626410999936, 0.0 ], [ 106.777084158000036, -6.216598287999943, 0.0 ], [ 106.777077127000041, -6.216534991999936, 0.0 ], [ 106.777075441000079, -6.216519822999942, 0.0 ], [ 106.777075546000049, -6.21650096299993, 0.0 ], [ 106.77707593000008, -6.216432169999962, 0.0 ], [ 106.77708360400004, -6.216344852999953, 0.0 ], [ 106.777098413000033, -6.216258460999939, 0.0 ], [ 106.777120256000046, -6.21617357599996, 0.0 ], [ 106.777129652000042, -6.21614649299994, 0.0 ], [ 106.777139048000038, -6.216119409999976, 0.0 ], [ 106.777148984000064, -6.216090770999926, 0.0 ], [ 106.777158937000081, -6.21606716499997, 0.0 ], [ 106.777168890000041, -6.216043559999946, 0.0 ], [ 106.777202257000056, -6.215993073999925, 0.0 ], [ 106.777227513000071, -6.215954860999943, 0.0 ], [ 106.777227792000076, -6.215954335999925, 0.0 ], [ 106.777228462000039, -6.215953423999963, 0.0 ], [ 106.777242380000075, -6.215932364999958, 0.0 ], [ 106.777270603000034, -6.215891376999934, 0.0 ], [ 106.777309043000059, -6.21583563799993, 0.0 ], [ 106.777316119000034, -6.215825308999968, 0.0 ], [ 106.777348376000077, -6.215778220999937, 0.0 ], [ 106.777408845000082, -6.215690602999928, 0.0 ], [ 106.777413184000068, -6.215680869999971, 0.0 ], [ 106.777521626000066, -6.215437631999976, 0.0 ], [ 106.777562166000052, -6.21534670099993, 0.0 ], [ 106.777574895000043, -6.21531086799996, 0.0 ], [ 106.777592146000075, -6.215250820999927, 0.0 ], [ 106.777607270000033, -6.215188735999959, 0.0 ], [ 106.777615264000076, -6.215147850999927, 0.0 ], [ 106.77762285700004, -6.215100491999976, 0.0 ], [ 106.777627905000088, -6.215063767999936, 0.0 ], [ 106.777631606000057, -6.215030967999951, 0.0 ], [ 106.777631627000062, -6.215030764999938, 0.0 ], [ 106.777633731000037, -6.215009867999981, 0.0 ], [ 106.777638056000058, -6.214953167999965, 0.0 ], [ 106.777639329000067, -6.21485501899997, 0.0 ], [ 106.777640183000074, -6.214774950999981, 0.0 ], [ 106.777640643000041, -6.214731894999943, 0.0 ], [ 106.777641863000042, -6.214617534999945, 0.0 ], [ 106.777642591000074, -6.214550206999945, 0.0 ], [ 106.777644063000082, -6.214414231999967, 0.0 ], [ 106.777648142000032, -6.214333450999959, 0.0 ], [ 106.777648234000083, -6.214308452999944, 0.0 ], [ 106.777648409000051, -6.214260989999957, 0.0 ], [ 106.77764879700004, -6.214155662999929, 0.0 ], [ 106.777650508000079, -6.214064539999981, 0.0 ], [ 106.777650681000068, -6.214055318999954, 0.0 ], [ 106.777651766000076, -6.214000873999964, 0.0 ], [ 106.777652063000062, -6.213985156999968, 0.0 ], [ 106.777652819000082, -6.213945085999967, 0.0 ], [ 106.777653008000073, -6.213935052999943, 0.0 ], [ 106.777655327000048, -6.213865185999964, 0.0 ], [ 106.777662331000045, -6.213803368999947, 0.0 ], [ 106.777677304000065, -6.213745444999972, 0.0 ], [ 106.777690140000061, -6.213713349999978, 0.0 ], [ 106.777691847000085, -6.213710034999963, 0.0 ], [ 106.777692506000051, -6.213708242999928, 0.0 ], [ 106.777706014000046, -6.213680552999961, 0.0 ], [ 106.777707930000076, -6.213677133999965, 0.0 ], [ 106.777730332000033, -6.213643923999939, 0.0 ], [ 106.777733683000065, -6.213638957999933, 0.0 ], [ 106.777734929000076, -6.213637607999942, 0.0 ], [ 106.777764911000077, -6.213605118999965, 0.0 ], [ 106.777782010000067, -6.213590411999974, 0.0 ], [ 106.777782948000038, -6.21358960699996, 0.0 ], [ 106.777783681000074, -6.213589068999966, 0.0 ], [ 106.777802144000077, -6.213575553999931, 0.0 ], [ 106.777837135000084, -6.213557121999941, 0.0 ], [ 106.777850072000035, -6.213550306999934, 0.0 ], [ 106.777856644000053, -6.213547805999951, 0.0 ], [ 106.777886079000041, -6.213536601999976, 0.0 ], [ 106.777900695000085, -6.213531038999974, 0.0 ], [ 106.777905279000038, -6.213529903999927, 0.0 ], [ 106.777938996000046, -6.213521561999926, 0.0 ], [ 106.77793902600007, -6.213521554999943, 0.0 ], [ 106.777953275000073, -6.213518027999953, 0.0 ], [ 106.777955635000069, -6.213517740999976, 0.0 ], [ 106.778007040000034, -6.213511466999933, 0.0 ], [ 106.778082863000066, -6.213506554999981, 0.0 ], [ 106.778139448000047, -6.213502887999937, 0.0 ], [ 106.778423093000072, -6.213492124999959, 0.0 ], [ 106.77850294600006, -6.213488283999936, 0.0 ], [ 106.778818914000055, -6.21347308299994, 0.0 ], [ 106.778931008000086, -6.213467689999959, 0.0 ], [ 106.779100258000085, -6.213459394999973, 0.0 ], [ 106.779191988000036, -6.213454898999942, 0.0 ], [ 106.779267804000085, -6.21345118399995, 0.0 ], [ 106.77986304600006, -6.213422010999977, 0.0 ], [ 106.779934105000052, -6.213418526999931, 0.0 ], [ 106.780143378000048, -6.213408271999981, 0.0 ], [ 106.78018023900006, -6.213406463999945, 0.0 ], [ 106.780196985000089, -6.213405643999977, 0.0 ], [ 106.780233749000047, -6.213403841999934, 0.0 ], [ 106.780367416000047, -6.213397289999932, 0.0 ], [ 106.780388185000049, -6.213396271999954, 0.0 ], [ 106.780589862000056, -6.213386386999957, 0.0 ], [ 106.780622661000052, -6.213384779999956, 0.0 ], [ 106.780626128000051, -6.213384609999935, 0.0 ], [ 106.780821544000048, -6.213375030999941, 0.0 ], [ 106.780846655000062, -6.213373800999932, 0.0 ], [ 106.780850684000086, -6.213373561999958, 0.0 ], [ 106.781034591000036, -6.21336268899995, 0.0 ], [ 106.781086587000061, -6.213359613999955, 0.0 ], [ 106.781181269000058, -6.213354013999947, 0.0 ], [ 106.78127599700008, -6.21334971999994, 0.0 ], [ 106.781289509000032, -6.213349106999942, 0.0 ], [ 106.781472934000078, -6.213340789999961, 0.0 ], [ 106.781488137000053, -6.213340099999925, 0.0 ], [ 106.781551749000073, -6.213337215999957, 0.0 ], [ 106.781703730000061, -6.213330204999977, 0.0 ], [ 106.781747363000079, -6.21332819099996, 0.0 ], [ 106.781765639000071, -6.21332734799995, 0.0 ], [ 106.781797214000051, -6.213325889999965, 0.0 ], [ 106.781898568000088, -6.213321214999951, 0.0 ], [ 106.781932900000072, -6.213320091999947, 0.0 ], [ 106.782001554000033, -6.213317846999928, 0.0 ], [ 106.782181077000075, -6.213311974999954, 0.0 ], [ 106.782229589000053, -6.213310388999957, 0.0 ], [ 106.782375536000075, -6.213305615999957, 0.0 ], [ 106.782414599000049, -6.213304339999979, 0.0 ], [ 106.782443350000051, -6.213303396999947, 0.0 ], [ 106.782499710000081, -6.213298521999945, 0.0 ], [ 106.782529963000059, -6.213293397999962, 0.0 ], [ 106.78254521000008, -6.213290563999976, 0.0 ], [ 106.782590977000041, -6.213278392999939, 0.0 ], [ 106.782619894000049, -6.213268352999933, 0.0 ], [ 106.782640417000039, -6.213260319999961, 0.0 ], [ 106.782724604000066, -6.213227365999956, 0.0 ], [ 106.782735617000071, -6.213223054999958, 0.0 ], [ 106.782807307000041, -6.213194993999934, 0.0 ], [ 106.782825463000052, -6.213184442999932, 0.0 ], [ 106.782888814000046, -6.213147627999945, 0.0 ], [ 106.782921377000037, -6.213128704999974, 0.0 ], [ 106.782968286000084, -6.213101445999939, 0.0 ], [ 106.78302745600007, -6.213067060999947, 0.0 ], [ 106.783080692000055, -6.213023157999942, 0.0 ], [ 106.783080717000075, -6.213023137999926, 0.0 ], [ 106.783096273000069, -6.213009493999948, 0.0 ], [ 106.783140494000065, -6.212968169999954, 0.0 ], [ 106.783148622000056, -6.212960370999951, 0.0 ], [ 106.783153140000081, -6.212955591999958, 0.0 ], [ 106.783201641000062, -6.212904288999937, 0.0 ], [ 106.783236588000079, -6.21286224399995, 0.0 ], [ 106.783296946000064, -6.212789627999939, 0.0 ], [ 106.783331023000073, -6.212748630999954, 0.0 ], [ 106.783351880000055, -6.212720267999941, 0.0 ], [ 106.783351910000079, -6.212720228999956, 0.0 ], [ 106.783361240000033, -6.212707411999929, 0.0 ], [ 106.783387799000081, -6.212667426999928, 0.0 ], [ 106.783400877000076, -6.212645674999976, 0.0 ], [ 106.783431376000067, -6.212591353999926, 0.0 ], [ 106.783464754000079, -6.212518458999966, 0.0 ], [ 106.783468726000081, -6.212509350999937, 0.0 ], [ 106.78349948400006, -6.212432761999935, 0.0 ], [ 106.783521074000078, -6.212369606999971, 0.0 ], [ 106.78353330300007, -6.212333832999946, 0.0 ], [ 106.78355550200007, -6.212250286999961, 0.0 ], [ 106.783561501000065, -6.212222568999948, 0.0 ], [ 106.783574659000067, -6.212158949999946, 0.0 ], [ 106.783583885000041, -6.212098078999929, 0.0 ], [ 106.783583898000074, -6.212098004999973, 0.0 ], [ 106.783588322000071, -6.212068827999929, 0.0 ], [ 106.783588432000045, -6.212067635999972, 0.0 ], [ 106.783588616000088, -6.212066400999959, 0.0 ], [ 106.78358903700007, -6.212061854999945, 0.0 ], [ 106.783597030000067, -6.211975662999976, 0.0 ], [ 106.783597943000075, -6.211852874999977, 0.0 ], [ 106.783596171000056, -6.211767420999934, 0.0 ], [ 106.783595191000074, -6.211735380999926, 0.0 ], [ 106.783589894000045, -6.211631187999956, 0.0 ], [ 106.78358449600006, -6.211566145999939, 0.0 ], [ 106.783582307000074, -6.211539782999978, 0.0 ], [ 106.783557097000084, -6.211235973999976, 0.0 ], [ 106.78355593200007, -6.211221927999929, 0.0 ], [ 106.783554262000052, -6.211201820999975, 0.0 ], [ 106.783538974000066, -6.211000503999969, 0.0 ], [ 106.783538956000086, -6.211000257999956, 0.0 ], [ 106.783532311000045, -6.210933994999948, 0.0 ], [ 106.783532261000062, -6.210933490999935, 0.0 ], [ 106.783521386000075, -6.210825038999928, 0.0 ], [ 106.783508066000081, -6.210692183999981, 0.0 ], [ 106.783502982000073, -6.210641482999961, 0.0 ], [ 106.783482545000084, -6.210437653999975, 0.0 ], [ 106.783477085000072, -6.210383195999952, 0.0 ], [ 106.783475630000055, -6.210368686999971, 0.0 ], [ 106.783454556000038, -6.210162483999966, 0.0 ], [ 106.783449675000043, -6.210114705999956, 0.0 ], [ 106.783449158000053, -6.210109844999977, 0.0 ], [ 106.783442056000069, -6.210042912999938, 0.0 ], [ 106.783422533000078, -6.209858916999963, 0.0 ], [ 106.783418327000049, -6.209819276999951, 0.0 ], [ 106.78341683900004, -6.209805245999974, 0.0 ], [ 106.783399719000045, -6.209633401999952, 0.0 ], [ 106.783399503000055, -6.209631225999942, 0.0 ], [ 106.783395580000047, -6.209591840999963, 0.0 ], [ 106.783392359000061, -6.209559536999961, 0.0 ], [ 106.783387932000039, -6.209515082999928, 0.0 ], [ 106.783383471000036, -6.209470310999961, 0.0 ], [ 106.783374493000053, -6.209380188999944, 0.0 ], [ 106.78335768900007, -6.209211505999974, 0.0 ], [ 106.783352621000063, -6.20916064499994, 0.0 ], [ 106.783337667000069, -6.209010534999948, 0.0 ], [ 106.783334760000059, -6.20897980899997, 0.0 ], [ 106.783329739000067, -6.208926749999932, 0.0 ], [ 106.783309574000043, -6.208713621999948, 0.0 ], [ 106.783304213000065, -6.208656978999954, 0.0 ], [ 106.783302717000083, -6.208641153999963, 0.0 ], [ 106.783296891000077, -6.208585106999976, 0.0 ], [ 106.783281370000054, -6.208435807999933, 0.0 ], [ 106.783278110000083, -6.208404433999931, 0.0 ], [ 106.783266611000045, -6.208293807999951, 0.0 ], [ 106.783263190000071, -6.20826090199995, 0.0 ], [ 106.783254387000056, -6.208183175999977, 0.0 ], [ 106.783250438000039, -6.208148306999931, 0.0 ], [ 106.783237980000081, -6.208038292999959, 0.0 ], [ 106.783237936000035, -6.208037901999944, 0.0 ], [ 106.783231199000056, -6.207968895999954, 0.0 ], [ 106.78322300800005, -6.207885000999966, 0.0 ], [ 106.783219938000059, -6.207853538999927, 0.0 ], [ 106.783211692000066, -6.207769088999953, 0.0 ], [ 106.783210537000059, -6.207757696999977, 0.0 ], [ 106.783207080000068, -6.207723570999974, 0.0 ], [ 106.78319324000006, -6.207586972999934, 0.0 ], [ 106.783188863000078, -6.207533803999979, 0.0 ], [ 106.783181508000041, -6.207444469999928, 0.0 ], [ 106.783177254000066, -6.207392796999954, 0.0 ], [ 106.783167693000053, -6.207276651999962, 0.0 ], [ 106.783162986000036, -6.207202664999954, 0.0 ], [ 106.783155952000072, -6.207092088999957, 0.0 ], [ 106.78315406300004, -6.207062402999952, 0.0 ], [ 106.783153606000042, -6.207051260999947, 0.0 ], [ 106.783151524000061, -6.207000568999945, 0.0 ], [ 106.783153775000073, -6.206967350999946, 0.0 ], [ 106.783154391000039, -6.206958277999945, 0.0 ], [ 106.783160482000085, -6.206916329999956, 0.0 ], [ 106.783163008000088, -6.206905909999932, 0.0 ], [ 106.783182753000062, -6.206814246999954, 0.0 ], [ 106.783191209000051, -6.206787951999956, 0.0 ], [ 106.783203441000069, -6.206763188999957, 0.0 ], [ 106.783207493000077, -6.206757348999929, 0.0 ], [ 106.783219182000039, -6.206740496999942, 0.0 ], [ 106.783220267000047, -6.206739340999945, 0.0 ], [ 106.783238088000076, -6.20672037099996, 0.0 ], [ 106.783259749000081, -6.206703248999929, 0.0 ], [ 106.783282072000077, -6.206690433999938, 0.0 ], [ 106.783282386000053, -6.206690377999962, 0.0 ], [ 106.783380790000081, -6.206680854999945, 0.0 ], [ 106.78344000900006, -6.206675123999958, 0.0 ], [ 106.783474334000061, -6.20667560499993, 0.0 ], [ 106.78347689900005, -6.206675638999968, 0.0 ], [ 106.783693547000041, -6.206678669999974, 0.0 ], [ 106.783784122000043, -6.206679934999954, 0.0 ], [ 106.783909907000066, -6.206689241999925, 0.0 ], [ 106.784126196000045, -6.206705247999935, 0.0 ], [ 106.784342489000039, -6.206721253999945, 0.0 ], [ 106.784381632000077, -6.206724150999946, 0.0 ], [ 106.784558780000054, -6.206737261999933, 0.0 ], [ 106.784625434000077, -6.206742192999968, 0.0 ], [ 106.784774956000035, -6.206755311999927, 0.0 ], [ 106.784784995000052, -6.206756191999943, 0.0 ], [ 106.78499097100007, -6.206774263999932, 0.0 ], [ 106.785141611000086, -6.206787481999925, 0.0 ], [ 106.785207031000084, -6.206793221999931, 0.0 ], [ 106.785237988000063, -6.206795937999971, 0.0 ], [ 106.785280185000033, -6.206800191999946, 0.0 ], [ 106.78574644400004, -6.206847185999948, 0.0 ], [ 106.786691482000037, -6.206923683999946, 0.0 ], [ 106.786872109000058, -6.206938305999927, 0.0 ], [ 106.786917410000058, -6.206943284999966, 0.0 ], [ 106.786920724000083, -6.206943766999927, 0.0 ], [ 106.787045214000045, -6.206955157999971, 0.0 ], [ 106.787160261000054, -6.206971607999947, 0.0 ], [ 106.787274966000041, -6.206990282999925, 0.0 ], [ 106.787352471000077, -6.207016977999956, 0.0 ], [ 106.787428101000046, -6.207048604999954, 0.0 ], [ 106.787478367000062, -6.207072895999943, 0.0 ], [ 106.787485062000087, -6.207076376999964, 0.0 ], [ 106.787495473000035, -6.207081793999976, 0.0 ], [ 106.787571786000058, -6.207145371999957, 0.0 ], [ 106.787623530000076, -6.207201333999933, 0.0 ], [ 106.787643325000033, -6.207222743999978, 0.0 ], [ 106.787667157000044, -6.207248517999972, 0.0 ], [ 106.78772658400004, -6.207326068999976, 0.0 ], [ 106.787891002000038, -6.207558647999974, 0.0 ], [ 106.787902265000071, -6.207575366999947, 0.0 ], [ 106.787942056000077, -6.207634431999963, 0.0 ], [ 106.787997692000033, -6.207707128999971, 0.0 ], [ 106.788056512000082, -6.207777270999941, 0.0 ], [ 106.788118400000087, -6.207844716999944, 0.0 ], [ 106.788183231000062, -6.207909334999954, 0.0 ], [ 106.788280952000036, -6.20799991399997, 0.0 ], [ 106.788451574000078, -6.208158713999978, 0.0 ], [ 106.788464354000041, -6.208170607999932, 0.0 ], [ 106.788478307000048, -6.208181780999951, 0.0 ], [ 106.78851310500005, -6.20821989999996, 0.0 ], [ 106.788551007000081, -6.208254927999974, 0.0 ], [ 106.788591742000051, -6.208286612999927, 0.0 ], [ 106.788635015000068, -6.208314727999948, 0.0 ], [ 106.788676410000051, -6.208347342999957, 0.0 ], [ 106.788721372000055, -6.208374822999929, 0.0 ], [ 106.788769271000035, -6.208396782999955, 0.0 ], [ 106.788819430000046, -6.208412912999961, 0.0 ], [ 106.788859289000072, -6.208427848999975, 0.0 ], [ 106.788920733000054, -6.208445531999928, 0.0 ], [ 106.788983372000075, -6.20845835199998, 0.0 ], [ 106.789046819000077, -6.208466232999967, 0.0 ], [ 106.789056822000077, -6.208468317999973, 0.0 ] ] ] ] } },
{ "type": "Feature", "properties": { "OBJECTID": 28, "NAMOBJ": null, "FCODE": "BA03080040", "REMARK": null, "METADATA": null, "SRS_ID": null, "KDBBPS": null, "KDCBPS": null, "KDCPUM": "317406", "KDEBPS": null, "KDEPUM": null, "KDPBPS": null, "KDPKAB": "3174", "KDPPUM": null, "LUASWH": null, "TIPADM": null, "WADMKC": "CILANDAK", "WADMKD": null, "WADMKK": "JAKARTA SELATAN", "WADMPR": null, "WIADKC": null, "WIADKK": null, "WIADPR": null, "WIADKD": null, "SHAPE_Length": 0.24550029086937319, "SHAPE_Area": 0.0014505766583725892 }, "geometry": { "type": "MultiPolygon", "coordinates": [ [ [ [ 106.788131553000085, -6.26352499799998, 0.0 ], [ 106.788163245000078, -6.263525467999955, 0.0 ], [ 106.788188690000084, -6.263522620999936, 0.0 ], [ 106.788194744000066, -6.263521942999944, 0.0 ], [ 106.788229260000037, -6.263513296999975, 0.0 ], [ 106.788262211000074, -6.263499860999957, 0.0 ], [ 106.788268979000065, -6.263503432999926, 0.0 ], [ 106.788271954000038, -6.263505002999977, 0.0 ], [ 106.788283099000068, -6.263510885999949, 0.0 ], [ 106.788320598000041, -6.263530677999938, 0.0 ], [ 106.788344327000061, -6.263540890999934, 0.0 ], [ 106.788381238000056, -6.263556776999962, 0.0 ], [ 106.788443752000035, -6.263577994999935, 0.0 ], [ 106.788783825000053, -6.263635419999957, 0.0 ], [ 106.788787503000037, -6.263636040999927, 0.0 ], [ 106.788793270000042, -6.263637014999972, 0.0 ], [ 106.789498627000057, -6.263758694999979, 0.0 ], [ 106.789809280000043, -6.263812284999972, 0.0 ], [ 106.789865070000076, -6.263821660999952, 0.0 ], [ 106.789948896000055, -6.263835747999963, 0.0 ], [ 106.790019097000084, -6.263847544999976, 0.0 ], [ 106.790234487000077, -6.263882730999967, 0.0 ], [ 106.790297050000049, -6.263887182999952, 0.0 ], [ 106.790335204000087, -6.263886631999981, 0.0 ], [ 106.790359765000062, -6.263886276999926, 0.0 ], [ 106.790406980000057, -6.263881543999958, 0.0 ], [ 106.790422173000081, -6.263880020999977, 0.0 ], [ 106.790444278000052, -6.26387650099997, 0.0 ], [ 106.790520473000072, -6.263859552999975, 0.0 ], [ 106.790565287000049, -6.263846644999944, 0.0 ], [ 106.790595483000061, -6.263837946999956, 0.0 ], [ 106.790649067000061, -6.263831408999977, 0.0 ], [ 106.790703037000071, -6.263830264999967, 0.0 ], [ 106.790756850000037, -6.263834524999936, 0.0 ], [ 106.790774053000064, -6.263836166999965, 0.0 ], [ 106.790840574000072, -6.263842516999944, 0.0 ], [ 106.790924101000087, -6.263852358999941, 0.0 ], [ 106.791014289000088, -6.26386509699995, 0.0 ], [ 106.791104147000055, -6.263879989999964, 0.0 ], [ 106.791123801000083, -6.263883050999937, 0.0 ], [ 106.791173962000073, -6.263890861999926, 0.0 ], [ 106.791244074000076, -6.263899607999974, 0.0 ], [ 106.791358668000044, -6.263912192999953, 0.0 ], [ 106.791611888000034, -6.26393582299994, 0.0 ], [ 106.791621680000048, -6.263936620999971, 0.0 ], [ 106.791666673000066, -6.263940179999963, 0.0 ], [ 106.791749257000049, -6.263946269999963, 0.0 ], [ 106.791888001000075, -6.263956500999939, 0.0 ], [ 106.79209366300006, -6.263971668999943, 0.0 ], [ 106.79217267000007, -6.263980128999947, 0.0 ], [ 106.792174127000067, -6.263980284999946, 0.0 ], [ 106.792264519000071, -6.263989963999961, 0.0 ], [ 106.792278273000079, -6.263991436999959, 0.0 ], [ 106.792382419000035, -6.264002588999972, 0.0 ], [ 106.792592, -6.264031906999946, 0.0 ], [ 106.792624027000045, -6.264036386999976, 0.0 ], [ 106.792906097000071, -6.264081763999968, 0.0 ], [ 106.792951972000083, -6.264089142999978, 0.0 ], [ 106.793162622000068, -6.264123028999961, 0.0 ], [ 106.793205140000055, -6.264129867999941, 0.0 ], [ 106.793220225000084, -6.264132310999969, 0.0 ], [ 106.793455108000046, -6.264170347999936, 0.0 ], [ 106.793591603000039, -6.26419375699993, 0.0 ], [ 106.793897209000079, -6.264246169999979, 0.0 ], [ 106.794183915000076, -6.264295341999969, 0.0 ], [ 106.794252318000076, -6.26430707399993, 0.0 ], [ 106.794273699000087, -6.264310739999928, 0.0 ], [ 106.794286468000053, -6.264312930999949, 0.0 ], [ 106.794299288000047, -6.26425994899995, 0.0 ], [ 106.79431496400008, -6.264201835999927, 0.0 ], [ 106.794373207000035, -6.263962274999926, 0.0 ], [ 106.794392480000056, -6.263883002999933, 0.0 ], [ 106.794401967000056, -6.263838691999979, 0.0 ], [ 106.794437791000064, -6.263671361999968, 0.0 ], [ 106.794454395000059, -6.263593808999929, 0.0 ], [ 106.794480908000082, -6.263598204999937, 0.0 ], [ 106.794507657000054, -6.263600673999974, 0.0 ], [ 106.794553415000053, -6.263604101999931, 0.0 ], [ 106.794580955000072, -6.263606164999942, 0.0 ], [ 106.794653564000043, -6.263617520999958, 0.0 ], [ 106.79467263500004, -6.263621991999969, 0.0 ], [ 106.794679804000054, -6.263623671999937, 0.0 ], [ 106.794860336000056, -6.263665995999929, 0.0 ], [ 106.795038377000083, -6.263708022999936, 0.0 ], [ 106.795076873000085, -6.263717615999951, 0.0 ], [ 106.795131937000065, -6.26373297899994, 0.0 ], [ 106.795165160000067, -6.263742484999966, 0.0 ], [ 106.795219772000053, -6.263758110999959, 0.0 ], [ 106.79526594500004, -6.26377244899993, 0.0 ], [ 106.795285276000072, -6.263778450999951, 0.0 ], [ 106.795310243000074, -6.263786203999928, 0.0 ], [ 106.795419851000077, -6.263821621999966, 0.0 ], [ 106.795489255000064, -6.263841428999967, 0.0 ], [ 106.795595580000054, -6.263871771999959, 0.0 ], [ 106.795609787000046, -6.263875825999946, 0.0 ], [ 106.795662741000058, -6.263890081999932, 0.0 ], [ 106.795716625000068, -6.263900270999955, 0.0 ], [ 106.79577112700008, -6.263906335999934, 0.0 ], [ 106.795833332000086, -6.263911778999955, 0.0 ], [ 106.795885647000034, -6.263915342999951, 0.0 ], [ 106.795938075000038, -6.263916233999964, 0.0 ], [ 106.795952428000078, -6.263916741999935, 0.0 ], [ 106.795956814000078, -6.263916896999945, 0.0 ], [ 106.796020150000061, -6.263923236999972, 0.0 ], [ 106.796082545000047, -6.263935834999927, 0.0 ], [ 106.796393370000033, -6.263987785999973, 0.0 ], [ 106.796428351000088, -6.263993632999927, 0.0 ], [ 106.796444518000044, -6.263996385999974, 0.0 ], [ 106.796522823000032, -6.264006019999954, 0.0 ], [ 106.796601635000059, -6.264009599999952, 0.0 ], [ 106.796680489000039, -6.264007105999951, 0.0 ], [ 106.796711077000055, -6.264004494999938, 0.0 ], [ 106.796735534000049, -6.264001795999945, 0.0 ], [ 106.796753572000057, -6.263999551999973, 0.0 ], [ 106.796837889000074, -6.263986194999973, 0.0 ], [ 106.796921344000054, -6.263968220999971, 0.0 ], [ 106.797003687000085, -6.263945682999974, 0.0 ], [ 106.797060606000059, -6.263926681999976, 0.0 ], [ 106.797084666000046, -6.263918649999937, 0.0 ], [ 106.797094407000088, -6.263915, 0.0 ], [ 106.797112608000077, -6.263909554999941, 0.0 ], [ 106.797131217000072, -6.263905733999934, 0.0 ], [ 106.797154744000068, -6.263903281999944, 0.0 ], [ 106.797158929000034, -6.263903306999964, 0.0 ], [ 106.797178396000049, -6.263903421999942, 0.0 ], [ 106.797193600000071, -6.263903333999963, 0.0 ], [ 106.797199386000045, -6.263930114999937, 0.0 ], [ 106.797209489000068, -6.263974320999978, 0.0 ], [ 106.797215581000046, -6.264009165999937, 0.0 ], [ 106.797230773000081, -6.264060193999967, 0.0 ], [ 106.797264858000062, -6.264179398999943, 0.0 ], [ 106.797280662000048, -6.26424398599994, 0.0 ], [ 106.797305602000051, -6.264346715999977, 0.0 ], [ 106.797316835000061, -6.264407068999958, 0.0 ], [ 106.797331108000037, -6.264517027999943, 0.0 ], [ 106.797339715000078, -6.264648634999958, 0.0 ], [ 106.797345264000057, -6.264773967999929, 0.0 ], [ 106.797353323000038, -6.26488295799993, 0.0 ], [ 106.797360479000076, -6.265101235999964, 0.0 ], [ 106.797362148000047, -6.26515214099993, 0.0 ], [ 106.797369844000059, -6.26538691099995, 0.0 ], [ 106.797377134000044, -6.265609330999951, 0.0 ], [ 106.797379982000052, -6.265696177999928, 0.0 ], [ 106.797412018000045, -6.265699007999956, 0.0 ], [ 106.797427406000054, -6.265700366999965, 0.0 ], [ 106.797465372000033, -6.265703719999976, 0.0 ], [ 106.797501441000065, -6.265706905999934, 0.0 ], [ 106.797790294000038, -6.26573241799997, 0.0 ], [ 106.798105442000065, -6.265760178999926, 0.0 ], [ 106.798130349000076, -6.265762324999969, 0.0 ], [ 106.798311401000035, -6.26577548299997, 0.0 ], [ 106.798492713000087, -6.265784370999938, 0.0 ], [ 106.79863970100007, -6.265779538999936, 0.0 ], [ 106.79865681800004, -6.265778288999968, 0.0 ], [ 106.798695434000081, -6.265775466999969, 0.0 ], [ 106.798786378000045, -6.265768822999974, 0.0 ], [ 106.798932507000075, -6.265752239999927, 0.0 ], [ 106.798957727000072, -6.265750032999961, 0.0 ], [ 106.799058250000087, -6.265744101999928, 0.0 ], [ 106.799130748000039, -6.265743111999939, 0.0 ], [ 106.799158937000072, -6.265742725999928, 0.0 ], [ 106.799259584000083, -6.265745908999975, 0.0 ], [ 106.799359984000034, -6.265753644999961, 0.0 ], [ 106.799376391000067, -6.265754197999968, 0.0 ], [ 106.799473119000083, -6.265757459999975, 0.0 ], [ 106.799832891000051, -6.265796302999945, 0.0 ], [ 106.799990060000084, -6.265813270999956, 0.0 ], [ 106.800051781000036, -6.265819911999927, 0.0 ], [ 106.800129306000088, -6.265828254999974, 0.0 ], [ 106.800130472000035, -6.265832000999978, 0.0 ], [ 106.800139745000081, -6.265861749999942, 0.0 ], [ 106.800142588000085, -6.265870874999962, 0.0 ], [ 106.800160429000073, -6.265919731999929, 0.0 ], [ 106.800172064000037, -6.265970427999946, 0.0 ], [ 106.80017454700004, -6.265987748999976, 0.0 ], [ 106.800184272000081, -6.266060585999981, 0.0 ], [ 106.800190028000088, -6.266133842999977, 0.0 ], [ 106.800191796000036, -6.266207305999956, 0.0 ], [ 106.800193528000079, -6.266238620999957, 0.0 ], [ 106.800202036000087, -6.266392461999942, 0.0 ], [ 106.800242628000035, -6.26673954599994, 0.0 ], [ 106.800327691000064, -6.266744041999971, 0.0 ], [ 106.800364260000038, -6.266745973999946, 0.0 ], [ 106.800822197000059, -6.266805489999967, 0.0 ], [ 106.800934966000057, -6.266820592999977, 0.0 ], [ 106.801045383000087, -6.266835378999929, 0.0 ], [ 106.801407302000086, -6.266884193999942, 0.0 ], [ 106.801696740000068, -6.26691948399997, 0.0 ], [ 106.801752712000052, -6.266926308999928, 0.0 ], [ 106.801801196000042, -6.266933239999958, 0.0 ], [ 106.801815266000062, -6.266934359999937, 0.0 ], [ 106.801834389000078, -6.266933189999975, 0.0 ], [ 106.801836645000037, -6.266932676999943, 0.0 ], [ 106.801853074000064, -6.266928949999965, 0.0 ], [ 106.801862697000047, -6.266926431999934, 0.0 ], [ 106.801865004000035, -6.266925827999955, 0.0 ], [ 106.801875507000034, -6.266923080999959, 0.0 ], [ 106.801886977000038, -6.266920464999941, 0.0 ], [ 106.801908775000072, -6.266917458999956, 0.0 ], [ 106.801930773000038, -6.266916942999956, 0.0 ], [ 106.802014017000033, -6.266918103999956, 0.0 ], [ 106.80218172900004, -6.266911353999944, 0.0 ], [ 106.802295407000088, -6.266906947999928, 0.0 ], [ 106.802519461000088, -6.266898262999973, 0.0 ], [ 106.802584769000077, -6.266895284999976, 0.0 ], [ 106.802735135000034, -6.266887507999968, 0.0 ], [ 106.802817575000063, -6.266879862999929, 0.0 ], [ 106.802885059000062, -6.266873604999944, 0.0 ], [ 106.803034291000074, -6.266853596999965, 0.0 ], [ 106.803109007000046, -6.266841432999968, 0.0 ], [ 106.803148584000041, -6.26683498999995, 0.0 ], [ 106.803380976000085, -6.26679715399996, 0.0 ], [ 106.803457422000065, -6.266783291999957, 0.0 ], [ 106.803588007000087, -6.266759614999955, 0.0 ], [ 106.803634380000062, -6.266753842999947, 0.0 ], [ 106.803751288000058, -6.266739292999944, 0.0 ], [ 106.803763895000088, -6.266737724999928, 0.0 ], [ 106.80399045200005, -6.266706109999973, 0.0 ], [ 106.804069507000065, -6.266693247999967, 0.0 ], [ 106.804109378000078, -6.266686762999939, 0.0 ], [ 106.804211520000081, -6.266670145999967, 0.0 ], [ 106.804243760000077, -6.266664611999943, 0.0 ], [ 106.804389228000048, -6.266639639999937, 0.0 ], [ 106.804417309000087, -6.26663371799998, 0.0 ], [ 106.804427144000044, -6.266631642999926, 0.0 ], [ 106.804488070000048, -6.266618794999943, 0.0 ], [ 106.804477792000057, -6.266524077999975, 0.0 ], [ 106.80447421000008, -6.266482229999951, 0.0 ], [ 106.804454038000074, -6.266313717999935, 0.0 ], [ 106.804453298000055, -6.266307536999932, 0.0 ], [ 106.804635763000078, -6.266295798999977, 0.0 ], [ 106.80507046200006, -6.266267830999936, 0.0 ], [ 106.805159825000032, -6.266262081999969, 0.0 ], [ 106.805357299000036, -6.266252708999957, 0.0 ], [ 106.805933824000078, -6.26622376499995, 0.0 ], [ 106.806154478000053, -6.266211057999953, 0.0 ], [ 106.806295464000073, -6.266202938999925, 0.0 ], [ 106.806462958000054, -6.266193294999937, 0.0 ], [ 106.806784019000077, -6.266174805999981, 0.0 ], [ 106.806788883000081, -6.266174421999949, 0.0 ], [ 106.806854853000061, -6.266169219999938, 0.0 ], [ 106.807248801000071, -6.266138154999965, 0.0 ], [ 106.807286780000084, -6.266135160999966, 0.0 ], [ 106.807379607000087, -6.266127840999957, 0.0 ], [ 106.807408122000083, -6.26612529199997, 0.0 ], [ 106.807787731000076, -6.266091367999934, 0.0 ], [ 106.807790191000038, -6.26609114799993, 0.0 ], [ 106.807907395000086, -6.266080672999976, 0.0 ], [ 106.808311304000085, -6.266044575999956, 0.0 ], [ 106.808409288000064, -6.266035818999967, 0.0 ], [ 106.808444528000052, -6.266032668999969, 0.0 ], [ 106.808446162000052, -6.266032412999948, 0.0 ], [ 106.808448999000063, -6.266031658999964, 0.0 ], [ 106.808450636000089, -6.266030908999937, 0.0 ], [ 106.808454788000063, -6.266028622999954, 0.0 ], [ 106.808463134000078, -6.26602532499993, 0.0 ], [ 106.808494971000073, -6.266015170999935, 0.0 ], [ 106.808513491000042, -6.26600676399994, 0.0 ], [ 106.808528119000073, -6.266001527999947, 0.0 ], [ 106.808541347000073, -6.265998429999968, 0.0 ], [ 106.808543407000059, -6.265997788999925, 0.0 ], [ 106.808543730000054, -6.265997667999955, 0.0 ], [ 106.808545077000076, -6.265997261999928, 0.0 ], [ 106.808545801000037, -6.265997067999933, 0.0 ], [ 106.808547398000087, -6.265997010999968, 0.0 ], [ 106.80856046100007, -6.265996542999972, 0.0 ], [ 106.808569281000075, -6.26599622599997, 0.0 ], [ 106.808577410000055, -6.265995934999978, 0.0 ], [ 106.808580698000071, -6.265995816999975, 0.0 ], [ 106.808891440000082, -6.265984687999946, 0.0 ], [ 106.809465054000043, -6.265976968999951, 0.0 ], [ 106.80949901200006, -6.265975356999945, 0.0 ], [ 106.809512492000067, -6.265974716999949, 0.0 ], [ 106.809963899000081, -6.265953291999949, 0.0 ], [ 106.809982344000048, -6.265952347999928, 0.0 ], [ 106.810000774000059, -6.265953551999928, 0.0 ], [ 106.810078669000063, -6.265953200999945, 0.0 ], [ 106.810149004000039, -6.265952882999954, 0.0 ], [ 106.810120163000079, -6.266073701999971, 0.0 ], [ 106.810111143000086, -6.266111485999943, 0.0 ], [ 106.81010967800006, -6.266117622999957, 0.0 ], [ 106.810081555000068, -6.266235433999952, 0.0 ], [ 106.810046905000036, -6.266380585999968, 0.0 ], [ 106.810038917000043, -6.266414073999954, 0.0 ], [ 106.810017025000036, -6.266501989999938, 0.0 ], [ 106.81001271100007, -6.266515767999977, 0.0 ], [ 106.810000014000082, -6.266556312999967, 0.0 ], [ 106.809999946000062, -6.266556532999971, 0.0 ], [ 106.810075092000034, -6.266576469999961, 0.0 ], [ 106.810191405000069, -6.266607330999932, 0.0 ], [ 106.810320930000046, -6.266641696999955, 0.0 ], [ 106.810350606000043, -6.266649570999959, 0.0 ], [ 106.810352217000059, -6.266649942999948, 0.0 ], [ 106.810445036000033, -6.26667137499993, 0.0 ], [ 106.810575852000056, -6.266701582999929, 0.0 ], [ 106.810596674000067, -6.266706724999949, 0.0 ], [ 106.810741802000052, -6.266738013999941, 0.0 ], [ 106.811023995000085, -6.266787739999927, 0.0 ], [ 106.811101296000061, -6.266798994999931, 0.0 ], [ 106.811107640000046, -6.266799919999926, 0.0 ], [ 106.811363202000052, -6.266837130999932, 0.0 ], [ 106.811451634000036, -6.266850007999949, 0.0 ], [ 106.811771453000063, -6.266879313999937, 0.0 ], [ 106.811840088000054, -6.266884532999939, 0.0 ], [ 106.812456282000085, -6.266931381999939, 0.0 ], [ 106.8125, -6.266934704999926, 0.0 ], [ 106.812551005000046, -6.266935500999978, 0.0 ], [ 106.812626303000059, -6.266942312999959, 0.0 ], [ 106.812700697000082, -6.266955800999938, 0.0 ], [ 106.812708669000074, -6.266957456999933, 0.0 ], [ 106.812798430000043, -6.266988246999972, 0.0 ], [ 106.812892375000047, -6.267019620999974, 0.0 ], [ 106.81290434400006, -6.267024183999979, 0.0 ], [ 106.812931399000036, -6.267034496999941, 0.0 ], [ 106.812930549000043, -6.267036829999938, 0.0 ], [ 106.812925732000053, -6.267050044999962, 0.0 ], [ 106.812923964000049, -6.267054163999944, 0.0 ], [ 106.812904370000069, -6.267099824999946, 0.0 ], [ 106.812870914000086, -6.267140629999972, 0.0 ], [ 106.812827610000056, -6.267170766999925, 0.0 ], [ 106.812775098000088, -6.267166445999976, 0.0 ], [ 106.812760648000051, -6.267165257999977, 0.0 ], [ 106.812710425000034, -6.267158079999945, 0.0 ], [ 106.812661209000055, -6.267170385999975, 0.0 ], [ 106.81261610200005, -6.267195828999945, 0.0 ], [ 106.812586853000084, -6.267238582999937, 0.0 ], [ 106.812557703000039, -6.267311436999933, 0.0 ], [ 106.81252855300005, -6.267384289999939, 0.0 ], [ 106.81249940400005, -6.267457143999934, 0.0 ], [ 106.812472170000035, -6.26752180099993, 0.0 ], [ 106.812445570000079, -6.26758426799995, 0.0 ], [ 106.812418968000088, -6.26764673699995, 0.0 ], [ 106.812392367000086, -6.267709203999971, 0.0 ], [ 106.812374361000082, -6.267751215999965, 0.0 ], [ 106.812357847000044, -6.267789751999942, 0.0 ], [ 106.812323325000079, -6.26787029999997, 0.0 ], [ 106.812322504000065, -6.267872214999954, 0.0 ], [ 106.812288805000037, -6.267950847999941, 0.0 ], [ 106.812276858000075, -6.267978153999934, 0.0 ], [ 106.812259348000055, -6.268018171999927, 0.0 ], [ 106.812229891000072, -6.26808549499998, 0.0 ], [ 106.81219511900008, -6.268150512999966, 0.0 ], [ 106.812175511000078, -6.268198980999955, 0.0 ], [ 106.812167466000062, -6.268218865999927, 0.0 ], [ 106.812147244000073, -6.268289775999961, 0.0 ], [ 106.812136124000062, -6.26833764099996, 0.0 ], [ 106.812135828000066, -6.268338909999954, 0.0 ], [ 106.812128939000047, -6.268388881999954, 0.0 ], [ 106.81211378900008, -6.26844859299996, 0.0 ], [ 106.812098640000045, -6.268508304999955, 0.0 ], [ 106.812083491000067, -6.268568017999939, 0.0 ], [ 106.812070929000072, -6.26862394099993, 0.0 ], [ 106.812065585000084, -6.26866836399995, 0.0 ], [ 106.812064081000074, -6.268680846999928, 0.0 ], [ 106.812066380000033, -6.26868830899997, 0.0 ], [ 106.81207915300007, -6.268729762999953, 0.0 ], [ 106.812108622000039, -6.268771600999969, 0.0 ], [ 106.812154361000069, -6.268825773999936, 0.0 ], [ 106.812200099000052, -6.26887994599997, 0.0 ], [ 106.812219284000037, -6.268902669999932, 0.0 ], [ 106.812245837000034, -6.268934118999937, 0.0 ], [ 106.812263818000076, -6.268958277999957, 0.0 ], [ 106.812273585000071, -6.268971401999977, 0.0 ], [ 106.812276682000061, -6.26897556199998, 0.0 ], [ 106.812275212000088, -6.268981083999961, 0.0 ], [ 106.812270543000068, -6.268998634999946, 0.0 ], [ 106.812260751000053, -6.26903542499997, 0.0 ], [ 106.812224967000077, -6.269092063999949, 0.0 ], [ 106.812184282000032, -6.269147196999938, 0.0 ], [ 106.812128604000065, -6.269214900999941, 0.0 ], [ 106.812109288000045, -6.269235256999934, 0.0 ], [ 106.812085764000074, -6.269260047999978, 0.0 ], [ 106.812042925000071, -6.26930519299998, 0.0 ], [ 106.811976943000047, -6.269366160999937, 0.0 ], [ 106.811916877000044, -6.269410591999929, 0.0 ], [ 106.811859962000085, -6.26943707099997, 0.0 ], [ 106.811827991000087, -6.269459479999966, 0.0 ], [ 106.811808554000038, -6.269473103999928, 0.0 ], [ 106.811764236000045, -6.269517577999977, 0.0 ], [ 106.81172526000006, -6.269574491999947, 0.0 ], [ 106.811705780000068, -6.269615967999925, 0.0 ], [ 106.811695933000067, -6.269636934999937, 0.0 ], [ 106.811677016000033, -6.269703282999956, 0.0 ], [ 106.811647906000076, -6.269783731999951, 0.0 ], [ 106.811618796000062, -6.269864182999925, 0.0 ], [ 106.811595553000075, -6.269928162999975, 0.0 ], [ 106.811594532000072, -6.26993097299993, 0.0 ], [ 106.811572309000042, -6.269992141999978, 0.0 ], [ 106.811560735000057, -6.270023998999932, 0.0 ], [ 106.811549066000055, -6.270056121999971, 0.0 ], [ 106.811529718000088, -6.270109136999963, 0.0 ], [ 106.811510370000065, -6.270162152999944, 0.0 ], [ 106.811500488000036, -6.270219253999926, 0.0 ], [ 106.811502017000066, -6.270234369999969, 0.0 ], [ 106.811506321000081, -6.270276911999929, 0.0 ], [ 106.811528808000048, -6.27034034299993, 0.0 ], [ 106.811574133000079, -6.27039007299993, 0.0 ], [ 106.811621835000039, -6.270430292999947, 0.0 ], [ 106.811669538000046, -6.270470513999953, 0.0 ], [ 106.811741017000088, -6.270524240999976, 0.0 ], [ 106.811802900000089, -6.270588800999974, 0.0 ], [ 106.81183816500004, -6.270638618999953, 0.0 ], [ 106.811868101000073, -6.270691813999974, 0.0 ], [ 106.811892386000068, -6.270747818999951, 0.0 ], [ 106.811906905000058, -6.270798249999928, 0.0 ], [ 106.811908650000078, -6.270833335999953, 0.0 ], [ 106.811919651000039, -6.270892724999953, 0.0 ], [ 106.811939563000067, -6.270949744999939, 0.0 ], [ 106.811967925000033, -6.271003062999966, 0.0 ], [ 106.812016973000084, -6.271074103999979, 0.0 ], [ 106.812077692000059, -6.271135452999943, 0.0 ], [ 106.812148212000068, -6.271185214999946, 0.0 ], [ 106.812160770000048, -6.271191102999978, 0.0 ], [ 106.812226349000071, -6.271221849999961, 0.0 ], [ 106.812284662000081, -6.271240626999941, 0.0 ], [ 106.81234310800005, -6.271258986999953, 0.0 ], [ 106.812401683000076, -6.271276928999953, 0.0 ], [ 106.812471404000064, -6.271308530999931, 0.0 ], [ 106.812527576000036, -6.271360554999944, 0.0 ], [ 106.81254227800008, -6.271389319999969, 0.0 ], [ 106.812547421000033, -6.271471553999959, 0.0 ], [ 106.812568597000052, -6.271551177999925, 0.0 ], [ 106.812568988000066, -6.27155208299996, 0.0 ], [ 106.812581928000043, -6.271582047999971, 0.0 ], [ 106.812631535000037, -6.271648120999942, 0.0 ], [ 106.812675127000034, -6.271667827999977, 0.0 ], [ 106.812706799000068, -6.271682146999979, 0.0 ], [ 106.81278025000006, -6.271703488999947, 0.0 ], [ 106.812853701000051, -6.271724829999926, 0.0 ], [ 106.812908136000033, -6.271737499999972, 0.0 ], [ 106.812962569000035, -6.271750170999951, 0.0 ], [ 106.813006547000043, -6.271777070999974, 0.0 ], [ 106.813039305000075, -6.271816889999968, 0.0 ], [ 106.813065174000087, -6.271865243999969, 0.0 ], [ 106.813091042000053, -6.271913598999959, 0.0 ], [ 106.813119889000063, -6.271959251999931, 0.0 ], [ 106.813156021000054, -6.271995929999946, 0.0 ], [ 106.813201149000065, -6.272020692999945, 0.0 ], [ 106.81327768400007, -6.272050200999956, 0.0 ], [ 106.813355783000077, -6.272075270999949, 0.0 ], [ 106.813424729000076, -6.272082075999947, 0.0 ], [ 106.813493937000032, -6.27208522899997, 0.0 ], [ 106.81356321700008, -6.272084718999963, 0.0 ], [ 106.81362332100008, -6.272083536999958, 0.0 ], [ 106.813683339000079, -6.272080116999973, 0.0 ], [ 106.813766494000049, -6.272097104999943, 0.0 ], [ 106.813837763000038, -6.27214321799994, 0.0 ], [ 106.813889979000066, -6.272205835999955, 0.0 ], [ 106.813911193000081, -6.272289588999968, 0.0 ], [ 106.81390790100005, -6.272375924999949, 0.0 ], [ 106.813889059000076, -6.272433305999925, 0.0 ], [ 106.813870567000038, -6.272476427999948, 0.0 ], [ 106.813865256000042, -6.27248881099996, 0.0 ], [ 106.813861986000063, -6.272530538999945, 0.0 ], [ 106.813859996000076, -6.272555919999945, 0.0 ], [ 106.813861651000082, -6.272580467999944, 0.0 ], [ 106.813864526000089, -6.272623080999949, 0.0 ], [ 106.813871129000063, -6.272689146999937, 0.0 ], [ 106.813877734000073, -6.272755211999936, 0.0 ], [ 106.813884337000047, -6.272821275999945, 0.0 ], [ 106.81389271200004, -6.272909612999968, 0.0 ], [ 106.813901086000044, -6.272997949999933, 0.0 ], [ 106.813905479000084, -6.273023526999964, 0.0 ], [ 106.813910440000086, -6.273045688999957, 0.0 ], [ 106.813913987000035, -6.273058420999973, 0.0 ], [ 106.813914009000086, -6.273058498999944, 0.0 ], [ 106.813917562000086, -6.273071251999966, 0.0 ], [ 106.813923320000072, -6.27308807999998, 0.0 ], [ 106.813927137000064, -6.273099232999925, 0.0 ], [ 106.81395384700005, -6.27316560099996, 0.0 ], [ 106.813970642000072, -6.273235145999934, 0.0 ], [ 106.813975614000071, -6.273280602999932, 0.0 ], [ 106.813977259000069, -6.27329564799993, 0.0 ], [ 106.81397165900006, -6.273356251999928, 0.0 ], [ 106.813943058000064, -6.273409457999946, 0.0 ], [ 106.813938567000037, -6.273417811999934, 0.0 ], [ 106.813904921000074, -6.27346535199996, 0.0 ], [ 106.813898194000046, -6.27347485599995, 0.0 ], [ 106.813886123000088, -6.273494682999967, 0.0 ], [ 106.813885764000077, -6.273495271999934, 0.0 ], [ 106.813851989000057, -6.273550739999962, 0.0 ], [ 106.81382147100004, -6.273634186999971, 0.0 ], [ 106.813819333000083, -6.27364793299995, 0.0 ], [ 106.813807815000075, -6.273721988999966, 0.0 ], [ 106.813807826000073, -6.273722246999967, 0.0 ], [ 106.81380880200004, -6.273745493999968, 0.0 ], [ 106.813811542000053, -6.273810768999965, 0.0 ], [ 106.813832514000069, -6.273897115999944, 0.0 ], [ 106.81385645000006, -6.273939428999938, 0.0 ], [ 106.813894001000051, -6.273984625999958, 0.0 ], [ 106.813931552000042, -6.274029824999957, 0.0 ], [ 106.813943188000053, -6.274056895999934, 0.0 ], [ 106.813949304000062, -6.274071118999927, 0.0 ], [ 106.813958149000086, -6.274091693999935, 0.0 ], [ 106.813962482000079, -6.274158903999933, 0.0 ], [ 106.813956098000062, -6.274200009999959, 0.0 ], [ 106.813947675000065, -6.274265267999965, 0.0 ], [ 106.813943800000061, -6.274295287999962, 0.0 ], [ 106.813939252000068, -6.274330524999925, 0.0 ], [ 106.813930829000071, -6.274395784999967, 0.0 ], [ 106.813930030000051, -6.274440666999965, 0.0 ], [ 106.813929786000074, -6.274454396999943, 0.0 ], [ 106.813931646000071, -6.274466019999977, 0.0 ], [ 106.813942166000061, -6.274531784999965, 0.0 ], [ 106.813960850000058, -6.274565318999976, 0.0 ], [ 106.813971992000063, -6.274581069999954, 0.0 ], [ 106.814011409000045, -6.274636788999942, 0.0 ], [ 106.814029464000043, -6.274659038999971, 0.0 ], [ 106.814045402000033, -6.274686422999935, 0.0 ], [ 106.814062383000078, -6.274729871999966, 0.0 ], [ 106.814077858000076, -6.274769466999942, 0.0 ], [ 106.814079364000065, -6.27477332199993, 0.0 ], [ 106.814102919000049, -6.27484351399994, 0.0 ], [ 106.814104735000058, -6.274849983999957, 0.0 ], [ 106.814122888000043, -6.274914614999943, 0.0 ], [ 106.814135070000077, -6.274957991999941, 0.0 ], [ 106.81414262800007, -6.274984897999957, 0.0 ], [ 106.814142859000071, -6.274985717999925, 0.0 ], [ 106.814158572000053, -6.275036050999972, 0.0 ], [ 106.814174287000071, -6.275086385999941, 0.0 ], [ 106.814185320000036, -6.275107000999981, 0.0 ], [ 106.814188138000077, -6.27511020999998, 0.0 ], [ 106.814205051000044, -6.275129467999932, 0.0 ], [ 106.814209236000067, -6.275156907999929, 0.0 ], [ 106.814210336000087, -6.275164113999949, 0.0 ], [ 106.814211343000068, -6.275210414999947, 0.0 ], [ 106.814207048000071, -6.275245758999972, 0.0 ], [ 106.814205756000035, -6.275256388999935, 0.0 ], [ 106.814204527000072, -6.275260277999962, 0.0 ], [ 106.814188019000085, -6.275312519999943, 0.0 ], [ 106.814146158000085, -6.275392358999966, 0.0 ], [ 106.814140198000075, -6.275404135999963, 0.0 ], [ 106.814107274000037, -6.27546919699995, 0.0 ], [ 106.814097867000044, -6.275497254999948, 0.0 ], [ 106.814082658000075, -6.275542624999957, 0.0 ], [ 106.81406846200008, -6.275618760999976, 0.0 ], [ 106.814060560000087, -6.275684337999962, 0.0 ], [ 106.814058580000051, -6.275733385999956, 0.0 ], [ 106.814056597000047, -6.275782436999975, 0.0 ], [ 106.814052599000036, -6.275818632999972, 0.0 ], [ 106.814049583000042, -6.275835337999979, 0.0 ], [ 106.81404785400008, -6.275844913999947, 0.0 ], [ 106.814042334000078, -6.275875485999961, 0.0 ], [ 106.814030169000034, -6.275911074999954, 0.0 ], [ 106.814022464000061, -6.27593361199996, 0.0 ], [ 106.813983589000088, -6.275981160999947, 0.0 ], [ 106.813929537000035, -6.275992652999946, 0.0 ], [ 106.813897204000057, -6.275999528999932, 0.0 ], [ 106.813851126000088, -6.275995573999978, 0.0 ], [ 106.813809215000049, -6.275991975999943, 0.0 ], [ 106.813786659000073, -6.275986777999947, 0.0 ], [ 106.81373476300007, -6.275974817999952, 0.0 ], [ 106.813660309000056, -6.27595765999996, 0.0 ], [ 106.813585855000042, -6.275940501999969, 0.0 ], [ 106.81353318500004, -6.275929754999936, 0.0 ], [ 106.813514162000047, -6.275925873999938, 0.0 ], [ 106.813484193000079, -6.275928817999954, 0.0 ], [ 106.813441343000079, -6.27593302899993, 0.0 ], [ 106.813373862000049, -6.275961330999962, 0.0 ], [ 106.813307077000047, -6.276007015999937, 0.0 ], [ 106.81326794000006, -6.276055595999935, 0.0 ], [ 106.813228803000072, -6.276104175999933, 0.0 ], [ 106.813215685000046, -6.276120460999948, 0.0 ], [ 106.813210887000082, -6.276126414999965, 0.0 ], [ 106.813195952000058, -6.276144957999975, 0.0 ], [ 106.813163099000064, -6.276185741999939, 0.0 ], [ 106.813121692000038, -6.276216481999938, 0.0 ], [ 106.813078189000066, -6.276244168999938, 0.0 ], [ 106.813056717000052, -6.27625753999996, 0.0 ], [ 106.81305367200008, -6.27625943399994, 0.0 ], [ 106.813008646000071, -6.276287471999979, 0.0 ], [ 106.813002183000037, -6.276291496999931, 0.0 ], [ 106.812939104000066, -6.276330773999973, 0.0 ], [ 106.812921306000078, -6.276356, 0.0 ], [ 106.812895089000051, -6.276393159999941, 0.0 ], [ 106.812894497000059, -6.276406747999943, 0.0 ], [ 106.812891767000053, -6.276469451999958, 0.0 ], [ 106.812897786000065, -6.276492294999969, 0.0 ], [ 106.812903639000069, -6.276514505999955, 0.0 ], [ 106.812915509000049, -6.276559559999953, 0.0 ], [ 106.812918809000053, -6.276571954999952, 0.0 ], [ 106.812927344000059, -6.276603997999928, 0.0 ], [ 106.812932948000082, -6.276625048999961, 0.0 ], [ 106.812945288000037, -6.276667099999941, 0.0 ], [ 106.81294988500008, -6.276682764999975, 0.0 ], [ 106.812966819000053, -6.276740479999944, 0.0 ], [ 106.812993878000043, -6.276821963999964, 0.0 ], [ 106.812993776000042, -6.276850941999953, 0.0 ], [ 106.812993584000083, -6.276906463999978, 0.0 ], [ 106.812979261000066, -6.276948335999975, 0.0 ], [ 106.812971087000051, -6.276972230999945, 0.0 ], [ 106.812966237000069, -6.27698640999995, 0.0 ], [ 106.812966105000044, -6.276986651999948, 0.0 ], [ 106.81294272100007, -6.277029831999926, 0.0 ], [ 106.812925902000075, -6.277076262999969, 0.0 ], [ 106.812922524000044, -6.277123113999949, 0.0 ], [ 106.812925668000048, -6.277146388999938, 0.0 ], [ 106.812925810000081, -6.277147439999965, 0.0 ], [ 106.812928812000052, -6.277169663999928, 0.0 ], [ 106.812929419000056, -6.277202132999946, 0.0 ], [ 106.81292545000008, -6.277221716999975, 0.0 ], [ 106.812905320000084, -6.277277286999947, 0.0 ], [ 106.812885191000078, -6.277332858999955, 0.0 ], [ 106.812858009000081, -6.277393616999973, 0.0 ], [ 106.812855355000067, -6.277399549999927, 0.0 ], [ 106.812842806000049, -6.277423776999967, 0.0 ], [ 106.812831007000057, -6.277449424999929, 0.0 ], [ 106.812821554000038, -6.277493540999956, 0.0 ], [ 106.812823644000048, -6.277527953999936, 0.0 ], [ 106.81282365900006, -6.277528182999959, 0.0 ], [ 106.812828477000039, -6.277552969999931, 0.0 ], [ 106.812829591000082, -6.277558693999936, 0.0 ], [ 106.812831585000083, -6.277568948999942, 0.0 ], [ 106.812834922000036, -6.277577453999925, 0.0 ], [ 106.812846151000088, -6.27760607099998, 0.0 ], [ 106.812851911000052, -6.277623997999967, 0.0 ], [ 106.812855951000074, -6.277636566999945, 0.0 ], [ 106.812860417000081, -6.277650462999929, 0.0 ], [ 106.812867140000037, -6.27768115799995, 0.0 ], [ 106.81286983800004, -6.277704425999957, 0.0 ], [ 106.812871762000043, -6.277721018999955, 0.0 ], [ 106.812869492000061, -6.277745017999962, 0.0 ], [ 106.812864586000046, -6.277770277999934, 0.0 ], [ 106.812856718000035, -6.277798786999938, 0.0 ], [ 106.812836079000078, -6.277845454999976, 0.0 ], [ 106.812824634000037, -6.277867555999933, 0.0 ], [ 106.81281548000004, -6.277886101999968, 0.0 ], [ 106.812809989000073, -6.277897224999947, 0.0 ], [ 106.812801686000057, -6.277918464999971, 0.0 ], [ 106.812785029000054, -6.277961077999976, 0.0 ], [ 106.812783924000087, -6.277964528999973, 0.0 ], [ 106.812770095000076, -6.27800775299994, 0.0 ], [ 106.812760388000072, -6.278048528999932, 0.0 ], [ 106.812759500000084, -6.278054056999963, 0.0 ], [ 106.812755942000081, -6.278076204999934, 0.0 ], [ 106.812754713000061, -6.278083854999977, 0.0 ], [ 106.812751854000055, -6.278113691999977, 0.0 ], [ 106.812749455000073, -6.278138560999935, 0.0 ], [ 106.81274664700004, -6.278167673999974, 0.0 ], [ 106.812743729000033, -6.278197918999979, 0.0 ], [ 106.812743544000057, -6.278199844999961, 0.0 ], [ 106.812735314000065, -6.278253309999968, 0.0 ], [ 106.812731385000063, -6.278278831999955, 0.0 ], [ 106.812701430000061, -6.278345772999955, 0.0 ], [ 106.812698071000057, -6.278353281999955, 0.0 ], [ 106.812648171000035, -6.278393630999972, 0.0 ], [ 106.812634666000065, -6.278404553999962, 0.0 ], [ 106.812565705000054, -6.278417356999967, 0.0 ], [ 106.81255593700007, -6.278413705999981, 0.0 ], [ 106.812550166000051, -6.27841154999993, 0.0 ], [ 106.812499999000067, -6.27839279899996, 0.0 ], [ 106.81249540500005, -6.27839262599997, 0.0 ], [ 106.812477906000083, -6.278391968999927, 0.0 ], [ 106.812420386000042, -6.278408334999938, 0.0 ], [ 106.812381161000076, -6.278439614999968, 0.0 ], [ 106.812362844000063, -6.278454222999926, 0.0 ], [ 106.812340830000039, -6.27847613299997, 0.0 ], [ 106.812319663000039, -6.278497200999936, 0.0 ], [ 106.812308484000084, -6.278511622999929, 0.0 ], [ 106.81229572400008, -6.278528082999969, 0.0 ], [ 106.812289445000033, -6.278536182999972, 0.0 ], [ 106.812282335000077, -6.278545355999938, 0.0 ], [ 106.812277299000073, -6.278553056999954, 0.0 ], [ 106.812272128000075, -6.278562038999951, 0.0 ], [ 106.812258969000084, -6.278584897999963, 0.0 ], [ 106.812252168000043, -6.278596709999931, 0.0 ], [ 106.812250493000079, -6.278599619999966, 0.0 ], [ 106.812246946000073, -6.278605781999943, 0.0 ], [ 106.812233499000058, -6.278629138999975, 0.0 ], [ 106.812223686000038, -6.278646181999932, 0.0 ], [ 106.812192275000086, -6.278705052999953, 0.0 ], [ 106.812171075000037, -6.278744783999969, 0.0 ], [ 106.812160864000077, -6.278763922999929, 0.0 ], [ 106.812129452000079, -6.27882279399995, 0.0 ], [ 106.812102100000061, -6.278884737999931, 0.0 ], [ 106.812083059000088, -6.278927856999928, 0.0 ], [ 106.812077656000042, -6.278940091999971, 0.0 ], [ 106.812074746000064, -6.278946682999958, 0.0 ], [ 106.812047393000057, -6.279008626999939, 0.0 ], [ 106.812016368000059, -6.279075113999966, 0.0 ], [ 106.811973119000072, -6.279134368999962, 0.0 ], [ 106.811919268000054, -6.279184174999955, 0.0 ], [ 106.811856836000061, -6.279222662999928, 0.0 ], [ 106.81178815800007, -6.279248387999928, 0.0 ], [ 106.81172898300008, -6.279237040999931, 0.0 ], [ 106.811728724000034, -6.279236990999948, 0.0 ], [ 106.811705454000048, -6.279225736999933, 0.0 ], [ 106.811685890000035, -6.279216276999932, 0.0 ], [ 106.81168475000004, -6.279215810999972, 0.0 ], [ 106.811641868000038, -6.279198232999931, 0.0 ], [ 106.81160208700004, -6.279185612999981, 0.0 ], [ 106.81155962400004, -6.279172142999926, 0.0 ], [ 106.811475625000071, -6.279152428999964, 0.0 ], [ 106.811412396000037, -6.279157641999973, 0.0 ], [ 106.811406160000047, -6.279158154999948, 0.0 ], [ 106.811389792000057, -6.279165481999939, 0.0 ], [ 106.811342531000037, -6.279186630999959, 0.0 ], [ 106.811278271000049, -6.279234508999934, 0.0 ], [ 106.811268984000037, -6.279242382999939, 0.0 ], [ 106.811217148000082, -6.279286337999963, 0.0 ], [ 106.811165326000037, -6.279336218999958, 0.0 ], [ 106.811159407000048, -6.279341916999954, 0.0 ], [ 106.811105276000035, -6.279401019999966, 0.0 ], [ 106.811051360000079, -6.279449003999957, 0.0 ], [ 106.810989895000034, -6.27948682799996, 0.0 ], [ 106.810977435000041, -6.279492420999929, 0.0 ], [ 106.810936151000078, -6.279510949999974, 0.0 ], [ 106.810884939000061, -6.27954006899995, 0.0 ], [ 106.810873948000051, -6.279549, 0.0 ], [ 106.81085457100005, -6.279564744999959, 0.0 ], [ 106.810821867000072, -6.279591319999952, 0.0 ], [ 106.810769249000089, -6.279647704999945, 0.0 ], [ 106.810766415000046, -6.279650741999944, 0.0 ], [ 106.810719629000062, -6.279717209999944, 0.0 ], [ 106.810692413000083, -6.279786387999934, 0.0 ], [ 106.810686695000072, -6.279819041999929, 0.0 ], [ 106.810676833000059, -6.27987537599995, 0.0 ], [ 106.810661670000059, -6.279964437999979, 0.0 ], [ 106.810656301000051, -6.279996908999976, 0.0 ], [ 106.810646930000075, -6.280053570999939, 0.0 ], [ 106.810639568000056, -6.280122808999977, 0.0 ], [ 106.810633918000065, -6.280175923999934, 0.0 ], [ 106.810632544000043, -6.280188840999926, 0.0 ], [ 106.810632204000058, -6.280192047999947, 0.0 ], [ 106.810624841000049, -6.280261286999973, 0.0 ], [ 106.810617587000081, -6.28034269699998, 0.0 ], [ 106.810609458000044, -6.280424026999981, 0.0 ], [ 106.810600455000042, -6.280505262999952, 0.0 ], [ 106.810592369000062, -6.280571702999964, 0.0 ], [ 106.810590580000053, -6.280586396999979, 0.0 ], [ 106.810590131000083, -6.280589788999976, 0.0 ], [ 106.810581092000064, -6.280657911999981, 0.0 ], [ 106.810579832000087, -6.280667420999976, 0.0 ], [ 106.810568213000067, -6.28074832599998, 0.0 ], [ 106.810543390000078, -6.280816785999946, 0.0 ], [ 106.810539590000076, -6.28082726599996, 0.0 ], [ 106.810502274000044, -6.280902486999935, 0.0 ], [ 106.81049237600007, -6.280915119999975, 0.0 ], [ 106.810463593000065, -6.280951859999959, 0.0 ], [ 106.810408177000056, -6.281002982999951, 0.0 ], [ 106.810392744000069, -6.281021830999975, 0.0 ], [ 106.810357686000089, -6.281064619999938, 0.0 ], [ 106.810335443000042, -6.281091769999932, 0.0 ], [ 106.810323984000036, -6.281105755999931, 0.0 ], [ 106.810289239000042, -6.281148163999944, 0.0 ], [ 106.810264889000052, -6.281184771999961, 0.0 ], [ 106.810245811000073, -6.281201169999974, 0.0 ], [ 106.810201666000069, -6.281239113999959, 0.0 ], [ 106.810126934000039, -6.281277896999939, 0.0 ], [ 106.810072770000033, -6.281309843999964, 0.0 ], [ 106.810054412000056, -6.281320671999936, 0.0 ], [ 106.809984309000072, -6.281367312999976, 0.0 ], [ 106.809916834000035, -6.281417683999962, 0.0 ], [ 106.809906993000084, -6.281425898999942, 0.0 ], [ 106.809852184000079, -6.281471636999981, 0.0 ], [ 106.809798565000051, -6.28152468299993, 0.0 ], [ 106.809747236000078, -6.281579951999959, 0.0 ], [ 106.809698293000054, -6.281637345999968, 0.0 ], [ 106.809682352000038, -6.281657724999945, 0.0 ], [ 106.809651820000056, -6.281696760999978, 0.0 ], [ 106.809638202000087, -6.281715778999967, 0.0 ], [ 106.809607902000039, -6.281758091999961, 0.0 ], [ 106.809586619000072, -6.281803601999968, 0.0 ], [ 106.809584867000069, -6.281853818999934, 0.0 ], [ 106.80958490900008, -6.281856365999943, 0.0 ], [ 106.809585632000051, -6.281899744999976, 0.0 ], [ 106.809585698000035, -6.281903694999926, 0.0 ], [ 106.809585771000059, -6.281908103999967, 0.0 ], [ 106.80957830400007, -6.281961878999937, 0.0 ], [ 106.809551519000081, -6.282015503999958, 0.0 ], [ 106.809508377000043, -6.282057103999932, 0.0 ], [ 106.809507650000057, -6.282057684999927, 0.0 ], [ 106.809506609000039, -6.282058512999981, 0.0 ], [ 106.809457249000047, -6.282097840999938, 0.0 ], [ 106.809447618000036, -6.282105513999966, 0.0 ], [ 106.80938285600007, -6.282148418999952, 0.0 ], [ 106.80934568300006, -6.28219884799995, 0.0 ], [ 106.809334024000066, -6.28226041399995, 0.0 ], [ 106.809325290000061, -6.282340143999932, 0.0 ], [ 106.809320623000076, -6.282398865999937, 0.0 ], [ 106.809318934000032, -6.282420094999964, 0.0 ], [ 106.809314961000041, -6.282500201999937, 0.0 ], [ 106.80931337700008, -6.282580391999943, 0.0 ], [ 106.809302395000088, -6.282640053999955, 0.0 ], [ 106.809288988000048, -6.28270654499994, 0.0 ], [ 106.809288881000043, -6.282774376999953, 0.0 ], [ 106.809302082000045, -6.282840909999948, 0.0 ], [ 106.809309781000081, -6.282861522999951, 0.0 ], [ 106.809332937000079, -6.282923516999972, 0.0 ], [ 106.809376376000046, -6.28300024999993, 0.0 ], [ 106.809431321000034, -6.283069202999968, 0.0 ], [ 106.809474676000036, -6.283125930999972, 0.0 ], [ 106.809515196000063, -6.283184716999926, 0.0 ], [ 106.809552789000065, -6.283245417999979, 0.0 ], [ 106.809560447000081, -6.283259254999962, 0.0 ], [ 106.809587365000084, -6.283307892999972, 0.0 ], [ 106.809598726000047, -6.283334542999967, 0.0 ], [ 106.809615349000069, -6.283373532999974, 0.0 ], [ 106.80960989600004, -6.283424152999942, 0.0 ], [ 106.809580471000061, -6.283465691999936, 0.0 ], [ 106.80957851900007, -6.283468030999927, 0.0 ], [ 106.809573085000068, -6.283474534999925, 0.0 ], [ 106.809532975000081, -6.283522554999934, 0.0 ], [ 106.809488373000079, -6.283581718999926, 0.0 ], [ 106.809446778000051, -6.283643036999933, 0.0 ], [ 106.809408296000072, -6.283706355999925, 0.0 ], [ 106.809373018000088, -6.28377151899997, 0.0 ], [ 106.809371806000058, -6.28377560399997, 0.0 ], [ 106.809359168000071, -6.283818194999981, 0.0 ], [ 106.809354512000084, -6.28386666199998, 0.0 ], [ 106.809362093000061, -6.283954428999948, 0.0 ], [ 106.80937771300006, -6.28400987699996, 0.0 ], [ 106.809385979000069, -6.284039218999965, 0.0 ], [ 106.809425323000085, -6.284118029999945, 0.0 ], [ 106.809453214000087, -6.28415460399998, 0.0 ], [ 106.809478732000059, -6.284188064999967, 0.0 ], [ 106.809519278000039, -6.284227480999959, 0.0 ], [ 106.809532392000051, -6.284240228999977, 0.0 ], [ 106.809535592000088, -6.28424410599996, 0.0 ], [ 106.809580037000046, -6.284297944999935, 0.0 ], [ 106.809621098000036, -6.284360523999965, 0.0 ], [ 106.809630324000068, -6.284383587999969, 0.0 ], [ 106.80964361100007, -6.284416797999938, 0.0 ], [ 106.809644928000068, -6.284477398999968, 0.0 ], [ 106.809638024000037, -6.284543589999942, 0.0 ], [ 106.809632201000056, -6.284563639999931, 0.0 ], [ 106.809607688000085, -6.284648041999958, 0.0 ], [ 106.809606338000037, -6.284654246999935, 0.0 ], [ 106.809603292000077, -6.284668248999935, 0.0 ], [ 106.80959474000008, -6.284707587999947, 0.0 ], [ 106.809583750000058, -6.284740105999958, 0.0 ], [ 106.809578560000034, -6.284782003999965, 0.0 ], [ 106.80957813100008, -6.284785468999928, 0.0 ], [ 106.80958219300004, -6.284840172999964, 0.0 ], [ 106.809597134000057, -6.284892950999961, 0.0 ], [ 106.809624986000074, -6.284965289999946, 0.0 ], [ 106.809643014000073, -6.285040680999941, 0.0 ], [ 106.809650899000076, -6.285117799999966, 0.0 ], [ 106.809653301000083, -6.285142659999963, 0.0 ], [ 106.809658445000082, -6.285195897999927, 0.0 ], [ 106.809664629000054, -6.285274116999972, 0.0 ], [ 106.809665584000072, -6.285337385999981, 0.0 ], [ 106.809661679000044, -6.285400541999934, 0.0 ], [ 106.809653508000054, -6.28544861499995, 0.0 ], [ 106.809643222000034, -6.285496277999925, 0.0 ], [ 106.809636792000049, -6.28556520099994, 0.0 ], [ 106.809639485000048, -6.285601163999956, 0.0 ], [ 106.809641963000047, -6.285634228999925, 0.0 ], [ 106.80966326500004, -6.285692614999959, 0.0 ], [ 106.809692420000033, -6.285717230999978, 0.0 ], [ 106.809710738000035, -6.285732696999958, 0.0 ], [ 106.809751883000047, -6.285781395999948, 0.0 ], [ 106.809759523000082, -6.285790438999925, 0.0 ], [ 106.80975729000005, -6.285852321999926, 0.0 ], [ 106.809756796000045, -6.285866, 0.0 ], [ 106.809752267000079, -6.285870302999967, 0.0 ], [ 106.80975260200006, -6.285871419999978, 0.0 ], [ 106.809746646000065, -6.285875641999951, 0.0 ], [ 106.809720700000071, -6.285900289999972, 0.0 ], [ 106.809702875000085, -6.285906557999965, 0.0 ], [ 106.809693716000083, -6.285913021999932, 0.0 ], [ 106.809684444000084, -6.285919553999975, 0.0 ], [ 106.809675052000046, -6.285926170999971, 0.0 ], [ 106.809645727000088, -6.285926650999954, 0.0 ], [ 106.809642189000044, -6.285927894999929, 0.0 ], [ 106.809559893000085, -6.285940262999929, 0.0 ], [ 106.809476741000083, -6.285936956999933, 0.0 ], [ 106.809445977000053, -6.285929796999937, 0.0 ], [ 106.809395687000062, -6.285918093999953, 0.0 ], [ 106.809332446000042, -6.285905065999941, 0.0 ], [ 106.80926807700007, -6.28589999299993, 0.0 ], [ 106.809211188000063, -6.285909728999968, 0.0 ], [ 106.809201898000083, -6.285916167999972, 0.0 ], [ 106.809163743000056, -6.285942613999964, 0.0 ], [ 106.809136808000062, -6.285998717999973, 0.0 ], [ 106.809131699000034, -6.286060748999944, 0.0 ], [ 106.809132418000047, -6.286134982999954, 0.0 ], [ 106.809125160000065, -6.286208863999946, 0.0 ], [ 106.80911504900007, -6.286257353999929, 0.0 ], [ 106.809110009000051, -6.286281536999979, 0.0 ], [ 106.809108905000073, -6.286284947999945, 0.0 ], [ 106.809108334000086, -6.286290899999926, 0.0 ], [ 106.809103680000078, -6.286301084999934, 0.0 ], [ 106.809087142000067, -6.286352160999968, 0.0 ], [ 106.809056824000038, -6.286419914999954, 0.0 ], [ 106.809030406000034, -6.286488474999942, 0.0 ], [ 106.809015056000078, -6.286560330999976, 0.0 ], [ 106.809011153000085, -6.286633705999975, 0.0 ], [ 106.809014171000058, -6.286662585999977, 0.0 ], [ 106.809016439000061, -6.286684265999952, 0.0 ], [ 106.809018794000053, -6.286706786999957, 0.0 ], [ 106.809037789000058, -6.286777762999975, 0.0 ], [ 106.809040097000036, -6.286790628999938, 0.0 ], [ 106.809041868000065, -6.28680049899998, 0.0 ], [ 106.809048106000034, -6.286835267999948, 0.0 ], [ 106.809034204000056, -6.286892013999932, 0.0 ], [ 106.808975543000088, -6.28694990799994, 0.0 ], [ 106.808916436000061, -6.287007345999939, 0.0 ], [ 106.808856886000058, -6.28706432499996, 0.0 ], [ 106.808796897000036, -6.287120839999943, 0.0 ], [ 106.808736471000088, -6.287176887999976, 0.0 ], [ 106.808675615000084, -6.287232466999967, 0.0 ], [ 106.808614330000069, -6.287287571999968, 0.0 ], [ 106.808557431000054, -6.287347151999938, 0.0 ], [ 106.808556384000042, -6.287348742999939, 0.0 ], [ 106.808512145000066, -6.28741598299996, 0.0 ], [ 106.808491520000075, -6.287464555999975, 0.0 ], [ 106.808479940000041, -6.287491830999954, 0.0 ], [ 106.808461863000048, -6.287572230999956, 0.0 ], [ 106.80845921100007, -6.287593895999976, 0.0 ], [ 106.808453843000052, -6.287637741999959, 0.0 ], [ 106.808453185000076, -6.287641687999951, 0.0 ], [ 106.808442974000059, -6.287702839999952, 0.0 ], [ 106.808432696000068, -6.287763200999962, 0.0 ], [ 106.808423162000054, -6.287823684999978, 0.0 ], [ 106.808414371000083, -6.287884279999957, 0.0 ], [ 106.80842429900008, -6.287938851999968, 0.0 ], [ 106.808427552000069, -6.287954766999974, 0.0 ], [ 106.80844634500005, -6.288034485999958, 0.0 ], [ 106.808448276000036, -6.28804116699996, 0.0 ], [ 106.808449083000085, -6.28804256799998, 0.0 ], [ 106.808449386000063, -6.288045011999941, 0.0 ], [ 106.808457299000054, -6.288108831999978, 0.0 ], [ 106.808463080000081, -6.28815551699995, 0.0 ], [ 106.808464098000059, -6.288163752999935, 0.0 ], [ 106.808473678000041, -6.28824113099995, 0.0 ], [ 106.808473112000058, -6.288249393999934, 0.0 ], [ 106.80847153600007, -6.288322763999929, 0.0 ], [ 106.808471440000062, -6.288327134999975, 0.0 ], [ 106.808475633000057, -6.288404779999951, 0.0 ], [ 106.808478003000062, -6.288423001999945, 0.0 ], [ 106.808482272000049, -6.288455806999934, 0.0 ], [ 106.808485664000045, -6.288481888999968, 0.0 ], [ 106.808493789000067, -6.288521000999935, 0.0 ], [ 106.808501478000039, -6.288558020999972, 0.0 ], [ 106.808519397000055, -6.288610495999933, 0.0 ], [ 106.808530403000077, -6.288642723999942, 0.0 ], [ 106.808564424000053, -6.28872550799997, 0.0 ], [ 106.808596391000037, -6.288798620999955, 0.0 ], [ 106.808603958000049, -6.288815933999956, 0.0 ], [ 106.808628344000056, -6.28887174099998, 0.0 ], [ 106.808660281000073, -6.288944865999952, 0.0 ], [ 106.808664505000081, -6.289031603999945, 0.0 ], [ 106.808638730000041, -6.289098937999938, 0.0 ], [ 106.808619385000043, -6.289136720999977, 0.0 ], [ 106.808605872000044, -6.289163109999947, 0.0 ], [ 106.808566313000085, -6.289223377999974, 0.0 ], [ 106.808525802000077, -6.289290963999974, 0.0 ], [ 106.808488285000067, -6.289360257999931, 0.0 ], [ 106.808481531000041, -6.289374150999947, 0.0 ], [ 106.808459959000061, -6.289418529999978, 0.0 ], [ 106.808456683000088, -6.289425267999945, 0.0 ], [ 106.808453833000044, -6.289431128999979, 0.0 ], [ 106.808422513000039, -6.28950343899993, 0.0 ], [ 106.808405882000045, -6.28955590299995, 0.0 ], [ 106.808391673000074, -6.289609075999977, 0.0 ], [ 106.80836897100005, -6.289689015999954, 0.0 ], [ 106.808342031000052, -6.289767626999947, 0.0 ], [ 106.808310927000036, -6.289844684999935, 0.0 ], [ 106.808275752000043, -6.289919968999925, 0.0 ], [ 106.808258716000068, -6.289951864999978, 0.0 ], [ 106.808236605000047, -6.289993262999928, 0.0 ], [ 106.80820781400007, -6.290038265999954, 0.0 ], [ 106.808173456000077, -6.290079172999981, 0.0 ], [ 106.808142171000043, -6.290114201999927, 0.0 ], [ 106.808106494000072, -6.290144742999928, 0.0 ], [ 106.808052843000041, -6.290173688999971, 0.0 ], [ 106.808030341000062, -6.290179033999948, 0.0 ], [ 106.808004389000075, -6.290185197999961, 0.0 ], [ 106.807993537000073, -6.290187774999936, 0.0 ], [ 106.807975395000085, -6.290185745999963, 0.0 ], [ 106.807957254000087, -6.290180371999952, 0.0 ], [ 106.807902993000084, -6.290164302999926, 0.0 ], [ 106.807898385000044, -6.290163481999969, 0.0 ], [ 106.807828655000037, -6.290151055999956, 0.0 ], [ 106.807753306000052, -6.290146169999957, 0.0 ], [ 106.807727538000051, -6.290147377999972, 0.0 ], [ 106.807677883000053, -6.290149704999976, 0.0 ], [ 106.807669831000055, -6.290152402999979, 0.0 ], [ 106.807594332000065, -6.290177716999949, 0.0 ], [ 106.807524872000045, -6.29019577899993, 0.0 ], [ 106.807455770000047, -6.290176378999945, 0.0 ], [ 106.807406290000074, -6.290125259999968, 0.0 ], [ 106.807405839000069, -6.29012479499994, 0.0 ], [ 106.807348366000042, -6.290087098999948, 0.0 ], [ 106.807348051000076, -6.290086891999977, 0.0 ], [ 106.807347407000066, -6.290086946999963, 0.0 ], [ 106.807303532000049, -6.290090701999929, 0.0 ], [ 106.807279204000054, -6.290092781999931, 0.0 ], [ 106.807228685000041, -6.290139951999947, 0.0 ], [ 106.807228562000034, -6.290140744999974, 0.0 ], [ 106.807222146000072, -6.290181983999958, 0.0 ], [ 106.807218058000046, -6.290208267999958, 0.0 ], [ 106.807218050000074, -6.290270131999932, 0.0 ], [ 106.807200047000038, -6.290329315999941, 0.0 ], [ 106.807165612000063, -6.290380694999953, 0.0 ], [ 106.807112188000076, -6.290416321999942, 0.0 ], [ 106.807100545000083, -6.290420533999963, 0.0 ], [ 106.807084134000036, -6.290426468999954, 0.0 ], [ 106.807067117000088, -6.290432623999948, 0.0 ], [ 106.807024113000068, -6.290436587999977, 0.0 ], [ 106.807012452000038, -6.290437661999931, 0.0 ], [ 106.806974676000038, -6.290438663999964, 0.0 ], [ 106.806957573000034, -6.29043911499997, 0.0 ], [ 106.806942079000066, -6.29043841999993, 0.0 ], [ 106.806896051000081, -6.29043635599993, 0.0 ], [ 106.806892836000088, -6.290436211999975, 0.0 ], [ 106.806819268000083, -6.290443159999938, 0.0 ], [ 106.806746487000055, -6.29045593799998, 0.0 ], [ 106.806674950000058, -6.290474467999957, 0.0 ], [ 106.806605113000046, -6.290498628999956, 0.0 ], [ 106.806559417000074, -6.29051863899997, 0.0 ], [ 106.806537417000072, -6.29052827199996, 0.0 ], [ 106.806485288000033, -6.290563015999965, 0.0 ], [ 106.806471930000043, -6.290572233999967, 0.0 ], [ 106.806420605000085, -6.290607650999959, 0.0 ], [ 106.806387372000074, -6.290633772999968, 0.0 ], [ 106.806384076000086, -6.290636363999965, 0.0 ], [ 106.806358817000046, -6.290656217999981, 0.0 ], [ 106.806331974000045, -6.290680159999965, 0.0 ], [ 106.80630016200007, -6.29070853199994, 0.0 ], [ 106.806273734000058, -6.29073522799996, 0.0 ], [ 106.806266605000076, -6.290742429999966, 0.0 ], [ 106.806244868000078, -6.290764388999946, 0.0 ], [ 106.806215479000059, -6.290798018999965, 0.0 ], [ 106.806207216000075, -6.290807474999951, 0.0 ], [ 106.806193147000045, -6.290823573999944, 0.0 ], [ 106.806152203000067, -6.290880740999967, 0.0 ], [ 106.806111258000044, -6.290937903999975, 0.0 ], [ 106.806082285000059, -6.290978354999936, 0.0 ], [ 106.806070313000077, -6.290995069999951, 0.0 ], [ 106.806029367000065, -6.291052234999938, 0.0 ], [ 106.806019112000058, -6.291066896999951, 0.0 ], [ 106.805980907000048, -6.291121515999976, 0.0 ], [ 106.805942406000042, -6.29117655999994, 0.0 ], [ 106.805932447000089, -6.291190796999956, 0.0 ], [ 106.805922548000069, -6.291204948999962, 0.0 ], [ 106.805883989000051, -6.291260077999937, 0.0 ], [ 106.805842115000075, -6.291325790999963, 0.0 ], [ 106.805828099000053, -6.29135428799998, 0.0 ], [ 106.805807724000033, -6.291395714999965, 0.0 ], [ 106.805790331000082, -6.291443828999945, 0.0 ], [ 106.805782537000084, -6.29146538699996, 0.0 ], [ 106.805781231000083, -6.291469001999928, 0.0 ], [ 106.805777806000037, -6.291483200999949, 0.0 ], [ 106.80576295700007, -6.291544760999955, 0.0 ], [ 106.805754882000087, -6.291582478999942, 0.0 ], [ 106.805754772000057, -6.291583316999947, 0.0 ], [ 106.80574813800007, -6.291633993999938, 0.0 ], [ 106.805741394000052, -6.291685508999933, 0.0 ], [ 106.805734185000063, -6.291739876999941, 0.0 ], [ 106.805731626000068, -6.291759168999931, 0.0 ], [ 106.805731382000033, -6.291761003999966, 0.0 ], [ 106.80572137200005, -6.291836499999931, 0.0 ], [ 106.805711359000043, -6.291911994999964, 0.0 ], [ 106.805706271000076, -6.291950376999978, 0.0 ], [ 106.805705296000042, -6.291957726999954, 0.0 ], [ 106.805701348000071, -6.29198748999994, 0.0 ], [ 106.805691336000052, -6.292062984999973, 0.0 ], [ 106.805686410000078, -6.292104558999938, 0.0 ], [ 106.805681485000036, -6.292146110999965, 0.0 ], [ 106.80567129800005, -6.292207189999942, 0.0 ], [ 106.805667714000037, -6.292228677999958, 0.0 ], [ 106.805650061000051, -6.292310500999974, 0.0 ], [ 106.805646210000077, -6.292324983999947, 0.0 ], [ 106.80563717800004, -6.292358971999931, 0.0 ], [ 106.80562855900007, -6.29239139699996, 0.0 ], [ 106.805603261000044, -6.292471186999933, 0.0 ], [ 106.80557422000004, -6.292549688999941, 0.0 ], [ 106.805541503000086, -6.292626730999928, 0.0 ], [ 106.805509584000049, -6.292693002999954, 0.0 ], [ 106.805505184000083, -6.292702138999971, 0.0 ], [ 106.805500140000049, -6.292711457999928, 0.0 ], [ 106.805465341000058, -6.292775744999972, 0.0 ], [ 106.805449212000042, -6.292797295999947, 0.0 ], [ 106.805436193000048, -6.292814690999933, 0.0 ], [ 106.805398451000087, -6.292845371999931, 0.0 ], [ 106.805340899000043, -6.292885579999961, 0.0 ], [ 106.805285760000061, -6.292925546999925, 0.0 ], [ 106.80528539900007, -6.292925810999975, 0.0 ], [ 106.805284055000072, -6.292926784999963, 0.0 ], [ 106.805227938000087, -6.292968974999951, 0.0 ], [ 106.80517547900007, -6.293009826999935, 0.0 ], [ 106.805169409000086, -6.293014654999979, 0.0 ], [ 106.805107526000086, -6.293063887999949, 0.0 ], [ 106.805083095000043, -6.293087777999972, 0.0 ], [ 106.805067015000077, -6.293103500999962, 0.0 ], [ 106.805036097000084, -6.293150258999958, 0.0 ], [ 106.805026706000035, -6.293200529999979, 0.0 ], [ 106.805014920000076, -6.293249612999944, 0.0 ], [ 106.805012667000085, -6.293289093999931, 0.0 ], [ 106.805010519000064, -6.293359674999977, 0.0 ], [ 106.805009613000038, -6.293443408999963, 0.0 ], [ 106.80500941400004, -6.293459077999955, 0.0 ], [ 106.805008672000042, -6.293517573999964, 0.0 ], [ 106.805011217000072, -6.293561822999948, 0.0 ], [ 106.805019758000071, -6.293612031999942, 0.0 ], [ 106.805045090000078, -6.293677733999971, 0.0 ], [ 106.805065668000054, -6.293751825999948, 0.0 ], [ 106.805088158000046, -6.293807158999925, 0.0 ], [ 106.805107907000036, -6.293846326999926, 0.0 ], [ 106.805115056000034, -6.293860503999952, 0.0 ], [ 106.80515113000007, -6.29392138299994, 0.0 ], [ 106.805185985000037, -6.293975090999936, 0.0 ], [ 106.805222067000045, -6.294038361999981, 0.0 ], [ 106.805237695000073, -6.294060095999953, 0.0 ], [ 106.805242699000075, -6.294067054999971, 0.0 ], [ 106.805270116000088, -6.294105181999953, 0.0 ], [ 106.805299765000086, -6.294140771999935, 0.0 ], [ 106.805328939000049, -6.294176746999938, 0.0 ], [ 106.805363790000058, -6.294229256999927, 0.0 ], [ 106.80537027400004, -6.294236058999957, 0.0 ], [ 106.805406983000069, -6.294274561999941, 0.0 ], [ 106.80547045600008, -6.294307834999927, 0.0 ], [ 106.805520104000038, -6.294321564999962, 0.0 ], [ 106.805545325000082, -6.294325854999954, 0.0 ], [ 106.80557095100005, -6.294330213999956, 0.0 ], [ 106.805653115000041, -6.294339183999966, 0.0 ], [ 106.805735765000065, -6.294341598999949, 0.0 ], [ 106.80581845200004, -6.294342515999972, 0.0 ], [ 106.805822301000035, -6.294342573999927, 0.0 ], [ 106.805883010000059, -6.294343488999971, 0.0 ], [ 106.805960730000038, -6.294348004999961, 0.0 ], [ 106.806016957000054, -6.294359770999961, 0.0 ], [ 106.806058950000079, -6.294374097999935, 0.0 ], [ 106.806086375000064, -6.294383454999945, 0.0 ], [ 106.806146271000046, -6.294419131999973, 0.0 ], [ 106.806201390000069, -6.294456023999942, 0.0 ], [ 106.806235146000063, -6.294487525999955, 0.0 ], [ 106.806264979000048, -6.294522786999948, 0.0 ], [ 106.806299833000082, -6.294576493999955, 0.0 ], [ 106.806345463000071, -6.294634947999953, 0.0 ], [ 106.806357752000054, -6.294655635999959, 0.0 ], [ 106.806358295000052, -6.294656551999935, 0.0 ], [ 106.806373118000067, -6.294681502999936, 0.0 ], [ 106.806384059000038, -6.294734094999967, 0.0 ], [ 106.806386489000033, -6.294763780999972, 0.0 ], [ 106.806389052000043, -6.294795081999951, 0.0 ], [ 106.806399996000039, -6.294848870999942, 0.0 ], [ 106.806400632000077, -6.294853165999939, 0.0 ], [ 106.806407672000034, -6.294900758999972, 0.0 ], [ 106.806413507000059, -6.294952889999934, 0.0 ], [ 106.806419723000033, -6.295022245999974, 0.0 ], [ 106.806429337000054, -6.295067939999967, 0.0 ], [ 106.806430941000087, -6.295075567999959, 0.0 ], [ 106.806434308000064, -6.295091572999979, 0.0 ], [ 106.806437827000082, -6.295108551999931, 0.0 ], [ 106.806468274000053, -6.295179458999939, 0.0 ], [ 106.806491846000085, -6.295205646999932, 0.0 ], [ 106.80651989200004, -6.295236803999956, 0.0 ], [ 106.806532489000062, -6.295243857999935, 0.0 ], [ 106.806587199000035, -6.295274494999944, 0.0 ], [ 106.806644206000044, -6.295300109999971, 0.0 ], [ 106.806701377000081, -6.295325362999961, 0.0 ], [ 106.80675681200006, -6.295368670999949, 0.0 ], [ 106.806761319000088, -6.295372192999935, 0.0 ], [ 106.806804885000076, -6.29542293999998, 0.0 ], [ 106.806811316000051, -6.295430431999932, 0.0 ], [ 106.806850308000037, -6.295496553999953, 0.0 ], [ 106.806877080000049, -6.295568504999949, 0.0 ], [ 106.806880672000034, -6.29559237199993, 0.0 ], [ 106.806881116000056, -6.295595329999969, 0.0 ], [ 106.806889316000081, -6.295649799999978, 0.0 ], [ 106.806888829000059, -6.295661596999935, 0.0 ], [ 106.806886005000081, -6.295729953999967, 0.0 ], [ 106.806876603000035, -6.29577663699996, 0.0 ], [ 106.806857637000064, -6.295823352999946, 0.0 ], [ 106.806821952000064, -6.295874909999952, 0.0 ], [ 106.806770726000082, -6.295926522999935, 0.0 ], [ 106.806744829000081, -6.295947567999974, 0.0 ], [ 106.806693960000075, -6.295976053999937, 0.0 ], [ 106.806685596000079, -6.295980737999969, 0.0 ], [ 106.806637442000067, -6.296005415999957, 0.0 ], [ 106.806625182000062, -6.296011699999951, 0.0 ], [ 106.806563667000034, -6.296040408999943, 0.0 ], [ 106.806501135000076, -6.296066827999937, 0.0 ], [ 106.806480752000084, -6.296077045999937, 0.0 ], [ 106.806423433000077, -6.296095185999945, 0.0 ], [ 106.806370898000068, -6.29611450699997, 0.0 ], [ 106.806366849000085, -6.296116987999937, 0.0 ], [ 106.806337496000083, -6.296134957999925, 0.0 ], [ 106.806285066000044, -6.296184180999944, 0.0 ], [ 106.806237434000082, -6.296238172999949, 0.0 ], [ 106.806195734000084, -6.296278986999937, 0.0 ], [ 106.806195034000041, -6.296279841999933, 0.0 ], [ 106.806185752000033, -6.296299072999943, 0.0 ], [ 106.806171311000071, -6.296311832999947, 0.0 ], [ 106.806151944000078, -6.296328922999976, 0.0 ], [ 106.806129831000078, -6.296348437999939, 0.0 ], [ 106.806117597000082, -6.296359235999944, 0.0 ], [ 106.806115920000082, -6.296360600999947, 0.0 ], [ 106.806065836000073, -6.296396659999971, 0.0 ], [ 106.806019027000048, -6.296429406999948, 0.0 ], [ 106.80600548700005, -6.296438879999926, 0.0 ], [ 106.805944504000081, -6.296480175999932, 0.0 ], [ 106.805932093000081, -6.29648814799998, 0.0 ], [ 106.805882540000084, -6.296519983999929, 0.0 ], [ 106.805819291000034, -6.296557707999966, 0.0 ], [ 106.805763701000046, -6.29658773899996, 0.0 ], [ 106.805754500000035, -6.29659271099996, 0.0 ], [ 106.80570081500008, -6.29661955499995, 0.0 ], [ 106.805683627000064, -6.296631264999974, 0.0 ], [ 106.805651210000065, -6.296653353999943, 0.0 ], [ 106.805614528000035, -6.296687634999955, 0.0 ], [ 106.805587873000036, -6.296730190999938, 0.0 ], [ 106.805584315000033, -6.296737527999937, 0.0 ], [ 106.805556600000045, -6.296794653999939, 0.0 ], [ 106.805552182000042, -6.296803760999978, 0.0 ], [ 106.805538113000068, -6.296836858999939, 0.0 ], [ 106.805520193000064, -6.296879016999981, 0.0 ], [ 106.805512345000068, -6.29690037499995, 0.0 ], [ 106.805491988000085, -6.296955772999979, 0.0 ], [ 106.805477155000062, -6.297003320999977, 0.0 ], [ 106.80546763500007, -6.297033839999926, 0.0 ], [ 106.805447196000046, -6.297113020999973, 0.0 ], [ 106.80544195300007, -6.297130866999964, 0.0 ], [ 106.805420648000052, -6.297191943999962, 0.0 ], [ 106.80541200600004, -6.297239580999928, 0.0 ], [ 106.805399888000068, -6.297304580999935, 0.0 ], [ 106.805396311000038, -6.297333441999967, 0.0 ], [ 106.805392468000036, -6.297364461999962, 0.0 ], [ 106.805391757000052, -6.297370200999978, 0.0 ], [ 106.805387644000064, -6.297436194999932, 0.0 ], [ 106.805383050000046, -6.297493446999965, 0.0 ], [ 106.805381125000054, -6.297517436999954, 0.0 ], [ 106.80536879400006, -6.297580533999962, 0.0 ], [ 106.805354065000074, -6.297643126999958, 0.0 ], [ 106.805333011000073, -6.297706714999947, 0.0 ], [ 106.805329863000054, -6.297716219999927, 0.0 ], [ 106.805323211000086, -6.297726678999936, 0.0 ], [ 106.805288549000068, -6.297781179999959, 0.0 ], [ 106.805232627000066, -6.297834076999948, 0.0 ], [ 106.805214897000042, -6.297845758999927, 0.0 ], [ 106.805196716000069, -6.297857449999981, 0.0 ], [ 106.80513, -6.29789068499997, 0.0 ], [ 106.805063342000039, -6.297924032999958, 0.0 ], [ 106.805035930000088, -6.297948051999981, 0.0 ], [ 106.805008575000045, -6.297988816999975, 0.0 ], [ 106.805000293000035, -6.29801396299996, 0.0 ], [ 106.805000765000045, -6.298022363999962, 0.0 ], [ 106.805002841000032, -6.298059408999961, 0.0 ], [ 106.805013754000072, -6.298103628999968, 0.0 ], [ 106.805038995000075, -6.298143013999947, 0.0 ], [ 106.805089389000045, -6.298196667999946, 0.0 ], [ 106.805106246000037, -6.298231297999962, 0.0 ], [ 106.80512721100007, -6.298273022999979, 0.0 ], [ 106.805160366000052, -6.298325606999981, 0.0 ], [ 106.805165435000049, -6.298346211999956, 0.0 ], [ 106.805170068000052, -6.298365046999947, 0.0 ], [ 106.805173794000041, -6.298405704999936, 0.0 ], [ 106.805187018000083, -6.298427187999948, 0.0 ], [ 106.805219357000055, -6.298445018999928, 0.0 ], [ 106.805274411000084, -6.298462770999947, 0.0 ], [ 106.805325877000087, -6.298480535999943, 0.0 ], [ 106.805376139000089, -6.298495911999964, 0.0 ], [ 106.805434744000081, -6.298504081999965, 0.0 ], [ 106.805510058000038, -6.29850382099994, 0.0 ], [ 106.805551895000065, -6.298502479999968, 0.0 ], [ 106.80559968700004, -6.298495137999964, 0.0 ], [ 106.805659357000081, -6.298465027999953, 0.0 ], [ 106.805669515000034, -6.298458624999967, 0.0 ], [ 106.80569201600008, -6.298444446999952, 0.0 ], [ 106.805701786000043, -6.298438289999979, 0.0 ], [ 106.805707071000086, -6.298434959999952, 0.0 ], [ 106.805745252000065, -6.298413294999932, 0.0 ], [ 106.805790654000077, -6.298405960999958, 0.0 ], [ 106.805825485000071, -6.298402351999925, 0.0 ], [ 106.805838423000068, -6.298401010999953, 0.0 ], [ 106.805884671000058, -6.298403161999943, 0.0 ], [ 106.805886281000085, -6.298403237999935, 0.0 ], [ 106.805886870000052, -6.298403422999968, 0.0 ], [ 106.805935348000048, -6.29841861899996, 0.0 ], [ 106.805962888000067, -6.298431679999965, 0.0 ], [ 106.805963868000049, -6.298432144999936, 0.0 ], [ 106.805990429000076, -6.298444742999948, 0.0 ], [ 106.805997107000053, -6.298457992999943, 0.0 ], [ 106.806014504000075, -6.298492505999945, 0.0 ], [ 106.806014682000068, -6.298543939999945, 0.0 ], [ 106.806007715000078, -6.298603771999979, 0.0 ], [ 106.805991153000036, -6.298654067999962, 0.0 ], [ 106.805974475000085, -6.298709266999936, 0.0 ], [ 106.805973425000047, -6.298712740999974, 0.0 ], [ 106.805950892000055, -6.298765449999962, 0.0 ], [ 106.805928354000059, -6.298815766999951, 0.0 ], [ 106.805927031000067, -6.29884341199994, 0.0 ], [ 106.805926123000063, -6.298862424999925, 0.0 ], [ 106.805932245000065, -6.298904268999934, 0.0 ], [ 106.805958541000052, -6.29893875099998, 0.0 ], [ 106.805962267000041, -6.298943637999969, 0.0 ], [ 106.805982780000079, -6.298970807999979, 0.0 ], [ 106.805994694000049, -6.298986587999934, 0.0 ], [ 106.806042685000079, -6.299036659999956, 0.0 ], [ 106.806084695000038, -6.299085557999945, 0.0 ], [ 106.806109969000033, -6.299134511999966, 0.0 ], [ 106.80612698200008, -6.299214595999956, 0.0 ], [ 106.806141556000057, -6.299280333999945, 0.0 ], [ 106.806147741000075, -6.299340119999954, 0.0 ], [ 106.806153928000072, -6.29940110299998, 0.0 ], [ 106.806156514000065, -6.299457312999948, 0.0 ], [ 106.806162672000085, -6.29950992299996, 0.0 ], [ 106.806168114000059, -6.299563544999955, 0.0 ], [ 106.806173803000036, -6.299617140999942, 0.0 ], [ 106.806174727000041, -6.299623634999932, 0.0 ], [ 106.806180427000072, -6.299663743999929, 0.0 ], [ 106.806186677000085, -6.299710395999966, 0.0 ], [ 106.806191661000071, -6.299768391999976, 0.0 ], [ 106.806191628000079, -6.299811723999937, 0.0 ], [ 106.806191608000063, -6.299839563999967, 0.0 ], [ 106.806186935000085, -6.299875919999977, 0.0 ], [ 106.806183458000078, -6.299902987999928, 0.0 ], [ 106.806168125000056, -6.29996284899994, 0.0 ], [ 106.806152805000067, -6.300015493999979, 0.0 ], [ 106.80612910800005, -6.300076579999939, 0.0 ], [ 106.806106595000074, -6.300134669999977, 0.0 ], [ 106.806097156000078, -6.300171186999933, 0.0 ], [ 106.80609643400004, -6.300176979999947, 0.0 ], [ 106.806094248000079, -6.300194522999959, 0.0 ], [ 106.80609374900007, -6.300222634999955, 0.0 ], [ 106.806093162000082, -6.300254930999927, 0.0 ], [ 106.806094459000064, -6.300293857999975, 0.0 ], [ 106.80609583100005, -6.300335064999956, 0.0 ], [ 106.806103240000084, -6.300403220999954, 0.0 ], [ 106.806114723000064, -6.300449385999968, 0.0 ], [ 106.806127467000067, -6.300495239999975, 0.0 ], [ 106.806134755000073, -6.300528707999945, 0.0 ], [ 106.806164228000057, -6.300606911999978, 0.0 ], [ 106.806164918000036, -6.300608745999966, 0.0 ], [ 106.806177104000085, -6.300675687999956, 0.0 ], [ 106.806183570000087, -6.300703123999938, 0.0 ], [ 106.806192878000047, -6.300742618999948, 0.0 ], [ 106.806196087000046, -6.300762713999973, 0.0 ], [ 106.806198987000073, -6.300780875999976, 0.0 ], [ 106.806214645000068, -6.300814312999933, 0.0 ], [ 106.806241205000049, -6.300862811999934, 0.0 ], [ 106.806244720000052, -6.300869231999968, 0.0 ], [ 106.806265169000085, -6.300905045999968, 0.0 ], [ 106.806284654000081, -6.300952741999936, 0.0 ], [ 106.806303753000066, -6.301000604999956, 0.0 ], [ 106.806326611000088, -6.301042390999953, 0.0 ], [ 106.806348273000083, -6.301084181999954, 0.0 ], [ 106.80636635500008, -6.30112718099997, 0.0 ], [ 106.806399968000051, -6.301167733999932, 0.0 ], [ 106.806446781000034, -6.301222594999956, 0.0 ], [ 106.806485156000065, -6.301257150999959, 0.0 ], [ 106.80653191600004, -6.301296461999925, 0.0 ], [ 106.806569073000048, -6.301325040999927, 0.0 ], [ 106.806602415000043, -6.301342051999939, 0.0 ], [ 106.806610989000035, -6.301346426999942, 0.0 ], [ 106.806645744000036, -6.301371424999957, 0.0 ], [ 106.806678158000068, -6.301410785999963, 0.0 ], [ 106.806708663000052, -6.301464463999935, 0.0 ], [ 106.80673356300008, -6.301530209999953, 0.0 ], [ 106.806755001000056, -6.301580482999952, 0.0 ], [ 106.80677694700006, -6.301630536999937, 0.0 ], [ 106.806808944000068, -6.30170927599994, 0.0 ], [ 106.806840012000066, -6.301788388999967, 0.0 ], [ 106.806854833000045, -6.301824600999964, 0.0 ], [ 106.806872207000083, -6.301867045999927, 0.0 ], [ 106.80689686900007, -6.301923515999931, 0.0 ], [ 106.806907152000065, -6.301947066999958, 0.0 ], [ 106.806930049000073, -6.301999618999957, 0.0 ], [ 106.806943369000066, -6.302048614999933, 0.0 ], [ 106.806944676000057, -6.302060688999973, 0.0 ], [ 106.806945564000046, -6.302068886999962, 0.0 ], [ 106.806946295000046, -6.302075635999927, 0.0 ], [ 106.806948135000084, -6.302092624999943, 0.0 ], [ 106.806950337000046, -6.30211296799996, 0.0 ], [ 106.806950989000086, -6.302177773999972, 0.0 ], [ 106.806950021000034, -6.302243565999959, 0.0 ], [ 106.806944213000065, -6.302292628999965, 0.0 ], [ 106.806950426000071, -6.30236078799993, 0.0 ], [ 106.806956705000061, -6.302401642999939, 0.0 ], [ 106.806970145000037, -6.302458529999967, 0.0 ], [ 106.806984593000038, -6.302515180999933, 0.0 ], [ 106.806988508000074, -6.30253705399997, 0.0 ], [ 106.806988612000055, -6.302537642999937, 0.0 ], [ 106.806992631000071, -6.302560104999941, 0.0 ], [ 106.807001640000067, -6.302604833999965, 0.0 ], [ 106.80702460200007, -6.302676522999946, 0.0 ], [ 106.807048689000055, -6.30272787499996, 0.0 ], [ 106.807069178000063, -6.302775650999934, 0.0 ], [ 106.807112404000065, -6.302830523999944, 0.0 ], [ 106.807120671000064, -6.302838884999971, 0.0 ], [ 106.807145858000069, -6.302864357999965, 0.0 ], [ 106.807148993000055, -6.302867528999968, 0.0 ], [ 106.80718796900004, -6.302902030999974, 0.0 ], [ 106.807239264000088, -6.30294301899994, 0.0 ], [ 106.807292250000046, -6.302981812999974, 0.0 ], [ 106.807349772000066, -6.303022281999972, 0.0 ], [ 106.807392926000034, -6.303055624999956, 0.0 ], [ 106.80743010100008, -6.303088988999946, 0.0 ], [ 106.807457674000034, -6.303111619999981, 0.0 ], [ 106.807471582000062, -6.303123364999976, 0.0 ], [ 106.807481655000061, -6.303131871999938, 0.0 ], [ 106.807514042000037, -6.303163814999948, 0.0 ], [ 106.807521200000053, -6.303170712999929, 0.0 ], [ 106.807545708000077, -6.303194327999961, 0.0 ], [ 106.807568718000084, -6.303210515999979, 0.0 ], [ 106.80760798700004, -6.303227603999972, 0.0 ], [ 106.807616593000034, -6.303228530999945, 0.0 ], [ 106.807659651000051, -6.303233166999973, 0.0 ], [ 106.807703641000046, -6.303232057999935, 0.0 ], [ 106.807761023000069, -6.303231858999936, 0.0 ], [ 106.807809758000076, -6.303220206999981, 0.0 ], [ 106.807843181000067, -6.303205736999928, 0.0 ], [ 106.807880386000079, -6.303178811999942, 0.0 ], [ 106.807916615000067, -6.303146152999943, 0.0 ], [ 106.807969123000078, -6.303119176999928, 0.0 ], [ 106.808001612000055, -6.303111408999939, 0.0 ], [ 106.808039844000064, -6.303104577999932, 0.0 ], [ 106.808072377000087, -6.303109248999931, 0.0 ], [ 106.808095364000053, -6.303118738999956, 0.0 ], [ 106.80812387900005, -6.303136986999959, 0.0 ], [ 106.808138495000037, -6.303146339999955, 0.0 ], [ 106.808186463000084, -6.303189234999934, 0.0 ], [ 106.808221779000064, -6.303226783999946, 0.0 ], [ 106.808232948000068, -6.303238658999931, 0.0 ], [ 106.808275759000082, -6.303291315999957, 0.0 ], [ 106.808316494000053, -6.303351213999974, 0.0 ], [ 106.808339856000089, -6.303386470999953, 0.0 ], [ 106.808356512000046, -6.303411609999955, 0.0 ], [ 106.808397656000068, -6.303458294999928, 0.0 ], [ 106.808399011000063, -6.303460217999941, 0.0 ], [ 106.808415507000063, -6.303483622999977, 0.0 ], [ 106.808433359000048, -6.303508948999934, 0.0 ], [ 106.808447864000073, -6.303554830999929, 0.0 ], [ 106.808438546000048, -6.303566142999955, 0.0 ], [ 106.808414536000043, -6.303595291999954, 0.0 ], [ 106.808375717000047, -6.303671642999973, 0.0 ], [ 106.808413345000076, -6.303748585999926, 0.0 ], [ 106.808441093000056, -6.30377, 0.0 ], [ 106.808452303000081, -6.30377864999997, 0.0 ], [ 106.808495906000076, -6.303801447999945, 0.0 ], [ 106.808563112000058, -6.303833692999945, 0.0 ], [ 106.808629713000073, -6.303867170999979, 0.0 ], [ 106.808657482000058, -6.303880414999981, 0.0 ], [ 106.808720703000063, -6.303908902999979, 0.0 ], [ 106.80875713000006, -6.303933656999959, 0.0 ], [ 106.808791649000057, -6.30395937399993, 0.0 ], [ 106.808823305000033, -6.303987015999951, 0.0 ], [ 106.808859821000055, -6.304036649999944, 0.0 ], [ 106.808891632000041, -6.304109264999965, 0.0 ], [ 106.808911901000045, -6.304162782999981, 0.0 ], [ 106.80892259400008, -6.304212504999953, 0.0 ], [ 106.808932957000081, -6.304289510999979, 0.0 ], [ 106.808936622000033, -6.304367138999964, 0.0 ], [ 106.808935713000039, -6.304444859999933, 0.0 ], [ 106.808932276000064, -6.304522514999974, 0.0 ], [ 106.808930731000032, -6.304545717999929, 0.0 ], [ 106.80892864100008, -6.304577072999962, 0.0 ], [ 106.808930752000038, -6.304634480999937, 0.0 ], [ 106.808944416000088, -6.304669014999945, 0.0 ], [ 106.808958731000075, -6.304705195999929, 0.0 ], [ 106.808996572000069, -6.304777660999946, 0.0 ], [ 106.809000130000072, -6.304784476999941, 0.0 ], [ 106.809030908000068, -6.304824259999975, 0.0 ], [ 106.809064477000049, -6.304861764999941, 0.0 ], [ 106.809111601000041, -6.304911250999965, 0.0 ], [ 106.809159498000042, -6.304959997999958, 0.0 ], [ 106.809197897000047, -6.305001012999981, 0.0 ], [ 106.809216187000061, -6.305035397999973, 0.0 ], [ 106.80922406600007, -6.305110572999979, 0.0 ], [ 106.809225134000087, -6.305129124999951, 0.0 ], [ 106.809228408000081, -6.305186032999927, 0.0 ], [ 106.809229203000086, -6.305261614999949, 0.0 ], [ 106.809228522000069, -6.305280271999948, 0.0 ], [ 106.809226574000036, -6.305333747999953, 0.0 ], [ 106.80922644900005, -6.305337150999947, 0.0 ], [ 106.809226403000082, -6.305337692999956, 0.0 ], [ 106.80922015200008, -6.305412472999933, 0.0 ], [ 106.809210327000073, -6.305487417999927, 0.0 ], [ 106.809197218000065, -6.305526063999935, 0.0 ], [ 106.809189140000058, -6.30554987599993, 0.0 ], [ 106.809145456000067, -6.305599271999938, 0.0 ], [ 106.809103505000053, -6.305616055999963, 0.0 ], [ 106.809103035000078, -6.305623996999941, 0.0 ], [ 106.809072598000057, -6.30562163999997, 0.0 ], [ 106.809047040000053, -6.305625450999969, 0.0 ], [ 106.808973033000086, -6.305630056999973, 0.0 ], [ 106.80889886600005, -6.30562845399993, 0.0 ], [ 106.808824738000055, -6.305625383999939, 0.0 ], [ 106.808750562000057, -6.305625522999946, 0.0 ], [ 106.80869993400006, -6.305629674999977, 0.0 ], [ 106.808649207000087, -6.305631615999971, 0.0 ], [ 106.80858797500008, -6.305625129999953, 0.0 ], [ 106.808551614000066, -6.305619514999933, 0.0 ], [ 106.80850795300006, -6.30562656799998, 0.0 ], [ 106.808497130000035, -6.305628315999968, 0.0 ], [ 106.808455172000038, -6.305663867999954, 0.0 ], [ 106.808435254000074, -6.305711782999936, 0.0 ], [ 106.808434462000037, -6.305758676999972, 0.0 ], [ 106.808436525000047, -6.305802686999925, 0.0 ], [ 106.808446013000037, -6.305847062999931, 0.0 ], [ 106.808458827000038, -6.305890646999956, 0.0 ], [ 106.808473312000046, -6.305938796999953, 0.0 ], [ 106.808486898000069, -6.305987198999958, 0.0 ], [ 106.808502497000063, -6.306073268999967, 0.0 ], [ 106.808503862000066, -6.30608198699997, 0.0 ], [ 106.808515214000067, -6.306154561999961, 0.0 ], [ 106.808546055000079, -6.30622335399994, 0.0 ], [ 106.808563402000061, -6.306261570999936, 0.0 ], [ 106.808567149000055, -6.306266063999942, 0.0 ], [ 106.808605898000053, -6.306312543999979, 0.0 ], [ 106.808651733000033, -6.306360783999935, 0.0 ], [ 106.808690191000039, -6.306419022999933, 0.0 ], [ 106.808710524000048, -6.306490720999932, 0.0 ], [ 106.808705927000062, -6.306544324999948, 0.0 ], [ 106.808694660000072, -6.30660465099993, 0.0 ], [ 106.808657484000037, -6.306640185999981, 0.0 ], [ 106.808622192000087, -6.306667101999949, 0.0 ], [ 106.808582100000081, -6.306689250999966, 0.0 ], [ 106.808555351000052, -6.306697955999937, 0.0 ], [ 106.808548045000066, -6.30670033399997, 0.0 ], [ 106.80852860400006, -6.306706660999964, 0.0 ], [ 106.808455022000032, -6.306724140999961, 0.0 ], [ 106.808393545000058, -6.306725816999972, 0.0 ], [ 106.808386687000052, -6.306726001999948, 0.0 ], [ 106.808318264000036, -6.306725572999937, 0.0 ], [ 106.808280979000074, -6.306729530999974, 0.0 ], [ 106.808267942000043, -6.306743171999926, 0.0 ], [ 106.808256204000088, -6.306755453999926, 0.0 ], [ 106.808255530000054, -6.306757181999956, 0.0 ], [ 106.808243881000067, -6.306787073999942, 0.0 ], [ 106.808241663000047, -6.306802220999941, 0.0 ], [ 106.808238274000075, -6.306825369999956, 0.0 ], [ 106.808238507000056, -6.306835828999965, 0.0 ], [ 106.808239406000041, -6.306876083999953, 0.0 ], [ 106.808249490000037, -6.306934459999979, 0.0 ], [ 106.808254180000063, -6.306952167999953, 0.0 ], [ 106.808264673000053, -6.306991783999933, 0.0 ], [ 106.80827086000005, -6.307011118999981, 0.0 ], [ 106.808277773000043, -6.307032722999963, 0.0 ], [ 106.808286954000039, -6.307061417999932, 0.0 ], [ 106.808305994000079, -6.307107989999963, 0.0 ], [ 106.808314629000051, -6.307129108999959, 0.0 ], [ 106.80831968800004, -6.307140244999971, 0.0 ], [ 106.808334823000052, -6.307173555999952, 0.0 ], [ 106.808335057000079, -6.307174073999931, 0.0 ], [ 106.808343457000035, -6.307192560999965, 0.0 ], [ 106.808344881000039, -6.307195695999951, 0.0 ], [ 106.80836241600008, -6.30723437499995, 0.0 ], [ 106.808375080000076, -6.307262306999974, 0.0 ], [ 106.808378627000081, -6.30727103299995, 0.0 ], [ 106.808402609000041, -6.307330055999955, 0.0 ], [ 106.808424378000041, -6.307393187999935, 0.0 ], [ 106.808433517000083, -6.30742080999994, 0.0 ], [ 106.80844535500006, -6.307456590999948, 0.0 ], [ 106.808468299000083, -6.307519299999967, 0.0 ], [ 106.808501084000056, -6.307596696999951, 0.0 ], [ 106.808525763000034, -6.307671109999944, 0.0 ], [ 106.808544982000058, -6.307747133999953, 0.0 ], [ 106.808561161000057, -6.307823871999972, 0.0 ], [ 106.808576736000077, -6.307900736999954, 0.0 ], [ 106.808583534000036, -6.307929619999925, 0.0 ], [ 106.80859014400005, -6.307957717999955, 0.0 ], [ 106.808599131000051, -6.308015489999946, 0.0 ], [ 106.808599272000038, -6.308055679999939, 0.0 ], [ 106.808600393000063, -6.308103521999954, 0.0 ], [ 106.808583311000064, -6.308141857999942, 0.0 ], [ 106.80856667200004, -6.308170144999963, 0.0 ], [ 106.808550033000074, -6.308198432999973, 0.0 ], [ 106.808512791000055, -6.30821482999994, 0.0 ], [ 106.808481287000063, -6.308231205999959, 0.0 ], [ 106.808448791000046, -6.308237060999943, 0.0 ], [ 106.808407088000081, -6.308247646999973, 0.0 ], [ 106.808399102000067, -6.308249673999967, 0.0 ], [ 106.808333153000035, -6.308269861999975, 0.0 ], [ 106.808268114000043, -6.308292840999968, 0.0 ], [ 106.808223397000063, -6.308309074999954, 0.0 ], [ 106.808203275000039, -6.308316380999941, 0.0 ], [ 106.808123039000066, -6.308345367999948, 0.0 ], [ 106.808078537000085, -6.308361074999937, 0.0 ], [ 106.808034206000059, -6.308377253999936, 0.0 ], [ 106.807978812000044, -6.308399455999961, 0.0 ], [ 106.80794919300007, -6.30840817099994, 0.0 ], [ 106.807880431000058, -6.308436159999928, 0.0 ], [ 106.807835324000052, -6.30845151099993, 0.0 ], [ 106.807789674000048, -6.308465181999964, 0.0 ], [ 106.807742856000061, -6.30847778499998, 0.0 ], [ 106.807682645000057, -6.308489476999966, 0.0 ], [ 106.807657386000074, -6.308498400999952, 0.0 ], [ 106.807622465000065, -6.308510736999949, 0.0 ], [ 106.807576596000047, -6.308521424999981, 0.0 ], [ 106.807547964000037, -6.308538747999933, 0.0 ], [ 106.807541486000048, -6.308545778999928, 0.0 ], [ 106.807523191000087, -6.30856562699995, 0.0 ], [ 106.807500332000075, -6.308592500999964, 0.0 ], [ 106.807488891000048, -6.308603065999932, 0.0 ], [ 106.807470762000037, -6.308615569999972, 0.0 ], [ 106.807458386000064, -6.30863188099994, 0.0 ], [ 106.807410657000048, -6.308657882999967, 0.0 ], [ 106.807382978000078, -6.308674245999953, 0.0 ], [ 106.807348611000066, -6.308692547999954, 0.0 ], [ 106.807316138000033, -6.308705099999941, 0.0 ], [ 106.807280034000087, -6.308704985999952, 0.0 ], [ 106.807242719000044, -6.308700330999955, 0.0 ], [ 106.807228761000033, -6.308697549999977, 0.0 ], [ 106.807207906000087, -6.308693395999967, 0.0 ], [ 106.807159457000068, -6.308683992999931, 0.0 ], [ 106.807100238000032, -6.308671639999943, 0.0 ], [ 106.80706764200005, -6.308671752999942, 0.0 ], [ 106.807061384000065, -6.308671773999947, 0.0 ], [ 106.807011180000075, -6.308673143999954, 0.0 ], [ 106.806983740000078, -6.308689984999944, 0.0 ], [ 106.806985060000045, -6.308725866999964, 0.0 ], [ 106.806992341000068, -6.308756940999956, 0.0 ], [ 106.806987809000077, -6.308828726999934, 0.0 ], [ 106.806976316000032, -6.308866337999973, 0.0 ], [ 106.806972442000074, -6.308879017999971, 0.0 ], [ 106.806957032000071, -6.308917347999966, 0.0 ], [ 106.806920044000037, -6.308937810999964, 0.0 ], [ 106.806906882000078, -6.308948787999952, 0.0 ], [ 106.806885475000058, -6.308966638999948, 0.0 ], [ 106.806850889000089, -6.308990681999944, 0.0 ], [ 106.806831894000084, -6.309029023999926, 0.0 ], [ 106.80683156200007, -6.30903750799996, 0.0 ], [ 106.806829698000058, -6.309085251999932, 0.0 ], [ 106.806842977000088, -6.309122285999933, 0.0 ], [ 106.806874137000079, -6.309144905999972, 0.0 ], [ 106.806906486000059, -6.309165127999961, 0.0 ], [ 106.806922946000043, -6.309170162999976, 0.0 ], [ 106.806956749000051, -6.309180502999936, 0.0 ], [ 106.806990777000067, -6.30919466499995, 0.0 ], [ 106.807016610000062, -6.309205415999941, 0.0 ], [ 106.807074095000075, -6.309235119999926, 0.0 ], [ 106.807097412000076, -6.309241980999957, 0.0 ], [ 106.80713034200005, -6.309251669999981, 0.0 ], [ 106.80720341500006, -6.30929447799997, 0.0 ], [ 106.807253024000033, -6.309317102999955, 0.0 ], [ 106.807329594000066, -6.309334691999936, 0.0 ], [ 106.807407874000035, -6.30932805499998, 0.0 ], [ 106.807467126000063, -6.309313461999977, 0.0 ], [ 106.80752431600007, -6.30929217299996, 0.0 ], [ 106.807578693000039, -6.30926446899997, 0.0 ], [ 106.807633618000068, -6.309245139999973, 0.0 ], [ 106.80764582200004, -6.309238755999957, 0.0 ], [ 106.807683301000054, -6.309235889999968, 0.0 ], [ 106.807707839000045, -6.309234013999969, 0.0 ], [ 106.807709787000078, -6.309233864999953, 0.0 ], [ 106.807765194000069, -6.309266213999933, 0.0 ], [ 106.807784451000089, -6.309303227999976, 0.0 ], [ 106.807801417000064, -6.309343891999958, 0.0 ], [ 106.807829138000045, -6.309415639999941, 0.0 ], [ 106.807856857000047, -6.30948738799998, 0.0 ], [ 106.807884577000038, -6.309559134999972, 0.0 ], [ 106.807912297000087, -6.309630882999954, 0.0 ], [ 106.807941037000035, -6.309685782999964, 0.0 ], [ 106.807979071000034, -6.309734696999953, 0.0 ], [ 106.808025187000055, -6.309776069999941, 0.0 ], [ 106.808069514000067, -6.309803427999952, 0.0 ], [ 106.808111423000071, -6.309822420999978, 0.0 ], [ 106.808174903000065, -6.309856888999946, 0.0 ], [ 106.808222834000048, -6.309889018999968, 0.0 ], [ 106.808256444000051, -6.30992837499997, 0.0 ], [ 106.808259765000059, -6.309940973999971, 0.0 ], [ 106.80827219400004, -6.309988127999929, 0.0 ], [ 106.808280739000054, -6.310039533999941, 0.0 ], [ 106.80829643900006, -6.310084933999974, 0.0 ], [ 106.808320452000032, -6.310114754999972, 0.0 ], [ 106.808342119000088, -6.310148100999925, 0.0 ], [ 106.808344489000035, -6.310151750999978, 0.0 ], [ 106.808372188000078, -6.310210265999956, 0.0 ], [ 106.808384313000033, -6.310259266999935, 0.0 ], [ 106.808411983000042, -6.310309408999956, 0.0 ], [ 106.80844793600005, -6.310334403999946, 0.0 ], [ 106.808480316000043, -6.310364194999977, 0.0 ], [ 106.808522295000046, -6.310403521999945, 0.0 ], [ 106.808541630000036, -6.310463262999974, 0.0 ], [ 106.808539430000053, -6.310518293999962, 0.0 ], [ 106.808527616000049, -6.31055900399997, 0.0 ], [ 106.808505791000073, -6.310608599999966, 0.0 ], [ 106.808480457000087, -6.310684163999952, 0.0 ], [ 106.80845323300008, -6.310759019999978, 0.0 ], [ 106.808433758000035, -6.310796886999981, 0.0 ], [ 106.808420492000039, -6.310820895999939, 0.0 ], [ 106.808381216000043, -6.310871270999939, 0.0 ], [ 106.808340684000086, -6.310904902999937, 0.0 ], [ 106.808301343000039, -6.310936139999967, 0.0 ], [ 106.80822616100005, -6.310974678999969, 0.0 ], [ 106.808167670000046, -6.311000000999968, 0.0 ], [ 106.808111524000083, -6.311012156999936, 0.0 ], [ 106.808051783000053, -6.311021933999939, 0.0 ], [ 106.808033927000054, -6.311028652999937, 0.0 ], [ 106.808000444000072, -6.31104124999996, 0.0 ], [ 106.80798268500007, -6.311050211999941, 0.0 ], [ 106.807968347000042, -6.311047072999941, 0.0 ], [ 106.80796833800008, -6.31104709899995, 0.0 ], [ 106.807963992000055, -6.311059645999933, 0.0 ], [ 106.807962005000036, -6.311065378999956, 0.0 ], [ 106.807949388000054, -6.311069018999945, 0.0 ], [ 106.807947598000055, -6.311071002999938, 0.0 ], [ 106.807944521000081, -6.311074413999961, 0.0 ], [ 106.807928890000085, -6.311091737999959, 0.0 ], [ 106.807922654000038, -6.311113227999954, 0.0 ], [ 106.807921698000087, -6.311116517999949, 0.0 ], [ 106.807919918000039, -6.311122657999931, 0.0 ], [ 106.80791707700007, -6.311132447999967, 0.0 ], [ 106.807919039000069, -6.311159729999929, 0.0 ], [ 106.807920611000043, -6.311181580999971, 0.0 ], [ 106.807920767000041, -6.31118373299995, 0.0 ], [ 106.80792335700005, -6.31121974399997, 0.0 ], [ 106.807922978000079, -6.311227667999958, 0.0 ], [ 106.807922337000036, -6.311241075999931, 0.0 ], [ 106.807921128000032, -6.311266402999934, 0.0 ], [ 106.807909749000032, -6.311306439999953, 0.0 ], [ 106.807909173000041, -6.311308466999947, 0.0 ], [ 106.807907495000052, -6.311314367999955, 0.0 ], [ 106.807905264000055, -6.311322215999951, 0.0 ], [ 106.807901050000055, -6.311337045999949, 0.0 ], [ 106.807885687000066, -6.311388533999946, 0.0 ], [ 106.807877734000044, -6.311405204999971, 0.0 ], [ 106.807876191000048, -6.311408440999969, 0.0 ], [ 106.807870257000047, -6.311420883999972, 0.0 ], [ 106.807868090000056, -6.31144510699994, 0.0 ], [ 106.807867099000077, -6.311456178999947, 0.0 ], [ 106.807865654000068, -6.311472334999962, 0.0 ], [ 106.807865231000051, -6.311489183999981, 0.0 ], [ 106.807865186000072, -6.311490960999947, 0.0 ], [ 106.807864604000088, -6.31151420499998, 0.0 ], [ 106.80786911000007, -6.311529976999964, 0.0 ], [ 106.807877916000052, -6.311560808999957, 0.0 ], [ 106.807893594000063, -6.311600226999929, 0.0 ], [ 106.80790595600007, -6.311627191999946, 0.0 ], [ 106.807911664000073, -6.311639636999928, 0.0 ], [ 106.807913660000054, -6.311642730999949, 0.0 ], [ 106.807952528000044, -6.311702891999971, 0.0 ], [ 106.807984908000037, -6.311741035999944, 0.0 ], [ 106.80799697100008, -6.311751860999948, 0.0 ], [ 106.808022117000064, -6.31177441799997, 0.0 ], [ 106.808064048000062, -6.311800588999972, 0.0 ], [ 106.808098791000077, -6.31182199899996, 0.0 ], [ 106.808098414000085, -6.311833728999943, 0.0 ], [ 106.808098373000064, -6.311834988999976, 0.0 ], [ 106.808097713000052, -6.311855494999975, 0.0 ], [ 106.808070418000057, -6.31189282899993, 0.0 ], [ 106.808064396000077, -6.311901064999972, 0.0 ], [ 106.80804766600005, -6.311924351999949, 0.0 ], [ 106.808039413000074, -6.311935839999933, 0.0 ], [ 106.808041894000041, -6.311962146999974, 0.0 ], [ 106.808051595000052, -6.312001586999941, 0.0 ], [ 106.808057253000072, -6.312010761999943, 0.0 ], [ 106.808058617000086, -6.31201297299998, 0.0 ], [ 106.808087662000048, -6.312060072999941, 0.0 ], [ 106.808096577000072, -6.312073502999965, 0.0 ], [ 106.808111009000072, -6.31209524999997, 0.0 ], [ 106.808122513000058, -6.31211258299993, 0.0 ], [ 106.808122926000067, -6.312113530999966, 0.0 ], [ 106.808148206000055, -6.312171611999929, 0.0 ], [ 106.808149026000081, -6.312173494999968, 0.0 ], [ 106.808175514000084, -6.312227228999973, 0.0 ], [ 106.808192369000039, -6.312268050999933, 0.0 ], [ 106.808197215000064, -6.31227978499993, 0.0 ], [ 106.808202253000047, -6.312294289999954, 0.0 ], [ 106.808210498000051, -6.312318015999949, 0.0 ], [ 106.808221797000044, -6.312332608999952, 0.0 ], [ 106.808234516000084, -6.312349032999975, 0.0 ], [ 106.808245930000055, -6.31236131999998, 0.0 ], [ 106.808263315000033, -6.312380032999954, 0.0 ], [ 106.808265587000051, -6.312383580999949, 0.0 ], [ 106.80827430800008, -6.312397185999941, 0.0 ], [ 106.808280143000047, -6.312406288999966, 0.0 ], [ 106.808292197000071, -6.312434954999958, 0.0 ], [ 106.80831190400005, -6.312475567999968, 0.0 ], [ 106.808318535000069, -6.312489233999941, 0.0 ], [ 106.808325761000049, -6.312500929999942, 0.0 ], [ 106.80836597800004, -6.312530981999942, 0.0 ], [ 106.808378903000062, -6.312540640999941, 0.0 ], [ 106.80838501900007, -6.312560742999949, 0.0 ], [ 106.808398259000057, -6.312604252999961, 0.0 ], [ 106.808374762000085, -6.312660044999973, 0.0 ], [ 106.808357576000049, -6.312677281999981, 0.0 ], [ 106.808338067000079, -6.312696851999931, 0.0 ], [ 106.808335930000055, -6.312698994999948, 0.0 ], [ 106.808332028000052, -6.312702908999938, 0.0 ], [ 106.808258871000078, -6.312743092999938, 0.0 ], [ 106.808240211000054, -6.312750656999981, 0.0 ], [ 106.808224095000071, -6.312757191999935, 0.0 ], [ 106.808206147000078, -6.312763255999926, 0.0 ], [ 106.808171266000045, -6.312775040999952, 0.0 ], [ 106.80816096500007, -6.31277972099997, 0.0 ], [ 106.808145982000042, -6.312786530999972, 0.0 ], [ 106.80812921100005, -6.31279415399996, 0.0 ], [ 106.808122145000084, -6.312797365999927, 0.0 ], [ 106.808089677000055, -6.312816271999964, 0.0 ], [ 106.808063769000057, -6.312833047999959, 0.0 ], [ 106.80803908200005, -6.312850975999936, 0.0 ], [ 106.808031852000056, -6.312856225999951, 0.0 ], [ 106.808019185000035, -6.312867535999942, 0.0 ], [ 106.808008905000065, -6.312876714999959, 0.0 ], [ 106.807999404000043, -6.312885195999968, 0.0 ], [ 106.80799361000004, -6.312890369999934, 0.0 ], [ 106.807981797000082, -6.312911695999958, 0.0 ], [ 106.807976652000036, -6.312920985999938, 0.0 ], [ 106.807970460000035, -6.312937726999962, 0.0 ], [ 106.807963778000044, -6.312955799999941, 0.0 ], [ 106.807958089000067, -6.312983497999937, 0.0 ], [ 106.807958055000086, -6.312983667999958, 0.0 ], [ 106.807954876000053, -6.31302025399998, 0.0 ], [ 106.807954241000061, -6.313032687999964, 0.0 ], [ 106.807950833000064, -6.313049109999952, 0.0 ], [ 106.807947377000062, -6.313065767999944, 0.0 ], [ 106.807943546000047, -6.313084225999944, 0.0 ], [ 106.807943476000048, -6.31308456499994, 0.0 ], [ 106.807942678000074, -6.313088404999974, 0.0 ], [ 106.807939219000048, -6.313105074999953, 0.0 ], [ 106.807932851000032, -6.313135763999981, 0.0 ], [ 106.807929095000077, -6.313160767999932, 0.0 ], [ 106.807926347000034, -6.313179056999957, 0.0 ], [ 106.807925436000062, -6.313185123999972, 0.0 ], [ 106.807924703000083, -6.313189998999974, 0.0 ], [ 106.80792447500005, -6.313194954999972, 0.0 ], [ 106.807923508000044, -6.31321595999998, 0.0 ], [ 106.807923530000039, -6.313216162999936, 0.0 ], [ 106.807924168000056, -6.313222034999967, 0.0 ], [ 106.807924556000046, -6.313225596999928, 0.0 ], [ 106.80792567900005, -6.313235935999955, 0.0 ], [ 106.807926254000051, -6.313241218999963, 0.0 ], [ 106.807926813000051, -6.313243301999933, 0.0 ], [ 106.807932850000043, -6.313265752999939, 0.0 ], [ 106.807943138000041, -6.31328898199996, 0.0 ], [ 106.80795687400007, -6.313310350999927, 0.0 ], [ 106.80797373200005, -6.313329350999936, 0.0 ], [ 106.807990575000076, -6.313343270999951, 0.0 ], [ 106.808022208000068, -6.313350681999964, 0.0 ], [ 106.808058456000083, -6.313354888999925, 0.0 ], [ 106.80809494600004, -6.313354924999942, 0.0 ], [ 106.808131746000072, -6.313350730999957, 0.0 ], [ 106.808170493000034, -6.313343693999968, 0.0 ], [ 106.80819007000008, -6.313343388999954, 0.0 ], [ 106.808212472000037, -6.313343040999939, 0.0 ], [ 106.808253996000076, -6.313349253999945, 0.0 ], [ 106.808294974000034, -6.313362502999951, 0.0 ], [ 106.808319015000052, -6.31337795099995, 0.0 ], [ 106.808321653000064, -6.313379644999941, 0.0 ], [ 106.808349762000034, -6.313397704999943, 0.0 ], [ 106.808372644000087, -6.313428082999962, 0.0 ], [ 106.80837525700008, -6.313431550999951, 0.0 ], [ 106.80839934800008, -6.313463531999957, 0.0 ], [ 106.808400058000075, -6.313464475999979, 0.0 ], [ 106.808446389000039, -6.313525980999941, 0.0 ], [ 106.808448934000069, -6.313529360999951, 0.0 ], [ 106.808464670000035, -6.31355025199997, 0.0 ], [ 106.80847011700007, -6.313557480999975, 0.0 ], [ 106.808498519000068, -6.313595186999976, 0.0 ], [ 106.80851967600006, -6.313623272999962, 0.0 ], [ 106.808548105000057, -6.313661013999933, 0.0 ], [ 106.808553397000082, -6.313670176999949, 0.0 ], [ 106.808574888000066, -6.313707391999969, 0.0 ], [ 106.808582762000071, -6.313721025999939, 0.0 ], [ 106.808591581000087, -6.313736294999956, 0.0 ], [ 106.808595859000036, -6.313743702999943, 0.0 ], [ 106.808610324000085, -6.313768749999952, 0.0 ], [ 106.808617421000065, -6.313781036999956, 0.0 ], [ 106.808636842000055, -6.313814664999938, 0.0 ], [ 106.808652079000069, -6.313841048999961, 0.0 ], [ 106.808665856000061, -6.313861686999928, 0.0 ], [ 106.80868219000007, -6.313880363999942, 0.0 ], [ 106.808700805000058, -6.313896769999928, 0.0 ], [ 106.808701833000043, -6.313897562999955, 0.0 ], [ 106.808724626000071, -6.31390885899998, 0.0 ], [ 106.808738636000044, -6.313915556999973, 0.0 ], [ 106.808741488000067, -6.313916451999944, 0.0 ], [ 106.808760656000061, -6.313922461999937, 0.0 ], [ 106.808767508000074, -6.313925423999933, 0.0 ], [ 106.808806547000074, -6.313942309999959, 0.0 ], [ 106.808840697000051, -6.313963372999979, 0.0 ], [ 106.808849763000069, -6.313968964999958, 0.0 ], [ 106.808860364000054, -6.313977840999939, 0.0 ], [ 106.808863171000041, -6.313980191999974, 0.0 ], [ 106.808888695000064, -6.314001566999934, 0.0 ], [ 106.808907899000076, -6.314023057999975, 0.0 ], [ 106.808922533000043, -6.314039435999973, 0.0 ], [ 106.808950571000082, -6.31408178199996, 0.0 ], [ 106.808952720000036, -6.314086344999964, 0.0 ], [ 106.808960857000045, -6.314103606999936, 0.0 ], [ 106.808971774000042, -6.314126767999937, 0.0 ], [ 106.808974912000053, -6.314133423999976, 0.0 ], [ 106.808974507000073, -6.314150687999927, 0.0 ], [ 106.808973539000078, -6.314192121999952, 0.0 ], [ 106.80897333300004, -6.314200923999977, 0.0 ], [ 106.808967861000042, -6.31426042399994, 0.0 ], [ 106.808959194000067, -6.314314131999936, 0.0 ], [ 106.808959698000081, -6.314324381999938, 0.0 ], [ 106.808960261000038, -6.314335807999953, 0.0 ], [ 106.808961043000068, -6.31435167799998, 0.0 ], [ 106.808965583000088, -6.314373357999955, 0.0 ], [ 106.808968955000068, -6.314389457999937, 0.0 ], [ 106.808981321000033, -6.314421956999979, 0.0 ], [ 106.809000684000068, -6.314444186999935, 0.0 ], [ 106.809007646000055, -6.314452178999943, 0.0 ], [ 106.809015122000062, -6.314460762999943, 0.0 ], [ 106.809023522000075, -6.314470408999966, 0.0 ], [ 106.809026650000078, -6.314477023999927, 0.0 ], [ 106.80906116500006, -6.314550035999957, 0.0 ], [ 106.809061579000058, -6.314550910999969, 0.0 ], [ 106.809080298000083, -6.314590507999981, 0.0 ], [ 106.809083766000072, -6.31459784499998, 0.0 ], [ 106.809089818000075, -6.314610647999928, 0.0 ], [ 106.809098806000065, -6.314629660999969, 0.0 ], [ 106.80910723900007, -6.314652746999968, 0.0 ], [ 106.809121793000088, -6.314692590999925, 0.0 ], [ 106.809125001000041, -6.31470137599996, 0.0 ], [ 106.809128294000061, -6.314710393999974, 0.0 ], [ 106.809144779000064, -6.314755520999938, 0.0 ], [ 106.809151868000072, -6.314774815999954, 0.0 ], [ 106.809154608000085, -6.314782266999941, 0.0 ], [ 106.809159235000038, -6.314794863999964, 0.0 ], [ 106.80916078100006, -6.314801360999979, 0.0 ], [ 106.80916484100004, -6.314818410999976, 0.0 ], [ 106.809169193000059, -6.314836686999968, 0.0 ], [ 106.809169480000037, -6.314837894999926, 0.0 ], [ 106.809169690000033, -6.314839702999961, 0.0 ], [ 106.808979649000037, -6.314851121999936, 0.0 ], [ 106.808857466000063, -6.314854478999962, 0.0 ], [ 106.808848612000077, -6.31485472199995, 0.0 ], [ 106.808644723000043, -6.314855277999925, 0.0 ], [ 106.80834612600006, -6.31487724699997, 0.0 ], [ 106.808224112000062, -6.314881360999948, 0.0 ], [ 106.80805623100008, -6.314881244999981, 0.0 ], [ 106.808053120000068, -6.314845370999933, 0.0 ], [ 106.807730370000058, -6.314855462999958, 0.0 ], [ 106.807622796000032, -6.314861816999951, 0.0 ], [ 106.807527313000037, -6.314907004999952, 0.0 ], [ 106.80740776500005, -6.314907421999976, 0.0 ], [ 106.807165606000069, -6.314887327999941, 0.0 ], [ 106.806809971000064, -6.314894543999969, 0.0 ], [ 106.806605001000037, -6.314916666999977, 0.0 ], [ 106.806226111000058, -6.314936109999962, 0.0 ], [ 106.80597533200006, -6.314936968999973, 0.0 ], [ 106.805901390000088, -6.314937221999969, 0.0 ], [ 106.805692779000083, -6.31493805599996, 0.0 ], [ 106.805391945000054, -6.314957221999975, 0.0 ], [ 106.805187358000069, -6.314974933999963, 0.0 ], [ 106.805040001000066, -6.31497638899998, 0.0 ], [ 106.804730117000076, -6.314985490999959, 0.0 ], [ 106.804629038000087, -6.314997744999971, 0.0 ], [ 106.804628541000056, -6.314997804999962, 0.0 ], [ 106.80462637100004, -6.314997785999935, 0.0 ], [ 106.80438943300004, -6.314995643999964, 0.0 ], [ 106.803882223000073, -6.314989443999934, 0.0 ], [ 106.803882449000071, -6.315009123999971, 0.0 ], [ 106.803885210000033, -6.315248585999939, 0.0 ], [ 106.80381396000007, -6.315246000999934, 0.0 ], [ 106.802438772000073, -6.315283500999954, 0.0 ], [ 106.802041313000075, -6.315296837999938, 0.0 ], [ 106.801721561000079, -6.315309907999961, 0.0 ], [ 106.801240419000067, -6.315323534999948, 0.0 ], [ 106.801242333000062, -6.315150075999952, 0.0 ], [ 106.801242693000063, -6.315117188999977, 0.0 ], [ 106.801240891000077, -6.315117173999965, 0.0 ], [ 106.801201450000065, -6.31511685199996, 0.0 ], [ 106.801174576000051, -6.315116633999935, 0.0 ], [ 106.80114250400004, -6.315116369999942, 0.0 ], [ 106.801094257000045, -6.315115975999959, 0.0 ], [ 106.800985654000044, -6.31511508799997, 0.0 ], [ 106.800985540000056, -6.315082194999945, 0.0 ], [ 106.800942855000073, -6.315081905999932, 0.0 ], [ 106.800887911000075, -6.315081532999955, 0.0 ], [ 106.800866668000083, -6.315081388999943, 0.0 ], [ 106.800805239000056, -6.315084891999959, 0.0 ], [ 106.800712305000047, -6.315090191999957, 0.0 ], [ 106.800601784000037, -6.315096493999931, 0.0 ], [ 106.80056372100006, -6.315098663999947, 0.0 ], [ 106.800530557000059, -6.315100555999948, 0.0 ], [ 106.800348893000034, -6.315106405999927, 0.0 ], [ 106.800220001000071, -6.315110554999933, 0.0 ], [ 106.800155367000059, -6.315114766999955, 0.0 ], [ 106.799999029000048, -6.315124952999952, 0.0 ], [ 106.799925834000078, -6.315129721999938, 0.0 ], [ 106.799827367000034, -6.315135733999966, 0.0 ], [ 106.799611945000038, -6.315148888999943, 0.0 ], [ 106.799608079000052, -6.31518564299995, 0.0 ], [ 106.799561698000048, -6.315186271999949, 0.0 ], [ 106.799312205000035, -6.315189655999973, 0.0 ], [ 106.799234651000063, -6.315194045999931, 0.0 ], [ 106.799185314000056, -6.315196836999974, 0.0 ], [ 106.798985562000041, -6.31520814199996, 0.0 ], [ 106.798974541000064, -6.315208765999955, 0.0 ], [ 106.79878718100008, -6.315216445999965, 0.0 ], [ 106.798735475000058, -6.315218562999974, 0.0 ], [ 106.798584359000074, -6.315223136999975, 0.0 ], [ 106.798450695000042, -6.315227180999955, 0.0 ], [ 106.798400768000079, -6.315228691999948, 0.0 ], [ 106.798245903000065, -6.315234449999934, 0.0 ], [ 106.79813480200005, -6.31523858099996, 0.0 ], [ 106.797979842000075, -6.315239880999968, 0.0 ], [ 106.797821882000051, -6.315241205999939, 0.0 ], [ 106.797698338000089, -6.315242240999964, 0.0 ], [ 106.797643036000068, -6.315242704999946, 0.0 ], [ 106.797627282000064, -6.315242836999971, 0.0 ], [ 106.797625057000062, -6.315242851999926, 0.0 ], [ 106.797551849000058, -6.315243469999928, 0.0 ], [ 106.797528100000079, -6.315243666999947, 0.0 ], [ 106.797525189000055, -6.31521281199997, 0.0 ], [ 106.797524997000039, -6.31521078399993, 0.0 ], [ 106.797422944000061, -6.315219560999935, 0.0 ], [ 106.797235174000036, -6.315235707999932, 0.0 ], [ 106.79700149100006, -6.315252831999942, 0.0 ], [ 106.796978206000063, -6.315254537999976, 0.0 ], [ 106.796715606000078, -6.315266747999942, 0.0 ], [ 106.796715213000084, -6.315266765999979, 0.0 ], [ 106.796703327000046, -6.315267318999929, 0.0 ], [ 106.796700295000051, -6.315267460999962, 0.0 ], [ 106.796694940000066, -6.31526704099997, 0.0 ], [ 106.796645805000082, -6.31526318799996, 0.0 ], [ 106.796543694000036, -6.315255183999966, 0.0 ], [ 106.796534571000052, -6.315254468999967, 0.0 ], [ 106.796494271000086, -6.31525131099994, 0.0 ], [ 106.796435442000075, -6.315246697999953, 0.0 ], [ 106.796376634000069, -6.315242087999934, 0.0 ], [ 106.796371441000076, -6.315241680999975, 0.0 ], [ 106.79635046900006, -6.315226800999937, 0.0 ], [ 106.796350273000087, -6.315169983999965, 0.0 ], [ 106.796329622000087, -6.315168678999953, 0.0 ], [ 106.796237234000046, -6.315162834999967, 0.0 ], [ 106.796215748000066, -6.315161476999947, 0.0 ], [ 106.79614967200007, -6.31516040899993, 0.0 ], [ 106.79612850400008, -6.315160066999965, 0.0 ], [ 106.796100839000076, -6.315159619999974, 0.0 ], [ 106.79609273300008, -6.315159488999939, 0.0 ], [ 106.796088054000052, -6.315159412999947, 0.0 ], [ 106.796047313000088, -6.315158753999981, 0.0 ], [ 106.79603153000005, -6.315158498999949, 0.0 ], [ 106.796031089000053, -6.315158491999966, 0.0 ], [ 106.796017369000083, -6.315158268999937, 0.0 ], [ 106.795998066000038, -6.315157957999929, 0.0 ], [ 106.795979258000045, -6.315157653999961, 0.0 ], [ 106.795962319000068, -6.31515737999996, 0.0 ], [ 106.795941898000081, -6.315157049999925, 0.0 ], [ 106.795924195000055, -6.315156763999937, 0.0 ], [ 106.795907811000063, -6.315156498999954, 0.0 ], [ 106.795892061000075, -6.315156242999933, 0.0 ], [ 106.795876889000056, -6.315155998999956, 0.0 ], [ 106.795849563000047, -6.315155556999969, 0.0 ], [ 106.795841065000047, -6.31515541999994, 0.0 ], [ 106.795814387000064, -6.31515498899995, 0.0 ], [ 106.795789498000033, -6.315154585999949, 0.0 ], [ 106.795782238000072, -6.315154468999935, 0.0 ], [ 106.795759545000067, -6.315154101999951, 0.0 ], [ 106.795758441000032, -6.315154083999971, 0.0 ], [ 106.795761402000039, -6.315193616999977, 0.0 ], [ 106.795764709000082, -6.315237795999963, 0.0 ], [ 106.795737670000051, -6.315240461999963, 0.0 ], [ 106.795610001000057, -6.31525305599996, 0.0 ], [ 106.79544510900007, -6.315295714999934, 0.0 ], [ 106.795008846000087, -6.315324132999933, 0.0 ], [ 106.794483572000047, -6.315325944999927, 0.0 ], [ 106.794476853000049, -6.315325966999978, 0.0 ], [ 106.794476604000067, -6.315330441999947, 0.0 ], [ 106.794474038000033, -6.315376814999979, 0.0 ], [ 106.794190150000077, -6.315389754999956, 0.0 ], [ 106.793604440000081, -6.315415696999935, 0.0 ], [ 106.793359394000049, -6.315425513999969, 0.0 ], [ 106.793209423000064, -6.315428427999962, 0.0 ], [ 106.793156589000034, -6.315431616999945, 0.0 ], [ 106.793132924000076, -6.315433045999953, 0.0 ], [ 106.793125684000074, -6.315433482999936, 0.0 ], [ 106.793128125000067, -6.31547967399996, 0.0 ], [ 106.793137977000072, -6.31566618599993, 0.0 ], [ 106.793145522000088, -6.315809023999975, 0.0 ], [ 106.792984444000069, -6.315822777999927, 0.0 ], [ 106.79271222300008, -6.315823887999954, 0.0 ], [ 106.79220377200005, -6.315725545999953, 0.0 ], [ 106.792134969000074, -6.315707840999949, 0.0 ], [ 106.792054108000059, -6.315660270999956, 0.0 ], [ 106.791598627000042, -6.315314951999937, 0.0 ], [ 106.791250843000057, -6.314999164999961, 0.0 ], [ 106.791131005000068, -6.314915844999973, 0.0 ], [ 106.791019445000074, -6.314853055999947, 0.0 ], [ 106.790770362000046, -6.314757748999966, 0.0 ], [ 106.790544709000073, -6.314771331999964, 0.0 ], [ 106.790377515000046, -6.314822744999958, 0.0 ], [ 106.790276031000076, -6.314861968999935, 0.0 ], [ 106.790243237000084, -6.314886005999938, 0.0 ], [ 106.790183334000062, -6.314937221999969, 0.0 ], [ 106.790156975000059, -6.31500591899993, 0.0 ], [ 106.790109699000084, -6.315164573999937, 0.0 ], [ 106.790017706000071, -6.315356277999967, 0.0 ], [ 106.789937575000067, -6.315521025999942, 0.0 ], [ 106.789833995000038, -6.315820422999934, 0.0 ], [ 106.789814723000063, -6.315861110999947, 0.0 ], [ 106.789635342000054, -6.316284621999955, 0.0 ], [ 106.789561112000058, -6.316244443999949, 0.0 ], [ 106.789530230000082, -6.316231081999945, 0.0 ], [ 106.788707222000085, -6.315875, 0.0 ], [ 106.787618944000087, -6.315714401999969, 0.0 ], [ 106.787376752000057, -6.315685328999962, 0.0 ], [ 106.786713200000065, -6.315672655999947, 0.0 ], [ 106.786249462000058, -6.315705941999965, 0.0 ], [ 106.786225695000041, -6.315706023999951, 0.0 ], [ 106.786209093000082, -6.315706080999973, 0.0 ], [ 106.786197318000063, -6.315706120999948, 0.0 ], [ 106.78619625400006, -6.315706124999963, 0.0 ], [ 106.786149519000048, -6.315706284999976, 0.0 ], [ 106.785984455000062, -6.315661882999962, 0.0 ], [ 106.785968122000043, -6.31565977799994, 0.0 ], [ 106.785891113000048, -6.315649855999936, 0.0 ], [ 106.785814471000037, -6.315639980999947, 0.0 ], [ 106.785752746000071, -6.315640753999958, 0.0 ], [ 106.785709668000038, -6.315651678999927, 0.0 ], [ 106.78570086600007, -6.315656117999936, 0.0 ], [ 106.785699916000056, -6.31565659599994, 0.0 ], [ 106.785632812000074, -6.31569043199994, 0.0 ], [ 106.785536083000068, -6.31577236399994, 0.0 ], [ 106.785475610000049, -6.315854765999973, 0.0 ], [ 106.785444554000037, -6.315840342999934, 0.0 ], [ 106.785419878000084, -6.315828880999959, 0.0 ], [ 106.785356334000085, -6.315799368999933, 0.0 ], [ 106.785069693000082, -6.315666236999959, 0.0 ], [ 106.785052051000036, -6.315658043999974, 0.0 ], [ 106.784908070000085, -6.315591172999973, 0.0 ], [ 106.784820688000082, -6.315550586999962, 0.0 ], [ 106.784771598000077, -6.315527786999951, 0.0 ], [ 106.784761578000087, -6.315550586999962, 0.0 ], [ 106.784582176000072, -6.315958805999969, 0.0 ], [ 106.784494639000059, -6.316157990999955, 0.0 ], [ 106.784438334000072, -6.316286109999965, 0.0 ], [ 106.784381371000052, -6.316399116999946, 0.0 ], [ 106.784363633000055, -6.316434306999952, 0.0 ], [ 106.784358302000044, -6.316434845999936, 0.0 ], [ 106.784211668000069, -6.316449721999959, 0.0 ], [ 106.783933375000061, -6.316471665999927, 0.0 ], [ 106.783929224000076, -6.31647228199995, 0.0 ], [ 106.783579444000054, -6.316524166999955, 0.0 ], [ 106.783270320000042, -6.316605516999971, 0.0 ], [ 106.783250278000082, -6.316552499999943, 0.0 ], [ 106.783026390000089, -6.316182499999968, 0.0 ], [ 106.782956143000035, -6.316057819999969, 0.0 ], [ 106.782853612000054, -6.31587583299995, 0.0 ], [ 106.782762336000076, -6.315902603999973, 0.0 ], [ 106.782705041000042, -6.315919406999967, 0.0 ], [ 106.782673235000061, -6.315928735999933, 0.0 ], [ 106.782595769000068, -6.315952458999959, 0.0 ], [ 106.782544850000079, -6.31596805199996, 0.0 ], [ 106.782529723000039, -6.315914274999955, 0.0 ], [ 106.782274168000072, -6.315916666999954, 0.0 ], [ 106.782111378000081, -6.315939630999935, 0.0 ], [ 106.782039669000085, -6.315945857999964, 0.0 ], [ 106.781926147000036, -6.315961199999947, 0.0 ], [ 106.781851459000052, -6.315970426999968, 0.0 ], [ 106.781752892000043, -6.315988706999974, 0.0 ], [ 106.781696155000077, -6.316003852999927, 0.0 ], [ 106.781637806000049, -6.316025137999929, 0.0 ], [ 106.781546882000043, -6.316052209999953, 0.0 ], [ 106.781469327000082, -6.316097332999959, 0.0 ], [ 106.781278486000076, -6.316226574999973, 0.0 ], [ 106.781272198000067, -6.316230565999945, 0.0 ], [ 106.781117441000049, -6.316328800999941, 0.0 ], [ 106.780971257000033, -6.316407052999978, 0.0 ], [ 106.780821972000069, -6.316452419999962, 0.0 ], [ 106.780675605000056, -6.316476844999954, 0.0 ], [ 106.780594596000071, -6.316496273999974, 0.0 ], [ 106.78046058700005, -6.316528417999962, 0.0 ], [ 106.780260463000047, -6.316564987999925, 0.0 ], [ 106.780226773000038, -6.316569407999964, 0.0 ], [ 106.780158070000084, -6.316578421999964, 0.0 ], [ 106.780120052000086, -6.316583409999964, 0.0 ], [ 106.779998753000086, -6.316580802999965, 0.0 ], [ 106.779932209000037, -6.316559019999943, 0.0 ], [ 106.779863216000081, -6.316520978999961, 0.0 ], [ 106.779862513000069, -6.316519292999942, 0.0 ], [ 106.779756178000071, -6.316264406999949, 0.0 ], [ 106.779698244000087, -6.316103839999926, 0.0 ], [ 106.779689156000074, -6.316095871999948, 0.0 ], [ 106.779633012000033, -6.31604664799994, 0.0 ], [ 106.779510234000043, -6.31594180299993, 0.0 ], [ 106.779364534000081, -6.315846607999958, 0.0 ], [ 106.779345174000071, -6.315836902999933, 0.0 ], [ 106.779182503000072, -6.315755362999937, 0.0 ], [ 106.779054207000058, -6.315715611999963, 0.0 ], [ 106.778918313000077, -6.315691195999932, 0.0 ], [ 106.778759471000058, -6.315668770999935, 0.0 ], [ 106.778589114000056, -6.315634903999978, 0.0 ], [ 106.77793243900004, -6.315466812999944, 0.0 ], [ 106.777729564000083, -6.315433055999961, 0.0 ], [ 106.777587957000037, -6.315416313999947, 0.0 ], [ 106.777342971000053, -6.315374447999943, 0.0 ], [ 106.777043921000086, -6.315324630999953, 0.0 ], [ 106.776903398000059, -6.315310158999978, 0.0 ], [ 106.776840574000062, -6.315292430999932, 0.0 ], [ 106.776834132000033, -6.315286944999968, 0.0 ], [ 106.776798609000082, -6.315256688999966, 0.0 ], [ 106.77675359400007, -6.315203014999952, 0.0 ], [ 106.776729408000051, -6.315122355999961, 0.0 ], [ 106.776683955000067, -6.314940092999962, 0.0 ], [ 106.776632708000079, -6.314811679999934, 0.0 ], [ 106.776611194000054, -6.314638307999928, 0.0 ], [ 106.776622649000046, -6.314491736999969, 0.0 ], [ 106.77664006200007, -6.314339164999978, 0.0 ], [ 106.776639665000062, -6.314222538999957, 0.0 ], [ 106.776636764000045, -6.314175911999939, 0.0 ], [ 106.776630179000051, -6.31407005899996, 0.0 ], [ 106.776623763000089, -6.31394149099998, 0.0 ], [ 106.776614704000053, -6.313901982999937, 0.0 ], [ 106.776602525000044, -6.31384886099994, 0.0 ], [ 106.776542088000042, -6.313654688999975, 0.0 ], [ 106.776490749000061, -6.31349935999998, 0.0 ], [ 106.776439401000061, -6.31334104299998, 0.0 ], [ 106.776426746000084, -6.313230530999931, 0.0 ], [ 106.776423998000041, -6.313206525999931, 0.0 ], [ 106.776423610000052, -6.31309289099994, 0.0 ], [ 106.776435167000045, -6.312976222999964, 0.0 ], [ 106.776443936000078, -6.312932323999974, 0.0 ], [ 106.776470432000053, -6.312799666999979, 0.0 ], [ 106.776520456000071, -6.312569232999977, 0.0 ], [ 106.776549660000057, -6.312368772999946, 0.0 ], [ 106.776603844000078, -6.311964943999953, 0.0 ], [ 106.776601629000083, -6.311891420999928, 0.0 ], [ 106.776539169000046, -6.311805510999932, 0.0 ], [ 106.776529172000039, -6.311796477999962, 0.0 ], [ 106.776486404000082, -6.311757841999963, 0.0 ], [ 106.776333218000048, -6.311710518999973, 0.0 ], [ 106.776170499000045, -6.311672795999925, 0.0 ], [ 106.776017378000063, -6.311644609999973, 0.0 ], [ 106.775811688000033, -6.311626171999933, 0.0 ], [ 106.775802271000089, -6.311625026999934, 0.0 ], [ 106.775696870000047, -6.311612209999964, 0.0 ], [ 106.775548882000066, -6.31162756699996, 0.0 ], [ 106.775372922000088, -6.311738813999966, 0.0 ], [ 106.775205940000035, -6.311853019999944, 0.0 ], [ 106.775089734000062, -6.311958081999933, 0.0 ], [ 106.775030245000039, -6.312042016999953, 0.0 ], [ 106.775004074000037, -6.312078647999954, 0.0 ], [ 106.77497670300005, -6.312116960999958, 0.0 ], [ 106.774905155000056, -6.312171031999981, 0.0 ], [ 106.774797702000058, -6.312213264999968, 0.0 ], [ 106.774690117000034, -6.312216621999937, 0.0 ], [ 106.774624182000082, -6.312163018999968, 0.0 ], [ 106.774524993000057, -6.311998882999944, 0.0 ], [ 106.774467667000067, -6.311840582999935, 0.0 ], [ 106.774440302000073, -6.311703116999979, 0.0 ], [ 106.774421747000076, -6.311520762999976, 0.0 ], [ 106.774430368000083, -6.311419058999945, 0.0 ], [ 106.774450892000061, -6.311302360999946, 0.0 ], [ 106.774489491000054, -6.311227468999959, 0.0 ], [ 106.774581786000056, -6.311122487999967, 0.0 ], [ 106.774697981000088, -6.311014436999926, 0.0 ], [ 106.774817266000071, -6.310936279999964, 0.0 ], [ 106.774861936000036, -6.31091093699996, 0.0 ], [ 106.774960451000084, -6.31085504899994, 0.0 ], [ 106.774990697000078, -6.31083371099993, 0.0 ], [ 106.77507971600005, -6.310770909999974, 0.0 ], [ 106.77521689200006, -6.310680728999955, 0.0 ], [ 106.775297385000044, -6.310620645999961, 0.0 ], [ 106.775344999000083, -6.310560674999977, 0.0 ], [ 106.77535411100007, -6.310520994999933, 0.0 ], [ 106.775365616000045, -6.310470890999966, 0.0 ], [ 106.775332507000087, -6.310402222999926, 0.0 ], [ 106.775251666000088, -6.310360632999959, 0.0 ], [ 106.775030306000076, -6.310304568999925, 0.0 ], [ 106.774469374000034, -6.310156948999975, 0.0 ], [ 106.774446973000067, -6.31015105299997, 0.0 ], [ 106.774068821000071, -6.310059025999976, 0.0 ], [ 106.773974357000043, -6.310036036999975, 0.0 ], [ 106.773720081000079, -6.30996812199993, 0.0 ], [ 106.773540510000032, -6.309896961999925, 0.0 ], [ 106.773447627000053, -6.309828498999934, 0.0 ], [ 106.773420688000044, -6.309801059999927, 0.0 ], [ 106.773337695000066, -6.309716521999974, 0.0 ], [ 106.773327660000064, -6.30970629899997, 0.0 ], [ 106.773285502000078, -6.309613737999939, 0.0 ], [ 106.773291185000062, -6.309526996999978, 0.0 ], [ 106.773325885000077, -6.309466338999925, 0.0 ], [ 106.773335753000083, -6.309449092999955, 0.0 ], [ 106.773386357000049, -6.309389111999963, 0.0 ], [ 106.77353240900004, -6.309271986999931, 0.0 ], [ 106.773684487000082, -6.309169793999956, 0.0 ], [ 106.773827574000052, -6.309108481999942, 0.0 ], [ 106.773881459000052, -6.30908539099994, 0.0 ], [ 106.77407547200005, -6.309009968999931, 0.0 ], [ 106.77412430000004, -6.308999473999961, 0.0 ], [ 106.77428751900004, -6.308964390999961, 0.0 ], [ 106.774487592000071, -6.30891287299994, 0.0 ], [ 106.774603960000036, -6.308855656999981, 0.0 ], [ 106.774714216000064, -6.30875958699994, 0.0 ], [ 106.774836307000044, -6.308627590999947, 0.0 ], [ 106.774850067000045, -6.308601639999949, 0.0 ], [ 106.774904609000032, -6.308498770999961, 0.0 ], [ 106.774946915000044, -6.308409950999931, 0.0 ], [ 106.774978800000042, -6.308343014999934, 0.0 ], [ 106.774987439000085, -6.30824729099993, 0.0 ], [ 106.774963194000065, -6.308148686999971, 0.0 ], [ 106.774919871000066, -6.308076998999979, 0.0 ], [ 106.77490909100004, -6.308059158999981, 0.0 ], [ 106.774780087000067, -6.307916058999979, 0.0 ], [ 106.774577181000041, -6.307690150999974, 0.0 ], [ 106.774456074000057, -6.30755531799997, 0.0 ], [ 106.774388297000087, -6.307482020999942, 0.0 ], [ 106.774252089000072, -6.307334718999925, 0.0 ], [ 106.774075011000036, -6.307117019999964, 0.0 ], [ 106.774055757000042, -6.307082849999972, 0.0 ], [ 106.774049924000053, -6.307072497999968, 0.0 ], [ 106.773975783000083, -6.306940920999978, 0.0 ], [ 106.773927527000069, -6.306812495999964, 0.0 ], [ 106.773909270000047, -6.306716862999963, 0.0 ], [ 106.773926876000075, -6.30662111099997, 0.0 ], [ 106.773968402000037, -6.30652826499994, 0.0 ], [ 106.774022825000088, -6.306466287999967, 0.0 ], [ 106.77403688000004, -6.306450279999979, 0.0 ], [ 106.774153215000069, -6.306384093999952, 0.0 ], [ 106.77415932100007, -6.306381570999974, 0.0 ], [ 106.774350196000057, -6.306302681999966, 0.0 ], [ 106.774645754000062, -6.306205980999948, 0.0 ], [ 106.774863819000075, -6.306172342999957, 0.0 ], [ 106.775004296000077, -6.306174854999938, 0.0 ], [ 106.775140132000047, -6.306171828999936, 0.0 ], [ 106.775162689000069, -6.306171325999969, 0.0 ], [ 106.775255360000074, -6.306176989999926, 0.0 ], [ 106.775383935000036, -6.306194494999943, 0.0 ], [ 106.775446688000045, -6.306191289999958, 0.0 ], [ 106.775489813000036, -6.306162311999969, 0.0 ], [ 106.775491417000069, -6.306161234999934, 0.0 ], [ 106.775491464000083, -6.306160295999973, 0.0 ], [ 106.775491554000041, -6.306158484999969, 0.0 ], [ 106.775494213000059, -6.306104405999974, 0.0 ], [ 106.775461062000034, -6.306023775999961, 0.0 ], [ 106.77543789300006, -6.305987053999957, 0.0 ], [ 106.775304805000076, -6.305776102999971, 0.0 ], [ 106.775262242000053, -6.305717688999948, 0.0 ], [ 106.775191206000045, -6.305620204999968, 0.0 ], [ 106.775013536000074, -6.30537637499998, 0.0 ], [ 106.774866295000038, -6.305143621999946, 0.0 ], [ 106.774806024000043, -6.304997295999954, 0.0 ], [ 106.774796661000039, -6.304880700999945, 0.0 ], [ 106.774802302000069, -6.304781996999964, 0.0 ], [ 106.774846828000079, -6.304692131999957, 0.0 ], [ 106.774891456000034, -6.30463217199997, 0.0 ], [ 106.774945161000062, -6.304605073999937, 0.0 ], [ 106.775022795000041, -6.304583875999981, 0.0 ], [ 106.775106429000061, -6.304568639999957, 0.0 ], [ 106.775181106000048, -6.304556423999941, 0.0 ], [ 106.775273756000047, -6.304556107999929, 0.0 ], [ 106.775387327000033, -6.304555719999939, 0.0 ], [ 106.775447029000077, -6.304534584999942, 0.0 ], [ 106.775515556000073, -6.304471551999939, 0.0 ], [ 106.775548178000065, -6.304396678999979, 0.0 ], [ 106.77555297400005, -6.304379500999971, 0.0 ], [ 106.77559246900006, -6.304238034999969, 0.0 ], [ 106.775589011000079, -6.304100486999971, 0.0 ], [ 106.775580132000073, -6.304004255999928, 0.0 ], [ 106.775576600000079, -6.303965958999981, 0.0 ], [ 106.775519448000068, -6.303858497999954, 0.0 ], [ 106.77543539800007, -6.303751127999931, 0.0 ], [ 106.775429326000051, -6.303745154999945, 0.0 ], [ 106.775379172000044, -6.303695810999955, 0.0 ], [ 106.775135521000038, -6.303456094999945, 0.0 ], [ 106.774961770000061, -6.303337068999951, 0.0 ], [ 106.774837692000062, -6.303284361999943, 0.0 ], [ 106.774836061000087, -6.303283668999939, 0.0 ], [ 106.774787566000043, -6.303273684999965, 0.0 ], [ 106.774707455000055, -6.303257192999979, 0.0 ], [ 106.774617785000032, -6.303254507999952, 0.0 ], [ 106.774513210000066, -6.303263833999949, 0.0 ], [ 106.774494815000082, -6.303273329999968, 0.0 ], [ 106.774384921000035, -6.30333006099994, 0.0 ], [ 106.774271634000058, -6.303414178999958, 0.0 ], [ 106.774203199000056, -6.303504124999961, 0.0 ], [ 106.774143731000038, -6.30359404099994, 0.0 ], [ 106.774066510000068, -6.303737844999944, 0.0 ], [ 106.773944657000072, -6.30393861999994, 0.0 ], [ 106.773805295000045, -6.304265051999948, 0.0 ], [ 106.773753341000088, -6.304344453999931, 0.0 ], [ 106.773713122000061, -6.30440591699994, 0.0 ], [ 106.773656764000066, -6.304531706999967, 0.0 ], [ 106.773588681000035, -6.304612548999955, 0.0 ], [ 106.773573415000044, -6.304630674999942, 0.0 ], [ 106.773510836000071, -6.30468471699993, 0.0 ], [ 106.773472308000066, -6.304704871999945, 0.0 ], [ 106.773430282000049, -6.304726856999935, 0.0 ], [ 106.773340755000049, -6.304766037999968, 0.0 ], [ 106.773227263000081, -6.304790346999937, 0.0 ], [ 106.773137602000077, -6.304790651999951, 0.0 ], [ 106.773064061000071, -6.304771441999947, 0.0 ], [ 106.773035896000067, -6.304764083999942, 0.0 ], [ 106.77295799500007, -6.304707530999963, 0.0 ], [ 106.77290692400004, -6.30462995299996, 0.0 ], [ 106.772903660000054, -6.304549221999935, 0.0 ], [ 106.772912032000079, -6.304511994999928, 0.0 ], [ 106.772927214000049, -6.304444474999968, 0.0 ], [ 106.772998486000063, -6.30430966199998, 0.0 ], [ 106.773096686000088, -6.304183730999966, 0.0 ], [ 106.773197855000035, -6.304051806999951, 0.0 ], [ 106.773278084000083, -6.303913973999954, 0.0 ], [ 106.77337321400006, -6.303764127999955, 0.0 ], [ 106.773406785000077, -6.303692720999948, 0.0 ], [ 106.773422642000071, -6.303658993999932, 0.0 ], [ 106.773456298000042, -6.303587407999942, 0.0 ], [ 106.773509679000085, -6.303464619999943, 0.0 ], [ 106.773533385000064, -6.303404728999965, 0.0 ], [ 106.773554021000052, -6.303320926999959, 0.0 ], [ 106.773537129000033, -6.303223627999955, 0.0 ], [ 106.773529634000056, -6.303180458999975, 0.0 ], [ 106.773484447000044, -6.303075944999932, 0.0 ], [ 106.773415474000046, -6.303007400999945, 0.0 ], [ 106.773346581000055, -6.302962777999937, 0.0 ], [ 106.773232879000034, -6.302924288999975, 0.0 ], [ 106.773119278000081, -6.302915703999929, 0.0 ], [ 106.772996741000043, -6.302916120999953, 0.0 ], [ 106.772814502000074, -6.302937672999974, 0.0 ], [ 106.772644287000048, -6.302980117999937, 0.0 ], [ 106.772348671000088, -6.303058874999977, 0.0 ], [ 106.772050136000075, -6.303158574999941, 0.0 ], [ 106.771739534000062, -6.303225419999933, 0.0 ], [ 106.771625953000068, -6.30322281399998, 0.0 ], [ 106.771536221000076, -6.303202186999954, 0.0 ], [ 106.771458382000048, -6.303163575999974, 0.0 ], [ 106.771374506000086, -6.303107042999955, 0.0 ], [ 106.771269536000034, -6.30299974299993, 0.0 ], [ 106.771167443000081, -6.30285953899994, 0.0 ], [ 106.771111553000082, -6.302739695999946, 0.0 ], [ 106.771056051000073, -6.302620680999951, 0.0 ], [ 106.771028849000061, -6.302531059999978, 0.0 ], [ 106.771004562000087, -6.302420494999978, 0.0 ], [ 106.770959336000033, -6.30230402199993, 0.0 ], [ 106.770923097000036, -6.302236322999931, 0.0 ], [ 106.770908204000079, -6.302208500999939, 0.0 ], [ 106.770881062000058, -6.302136821999966, 0.0 ], [ 106.770877768000048, -6.302047119999941, 0.0 ], [ 106.770905314000061, -6.301969516999975, 0.0 ], [ 106.770919216000038, -6.301930350999953, 0.0 ], [ 106.770990661000042, -6.301846375999958, 0.0 ], [ 106.771077089000073, -6.301774311999964, 0.0 ], [ 106.771187488000066, -6.301720108999973, 0.0 ], [ 106.771271599000045, -6.301683958999945, 0.0 ], [ 106.771327754000083, -6.301659822999966, 0.0 ], [ 106.771515889000057, -6.301614327999971, 0.0 ], [ 106.771701098000051, -6.301586783999937, 0.0 ], [ 106.771716386000037, -6.301584865999928, 0.0 ], [ 106.771946068000034, -6.301556048999942, 0.0 ], [ 106.772241867000048, -6.301531118999947, 0.0 ], [ 106.772504863000052, -6.30152723499998, 0.0 ], [ 106.772729035000054, -6.301532453999926, 0.0 ], [ 106.772950187000049, -6.301528711999936, 0.0 ], [ 106.773096634000069, -6.301528213999973, 0.0 ], [ 106.773134252000034, -6.301513428999954, 0.0 ], [ 106.773150358000066, -6.301507097999945, 0.0 ], [ 106.773177104000069, -6.301462149999963, 0.0 ], [ 106.773167783000076, -6.301357516999929, 0.0 ], [ 106.773158420000073, -6.30124092099993, 0.0 ], [ 106.773128128000053, -6.301121405999936, 0.0 ], [ 106.773079963000043, -6.301019893999978, 0.0 ], [ 106.773070259000065, -6.301003435999974, 0.0 ], [ 106.773007818000053, -6.300897531999965, 0.0 ], [ 106.772692453000047, -6.300441065999962, 0.0 ], [ 106.772601590000079, -6.30032319999998, 0.0 ], [ 106.772584383000037, -6.300300880999941, 0.0 ], [ 106.772482311000033, -6.300166657999966, 0.0 ], [ 106.772398273000078, -6.300062276999938, 0.0 ], [ 106.77229639400008, -6.299984871999925, 0.0 ], [ 106.772164598000074, -6.299898596999981, 0.0 ], [ 106.772020887000053, -6.299824323999928, 0.0 ], [ 106.771844261000069, -6.299738200999968, 0.0 ], [ 106.771649713000045, -6.299655128999973, 0.0 ], [ 106.771559870000033, -6.299601605999953, 0.0 ], [ 106.771517794000033, -6.299532967999937, 0.0 ], [ 106.77148472600004, -6.299476260999938, 0.0 ], [ 106.771536411000056, -6.299411094999925, 0.0 ], [ 106.771581106000042, -6.299354740999945, 0.0 ], [ 106.771692066000071, -6.299289769999973, 0.0 ], [ 106.771831754000061, -6.299235467999949, 0.0 ], [ 106.771975101000066, -6.299202683999965, 0.0 ], [ 106.772118484000089, -6.299180665999927, 0.0 ], [ 106.77229421800007, -6.299180069999977, 0.0 ], [ 106.772484335000058, -6.299190188999944, 0.0 ], [ 106.772696044000043, -6.299221766999949, 0.0 ], [ 106.772908335000068, -6.299295056999938, 0.0 ], [ 106.773004841000045, -6.29932837399997, 0.0 ], [ 106.773292106000042, -6.299431464999941, 0.0 ], [ 106.773460887000056, -6.299495483999976, 0.0 ], [ 106.773579312000038, -6.29951661299998, 0.0 ], [ 106.77361391900007, -6.299513345999969, 0.0 ], [ 106.773697627000047, -6.299505445999955, 0.0 ], [ 106.773808599000063, -6.299444062999953, 0.0 ], [ 106.773894295000048, -6.299332526999933, 0.0 ], [ 106.773936942000034, -6.299217548999934, 0.0 ], [ 106.773950921000051, -6.299109843999929, 0.0 ], [ 106.773936174000085, -6.298991473999934, 0.0 ], [ 106.773889027000052, -6.298837326999944, 0.0 ], [ 106.773841953000044, -6.298704710999971, 0.0 ], [ 106.773769665000088, -6.298539884999968, 0.0 ], [ 106.773658010000077, -6.298400310999966, 0.0 ], [ 106.773557262000054, -6.298303762999979, 0.0 ], [ 106.773417039000037, -6.298200171999952, 0.0 ], [ 106.773298566000051, -6.298164688999975, 0.0 ], [ 106.773205270000062, -6.298150651999947, 0.0 ], [ 106.773083406000069, -6.298172596999962, 0.0 ], [ 106.772947208000062, -6.298198179999929, 0.0 ], [ 106.772753146000071, -6.298312333999945, 0.0 ], [ 106.772603596000067, -6.298400303999927, 0.0 ], [ 106.772508231000074, -6.29845925799998, 0.0 ], [ 106.772464848000084, -6.298486075999961, 0.0 ], [ 106.772113278000063, -6.298703406999948, 0.0 ], [ 106.771898643000043, -6.298865620999948, 0.0 ], [ 106.77171965000008, -6.298963119999939, 0.0 ], [ 106.771612253000058, -6.299020900999949, 0.0 ], [ 106.771537023000064, -6.299046275999956, 0.0 ], [ 106.771489617000043, -6.299046436999959, 0.0 ], [ 106.771407912000086, -6.299046714999974, 0.0 ], [ 106.771241265000072, -6.29899624799998, 0.0 ], [ 106.77116896800004, -6.298903166999935, 0.0 ], [ 106.771066806000078, -6.298742029999971, 0.0 ], [ 106.770994570000084, -6.298592751999934, 0.0 ], [ 106.770913166000071, -6.298383697999952, 0.0 ], [ 106.770861873000058, -6.298240329999942, 0.0 ], [ 106.770852410000089, -6.298093829999971, 0.0 ], [ 106.770856734000063, -6.297606371999962, 0.0 ], [ 106.770847343000071, -6.297480803999974, 0.0 ], [ 106.770814234000056, -6.297412136999981, 0.0 ], [ 106.77073021700005, -6.297313735999978, 0.0 ], [ 106.770673443000078, -6.297316919999957, 0.0 ], [ 106.770616871000072, -6.29737991099995, 0.0 ], [ 106.770524647000059, -6.297505822999938, 0.0 ], [ 106.77040549700007, -6.297622855999975, 0.0 ], [ 106.770316039000079, -6.297682966999957, 0.0 ], [ 106.770232457000077, -6.29771315499994, 0.0 ], [ 106.770145816000081, -6.297722420999946, 0.0 ], [ 106.770032184000058, -6.297704862999979, 0.0 ], [ 106.76991548500007, -6.297663392999937, 0.0 ], [ 106.769833490000053, -6.297606622999979, 0.0 ], [ 106.769816626000079, -6.297594947999926, 0.0 ], [ 106.769791184000042, -6.297546135999937, 0.0 ], [ 106.769790275000048, -6.297544393999942, 0.0 ], [ 106.769771502000083, -6.297508377999975, 0.0 ], [ 106.769769792000034, -6.297495701999935, 0.0 ], [ 106.769756174000065, -6.297394792999967, 0.0 ], [ 106.769740734000038, -6.297248312999955, 0.0 ], [ 106.769737248000069, -6.297101791999978, 0.0 ], [ 106.769739671000082, -6.296934318999945, 0.0 ], [ 106.769748968000044, -6.296865409999953, 0.0 ], [ 106.769765910000046, -6.296739849999938, 0.0 ], [ 106.769807104000051, -6.296548321999978, 0.0 ], [ 106.769872307000071, -6.29638661599995, 0.0 ], [ 106.769947227000046, -6.296257100999981, 0.0 ], [ 106.769955503000062, -6.296242792999976, 0.0 ], [ 106.769968410000047, -6.296231759999955, 0.0 ], [ 106.770053845000064, -6.296158725999931, 0.0 ], [ 106.770140294000043, -6.296092642999952, 0.0 ], [ 106.770202701000073, -6.29598776499995, 0.0 ], [ 106.770235223000043, -6.295882988999949, 0.0 ], [ 106.770231931000069, -6.295793286999981, 0.0 ], [ 106.770224950000056, -6.295761226999957, 0.0 ], [ 106.770213716000058, -6.295709615999954, 0.0 ], [ 106.770147670000085, -6.295623116999934, 0.0 ], [ 106.770125996000047, -6.295607523999934, 0.0 ], [ 106.770060786000045, -6.295560611999974, 0.0 ], [ 106.769956031000049, -6.295516109999937, 0.0 ], [ 106.769836454000085, -6.295507543999975, 0.0 ], [ 106.769716980000055, -6.295528882999974, 0.0 ], [ 106.769624166000085, -6.295557931999952, 0.0 ], [ 106.769599837000044, -6.295565546999967, 0.0 ], [ 106.769552774000033, -6.295580276999942, 0.0 ], [ 106.769275164000078, -6.29567990299995, 0.0 ], [ 106.768905176000032, -6.295860583999968, 0.0 ], [ 106.768848504000061, -6.295895120999944, 0.0 ], [ 106.768813831000045, -6.295916252999973, 0.0 ], [ 106.768666326000073, -6.295933163999962, 0.0 ], [ 106.768632484000079, -6.295931886999938, 0.0 ], [ 106.768568945000084, -6.295929489999935, 0.0 ], [ 106.768448122000052, -6.295924931999934, 0.0 ], [ 106.76839917500007, -6.295917337999981, 0.0 ], [ 106.768202920000078, -6.295886887999927, 0.0 ], [ 106.767996571000083, -6.295848710999962, 0.0 ], [ 106.767871687000081, -6.295814862999976, 0.0 ], [ 106.767844007000065, -6.295807360999959, 0.0 ], [ 106.767813887000045, -6.295791101999953, 0.0 ], [ 106.767673340000044, -6.295715233999942, 0.0 ], [ 106.767349664000051, -6.295450179999932, 0.0 ], [ 106.767234063000046, -6.295320310999955, 0.0 ], [ 106.767211659000054, -6.295295142999976, 0.0 ], [ 106.767139567000072, -6.295187729999952, 0.0 ], [ 106.767091355000048, -6.295071265999979, 0.0 ], [ 106.767085115000043, -6.294993534999946, 0.0 ], [ 106.767117665000058, -6.294897730999935, 0.0 ], [ 106.767147219000037, -6.294798946999947, 0.0 ], [ 106.767233617000045, -6.294717910999964, 0.0 ], [ 106.76730729600007, -6.294659376999959, 0.0 ], [ 106.767388613000037, -6.294594776999929, 0.0 ], [ 106.767504827000039, -6.29449270799995, 0.0 ], [ 106.767567346000078, -6.294420725999942, 0.0 ], [ 106.767931480000072, -6.293892618999962, 0.0 ], [ 106.76814870000004, -6.293610779999938, 0.0 ], [ 106.768217076000042, -6.293502891999935, 0.0 ], [ 106.768288418000054, -6.293389012999967, 0.0 ], [ 106.768291662000081, -6.293362315999957, 0.0 ], [ 106.768293650000032, -6.293345968999972, 0.0 ], [ 106.768297143000041, -6.293317211999977, 0.0 ], [ 106.768293962000087, -6.293260404999955, 0.0 ], [ 106.768272909000075, -6.293221599999981, 0.0 ], [ 106.768227879000051, -6.293161943999962, 0.0 ], [ 106.76819845600005, -6.293138261999957, 0.0 ], [ 106.767928193000046, -6.292920730999981, 0.0 ], [ 106.767893033000064, -6.292884955999966, 0.0 ], [ 106.767802235000033, -6.292792567999925, 0.0 ], [ 106.767695723000088, -6.292641217999972, 0.0 ], [ 106.76756498900005, -6.292455448999931, 0.0 ], [ 106.767534871000066, -6.292386769999951, 0.0 ], [ 106.767522744000075, -6.292335973999968, 0.0 ], [ 106.767540545000088, -6.292297037999958, 0.0 ], [ 106.767585304000079, -6.292275952999944, 0.0 ], [ 106.767818084000055, -6.292176479999966, 0.0 ], [ 106.768092554000077, -6.292032008999968, 0.0 ], [ 106.768134234000058, -6.291984020999962, 0.0 ], [ 106.768151983000052, -6.291930133999927, 0.0 ], [ 106.768152626000074, -6.291922783999951, 0.0 ], [ 106.768153028000086, -6.29191818399994, 0.0 ], [ 106.76815773800007, -6.29186432299997, 0.0 ], [ 106.768139584000039, -6.291798594999932, 0.0 ], [ 106.768110782000065, -6.291763748999927, 0.0 ], [ 106.768082880000065, -6.291729989999965, 0.0 ], [ 106.76807526500005, -6.291723777999948, 0.0 ], [ 106.768049746000088, -6.291702962999977, 0.0 ], [ 106.767980670000043, -6.291646619999938, 0.0 ], [ 106.767853904000049, -6.291542557999946, 0.0 ], [ 106.767842809000058, -6.291533447999939, 0.0 ], [ 106.767817896000054, -6.291530541999975, 0.0 ], [ 106.76778726200007, -6.29152696999995, 0.0 ], [ 106.767768062000073, -6.291524729999935, 0.0 ], [ 106.767748809000068, -6.291530663999936, 0.0 ], [ 106.767699396000069, -6.291545894999956, 0.0 ], [ 106.767612886000052, -6.291594034999946, 0.0 ], [ 106.767535222000049, -6.29160625999998, 0.0 ], [ 106.767442573000039, -6.291606572999967, 0.0 ], [ 106.767331913000078, -6.291583024999966, 0.0 ], [ 106.767194264000068, -6.291532652999933, 0.0 ], [ 106.767068537000057, -6.291473268999937, 0.0 ], [ 106.76701158700007, -6.291423819999977, 0.0 ], [ 106.766968332000033, -6.291359371999931, 0.0 ], [ 106.766845510000053, -6.291097823999962, 0.0 ], [ 106.766785703000039, -6.290973117999954, 0.0 ], [ 106.766739992000055, -6.29087780499998, 0.0 ], [ 106.766668529000071, -6.290728800999943, 0.0 ], [ 106.766663002000087, -6.290715962999968, 0.0 ], [ 106.76663422200005, -6.29064912399997, 0.0 ], [ 106.766676482000037, -6.290612438999972, 0.0 ], [ 106.766781645000037, -6.290521147999925, 0.0 ], [ 106.766872856000077, -6.290447309999934, 0.0 ], [ 106.766935922000073, -6.290396255999951, 0.0 ], [ 106.767106493000085, -6.290290915999947, 0.0 ], [ 106.767247867000037, -6.290208820999965, 0.0 ], [ 106.767506077000064, -6.290058878999957, 0.0 ], [ 106.767601924000076, -6.290012245999947, 0.0 ], [ 106.767956939000044, -6.28983951999993, 0.0 ], [ 106.768334834000086, -6.289651650999929, 0.0 ], [ 106.768454506000069, -6.289592156999959, 0.0 ], [ 106.768764131000069, -6.289457505999962, 0.0 ], [ 106.768968377000078, -6.28936846199997, 0.0 ], [ 106.769177895000041, -6.289287362999971, 0.0 ], [ 106.769277843000054, -6.289262391999955, 0.0 ], [ 106.769572249000078, -6.289208112999972, 0.0 ], [ 106.769791696000084, -6.289176638999947, 0.0 ], [ 106.769831688000068, -6.289172038999936, 0.0 ], [ 106.770034837000082, -6.289159027999972, 0.0 ], [ 106.770092748000081, -6.289153642999963, 0.0 ], [ 106.770303170000034, -6.289134074999936, 0.0 ], [ 106.770386818000077, -6.289132997999957, 0.0 ], [ 106.770479159000047, -6.289118886999972, 0.0 ], [ 106.770663839000065, -6.289124337999965, 0.0 ], [ 106.770834883000077, -6.289128482999956, 0.0 ], [ 106.772061327000074, -6.289158196999949, 0.0 ], [ 106.772410778000051, -6.289169418999961, 0.0 ], [ 106.77250937000008, -6.289172583999971, 0.0 ], [ 106.772858602000042, -6.289183795999975, 0.0 ], [ 106.773513368000067, -6.289204817999973, 0.0 ], [ 106.773533809000071, -6.289205473999971, 0.0 ], [ 106.774266217000047, -6.289227358999938, 0.0 ], [ 106.774312985000051, -6.289226479999968, 0.0 ], [ 106.774323793000065, -6.289226278999934, 0.0 ], [ 106.774732261000054, -6.289237180999976, 0.0 ], [ 106.77512786300008, -6.289246815999945, 0.0 ], [ 106.775134865000041, -6.289246985999966, 0.0 ], [ 106.775339225000039, -6.28925196199998, 0.0 ], [ 106.775391158000048, -6.289253226999961, 0.0 ], [ 106.775716834000036, -6.289261157999931, 0.0 ], [ 106.776039480000065, -6.289268792999962, 0.0 ], [ 106.776304357000072, -6.289273156999968, 0.0 ], [ 106.776393440000049, -6.289272078999943, 0.0 ], [ 106.776600936000079, -6.289231909999955, 0.0 ], [ 106.776842111000065, -6.289184141999954, 0.0 ], [ 106.777021172000047, -6.289120520999973, 0.0 ], [ 106.777035304000037, -6.289114216999963, 0.0 ], [ 106.777213465000045, -6.289034731999948, 0.0 ], [ 106.777394897000079, -6.288936993999926, 0.0 ], [ 106.777556773000072, -6.288826216999951, 0.0 ], [ 106.777642620000051, -6.288760485999944, 0.0 ], [ 106.777658897000038, -6.288748021999936, 0.0 ], [ 106.77808015100004, -6.28842229299994, 0.0 ], [ 106.778083567000067, -6.288425829999937, 0.0 ], [ 106.778372356000034, -6.288725362999969, 0.0 ], [ 106.778875087000074, -6.289247086999978, 0.0 ], [ 106.778961989000038, -6.289319869999929, 0.0 ], [ 106.779099915000074, -6.289444104999973, 0.0 ], [ 106.779115151000042, -6.289457831999925, 0.0 ], [ 106.779183584000066, -6.289518662999967, 0.0 ], [ 106.779451505000054, -6.28975741499994, 0.0 ], [ 106.779807808000044, -6.289980116999971, 0.0 ], [ 106.779887956000039, -6.290032140999926, 0.0 ], [ 106.780005276000054, -6.290091892999953, 0.0 ], [ 106.780382223000061, -6.290295043999947, 0.0 ], [ 106.780732018000037, -6.290426503999981, 0.0 ], [ 106.780738252000049, -6.290428980999934, 0.0 ], [ 106.780762982000056, -6.290438803999962, 0.0 ], [ 106.780884127000036, -6.290486925999971, 0.0 ], [ 106.781041645000073, -6.290539076999949, 0.0 ], [ 106.781756448000067, -6.290780272999939, 0.0 ], [ 106.782154271000081, -6.290914262999934, 0.0 ], [ 106.782191837000084, -6.290926915999933, 0.0 ], [ 106.782713454000088, -6.291102601999967, 0.0 ], [ 106.783872755000061, -6.291495667999925, 0.0 ], [ 106.784274671000048, -6.291617901999928, 0.0 ], [ 106.784306934000085, -6.291572929999973, 0.0 ], [ 106.784357538000052, -6.291518456999938, 0.0 ], [ 106.784531677000075, -6.291378186999964, 0.0 ], [ 106.784607764000043, -6.291306268999961, 0.0 ], [ 106.784642360000078, -6.291274023999961, 0.0 ], [ 106.784698447000039, -6.29122274499997, 0.0 ], [ 106.784755025000038, -6.291172007999933, 0.0 ], [ 106.784812087000034, -6.291121818999954, 0.0 ], [ 106.78486962900007, -6.291072179999958, 0.0 ], [ 106.78492605100007, -6.291016798999976, 0.0 ], [ 106.78493572900004, -6.291000964999967, 0.0 ], [ 106.78496728500005, -6.290949333999947, 0.0 ], [ 106.784990848000064, -6.290873847999933, 0.0 ], [ 106.785002938000048, -6.290837948999979, 0.0 ], [ 106.785016668000083, -6.290797187999942, 0.0 ], [ 106.785037893000037, -6.290719126999932, 0.0 ], [ 106.785054446000061, -6.290639945999942, 0.0 ], [ 106.785066269000083, -6.290559918999975, 0.0 ], [ 106.785073321000084, -6.290479329999926, 0.0 ], [ 106.785083672000042, -6.29042047799993, 0.0 ], [ 106.785120837000079, -6.290366562999964, 0.0 ], [ 106.785124704000054, -6.290360954999926, 0.0 ], [ 106.785129801000039, -6.290353558999925, 0.0 ], [ 106.785131637000063, -6.290351112999929, 0.0 ], [ 106.785142865000068, -6.290336141999944, 0.0 ], [ 106.785178570000085, -6.290288539999949, 0.0 ], [ 106.78518796700007, -6.29027700499995, 0.0 ], [ 106.785229899000058, -6.290225525999972, 0.0 ], [ 106.785283709000055, -6.290164618999938, 0.0 ], [ 106.785336186000052, -6.290115985999932, 0.0 ], [ 106.785380289000045, -6.290059639999981, 0.0 ], [ 106.785414898000056, -6.289997007999943, 0.0 ], [ 106.785439140000051, -6.28992967399995, 0.0 ], [ 106.785456458000056, -6.289867757999957, 0.0 ], [ 106.785495508000054, -6.289816698999971, 0.0 ], [ 106.785550711000042, -6.28978379299997, 0.0 ], [ 106.785614383000052, -6.289727604999939, 0.0 ], [ 106.785649635000084, -6.289650328999926, 0.0 ], [ 106.785650349000036, -6.289565384999946, 0.0 ], [ 106.785623247000046, -6.289503232999948, 0.0 ], [ 106.785616398000059, -6.289487526999949, 0.0 ], [ 106.785584545000063, -6.289405024999951, 0.0 ], [ 106.785564299000043, -6.289317642999947, 0.0 ], [ 106.785563067000055, -6.289311594999958, 0.0 ], [ 106.78554639400005, -6.289229750999937, 0.0 ], [ 106.785530842000071, -6.289141411999935, 0.0 ], [ 106.785517653000056, -6.28905268799997, 0.0 ], [ 106.785505491000038, -6.288964122999971, 0.0 ], [ 106.785492956000041, -6.28887561199997, 0.0 ], [ 106.785480049000057, -6.28878715299993, 0.0 ], [ 106.785466771000074, -6.288698748999934, 0.0 ], [ 106.785460164000085, -6.288624113999958, 0.0 ], [ 106.785435770000049, -6.288553272999934, 0.0 ], [ 106.785395031000064, -6.288490404999948, 0.0 ], [ 106.785340348000034, -6.288439214999926, 0.0 ], [ 106.785280717000035, -6.288406787999975, 0.0 ], [ 106.785223827000038, -6.288369754999962, 0.0 ], [ 106.785170034000032, -6.288328345999957, 0.0 ], [ 106.785119674000043, -6.288282820999939, 0.0 ], [ 106.785075307000056, -6.288221939999971, 0.0 ], [ 106.785061904000088, -6.288147794999929, 0.0 ], [ 106.78506318500007, -6.288143201999958, 0.0 ], [ 106.785082146000036, -6.288075220999929, 0.0 ], [ 106.785109145000035, -6.288031820999947, 0.0 ], [ 106.785126776000084, -6.288007884999956, 0.0 ], [ 106.785161096000081, -6.287961296999981, 0.0 ], [ 106.78521380400008, -6.287891339999931, 0.0 ], [ 106.785267267000052, -6.287821957999938, 0.0 ], [ 106.785321477000082, -6.28775315799993, 0.0 ], [ 106.785376428000063, -6.287684949999971, 0.0 ], [ 106.78543211300007, -6.28761733999994, 0.0 ], [ 106.785488526000051, -6.28755033799996, 0.0 ], [ 106.785545660000082, -6.287483949999967, 0.0 ], [ 106.785592659000088, -6.287407928999926, 0.0 ], [ 106.785638738000046, -6.287331345999974, 0.0 ], [ 106.78568388900004, -6.287254212999926, 0.0 ], [ 106.78572736600006, -6.287180430999967, 0.0 ], [ 106.785734909000041, -6.287168175999966, 0.0 ], [ 106.785772256000087, -6.28710750099998, 0.0 ], [ 106.785818541000083, -6.287035448999973, 0.0 ], [ 106.785866206000037, -6.28696430399998, 0.0 ], [ 106.785898225000039, -6.286909928999933, 0.0 ], [ 106.785905209000077, -6.286898066999981, 0.0 ], [ 106.785946133000039, -6.286833, 0.0 ], [ 106.785988936000081, -6.28676915799997, 0.0 ], [ 106.786033589000056, -6.286706594999941, 0.0 ], [ 106.786080050000066, -6.28664536499997, 0.0 ], [ 106.78612828100006, -6.28658551999996, 0.0 ], [ 106.786180168000044, -6.286542561999966, 0.0 ], [ 106.786196375000088, -6.286531510999964, 0.0 ], [ 106.78623581800008, -6.286504611999931, 0.0 ], [ 106.78629475200006, -6.286472, 0.0 ], [ 106.786317501000042, -6.286457706999954, 0.0 ], [ 106.786362930000053, -6.286429165999948, 0.0 ], [ 106.78643360500007, -6.286390593999954, 0.0 ], [ 106.786506510000038, -6.286356430999945, 0.0 ], [ 106.786587608000048, -6.286319987999946, 0.0 ], [ 106.786654141000042, -6.286260990999949, 0.0 ], [ 106.786700046000078, -6.286184812999977, 0.0 ], [ 106.786730344000034, -6.286112951999939, 0.0 ], [ 106.786758608000071, -6.286040265999929, 0.0 ], [ 106.786784815000033, -6.285966812999959, 0.0 ], [ 106.786808947000054, -6.285892649999937, 0.0 ], [ 106.786830981000037, -6.285817836999968, 0.0 ], [ 106.786852791000058, -6.28575177099998, 0.0 ], [ 106.786879321000072, -6.285687458999973, 0.0 ], [ 106.786910430000034, -6.285625233999951, 0.0 ], [ 106.786945956000068, -6.28556542299998, 0.0 ], [ 106.786986572000046, -6.285494297999946, 0.0 ], [ 106.787026601000036, -6.285422842999935, 0.0 ], [ 106.787066039000081, -6.285351058999936, 0.0 ], [ 106.787099906000037, -6.285291807999954, 0.0 ], [ 106.787138034000066, -6.28523520799996, 0.0 ], [ 106.78718021800006, -6.285181566999938, 0.0 ], [ 106.78722622500004, -6.285131171999979, 0.0 ], [ 106.787293528000077, -6.285078053999939, 0.0 ], [ 106.787366145000078, -6.285032478999938, 0.0 ], [ 106.787426785000036, -6.284982473999946, 0.0 ], [ 106.787487011000053, -6.284931971999981, 0.0 ], [ 106.787546818000067, -6.284880973999975, 0.0 ], [ 106.787606205000088, -6.284829486999968, 0.0 ], [ 106.787665165000078, -6.284777509999969, 0.0 ], [ 106.787694473000045, -6.284754151999948, 0.0 ], [ 106.787726917000043, -6.284728291999954, 0.0 ], [ 106.787787583000068, -6.284677742999975, 0.0 ], [ 106.787810811000043, -6.28465751799996, 0.0 ], [ 106.787827886000059, -6.284642649999967, 0.0 ], [ 106.787838802000067, -6.284633145999976, 0.0 ], [ 106.787847139000064, -6.284625886999947, 0.0 ], [ 106.787863387000073, -6.284611104999954, 0.0 ], [ 106.787905553000087, -6.28457274699997, 0.0 ], [ 106.78796279900007, -6.284518348999939, 0.0 ], [ 106.788018849000082, -6.284462719999965, 0.0 ], [ 106.788073679000036, -6.284405883999966, 0.0 ], [ 106.788081726000087, -6.28440078999995, 0.0 ], [ 106.788128369000049, -6.284371264999947, 0.0 ], [ 106.788190053000051, -6.284351683999944, 0.0 ], [ 106.788254685000084, -6.284348419999958, 0.0 ], [ 106.788319835000038, -6.28432496399995, 0.0 ], [ 106.788378676000036, -6.284288444999959, 0.0 ], [ 106.788428626000041, -6.284240465999972, 0.0 ], [ 106.788467495000077, -6.284183129999974, 0.0 ], [ 106.78850374700005, -6.284122151999952, 0.0 ], [ 106.788540953000052, -6.284061754999925, 0.0 ], [ 106.788579105000053, -6.284001947999968, 0.0 ], [ 106.788615465000078, -6.283943025999974, 0.0 ], [ 106.788651368000046, -6.283883824999975, 0.0 ], [ 106.788686813000083, -6.283824347999939, 0.0 ], [ 106.788721799000086, -6.283764597999948, 0.0 ], [ 106.788765407000085, -6.28369545399994, 0.0 ], [ 106.788769049000052, -6.283688466999934, 0.0 ], [ 106.788803203000043, -6.28362296399996, 0.0 ], [ 106.788834931000054, -6.283547618999933, 0.0 ], [ 106.788860379000084, -6.283469922999927, 0.0 ], [ 106.788879374000032, -6.283390401999952, 0.0 ], [ 106.788888644000053, -6.283313778999968, 0.0 ], [ 106.788915613000086, -6.283241467999972, 0.0 ], [ 106.788958775000083, -6.283177501999944, 0.0 ], [ 106.789015727000049, -6.283125446999975, 0.0 ], [ 106.789027565000083, -6.283112580999955, 0.0 ], [ 106.789076174000058, -6.283059750999939, 0.0 ], [ 106.789131308000037, -6.282989533999967, 0.0 ], [ 106.78918079400006, -6.282915221999929, 0.0 ], [ 106.789224328000046, -6.282837269999959, 0.0 ], [ 106.789261645000067, -6.282756153999969, 0.0 ], [ 106.789300580000088, -6.282681509999975, 0.0 ], [ 106.789341575000037, -6.282607978999977, 0.0 ], [ 106.789384599000073, -6.28253561799994, 0.0 ], [ 106.789429619000089, -6.282464482999956, 0.0 ], [ 106.789487425000061, -6.282412965999981, 0.0 ], [ 106.789545231000034, -6.282361449999939, 0.0 ], [ 106.789603037000063, -6.282309932999965, 0.0 ], [ 106.789660842000046, -6.28225841699998, 0.0 ], [ 106.789675671000055, -6.282244628999933, 0.0 ], [ 106.789684544000067, -6.282235121999975, 0.0 ], [ 106.789727973000083, -6.282188597999948, 0.0 ], [ 106.789778195000054, -6.282130694999978, 0.0 ], [ 106.789781816000072, -6.282126200999926, 0.0 ], [ 106.789826273000074, -6.28207099399998, 0.0 ], [ 106.789872140000057, -6.282009577999929, 0.0 ], [ 106.789910301000077, -6.281938509999975, 0.0 ], [ 106.789947485000084, -6.281866924999974, 0.0 ], [ 106.789983687000074, -6.281794838999929, 0.0 ], [ 106.790018899000074, -6.281722262999949, 0.0 ], [ 106.790050873000041, -6.281647702999976, 0.0 ], [ 106.790079797000033, -6.281571907999933, 0.0 ], [ 106.790105630000085, -6.281495000999939, 0.0 ], [ 106.790128324000079, -6.281417107999971, 0.0 ], [ 106.790147843000057, -6.281338361999929, 0.0 ], [ 106.790164157000049, -6.281258886999979, 0.0 ], [ 106.790181413000084, -6.281187924999927, 0.0 ], [ 106.790185611000084, -6.28111501199993, 0.0 ], [ 106.790176611000049, -6.281042536999962, 0.0 ], [ 106.790156092000075, -6.280976629999941, 0.0 ], [ 106.790135522000071, -6.280910739999968, 0.0 ], [ 106.790114901000038, -6.280844864999949, 0.0 ], [ 106.790094427000042, -6.280761907999931, 0.0 ], [ 106.790088248000075, -6.280676681999978, 0.0 ], [ 106.790096543000061, -6.280591637999976, 0.0 ], [ 106.790119074000074, -6.280509213999949, 0.0 ], [ 106.790153690000068, -6.280431729999975, 0.0 ], [ 106.790189225000063, -6.280354662999969, 0.0 ], [ 106.790218193000044, -6.280282186999955, 0.0 ], [ 106.79024393900005, -6.280208504999962, 0.0 ], [ 106.790266414000087, -6.280133758999966, 0.0 ], [ 106.790285574000052, -6.280058094999958, 0.0 ], [ 106.790301383000042, -6.279981656999951, 0.0 ], [ 106.790309036000053, -6.279910834999953, 0.0 ], [ 106.79029640400006, -6.279840728999943, 0.0 ], [ 106.790289847000054, -6.279827635999936, 0.0 ], [ 106.79028973700008, -6.279826826999965, 0.0 ], [ 106.790288737000083, -6.279825417999973, 0.0 ], [ 106.790264512000078, -6.279777040999932, 0.0 ], [ 106.790227610000045, -6.279723290999925, 0.0 ], [ 106.790201512000067, -6.279670157999931, 0.0 ], [ 106.790200355000081, -6.279667801999949, 0.0 ], [ 106.790198865000036, -6.279664767999975, 0.0 ], [ 106.790178880000042, -6.279602699999941, 0.0 ], [ 106.79016630600006, -6.279516003999959, 0.0 ], [ 106.790174467000043, -6.279428780999979, 0.0 ], [ 106.790196029000072, -6.279351990999942, 0.0 ], [ 106.790213065000046, -6.27927406799995, 0.0 ], [ 106.790225514000042, -6.279195282999979, 0.0 ], [ 106.790233336000085, -6.279115902999933, 0.0 ], [ 106.790236502000084, -6.279036201999929, 0.0 ], [ 106.79023539800005, -6.278954717999966, 0.0 ], [ 106.790225516000078, -6.278873828999963, 0.0 ], [ 106.790225477000035, -6.278873660999977, 0.0 ], [ 106.790206970000042, -6.278794478999941, 0.0 ], [ 106.790179977000037, -6.278717593999943, 0.0 ], [ 106.790144853000072, -6.278644071999963, 0.0 ], [ 106.790102007000087, -6.278574770999967, 0.0 ], [ 106.79005193900008, -6.278510497999946, 0.0 ], [ 106.78999523400006, -6.278452005999952, 0.0 ], [ 106.789941807000048, -6.278389810999954, 0.0 ], [ 106.789890573000037, -6.278325794999944, 0.0 ], [ 106.789841597000077, -6.27826003499996, 0.0 ], [ 106.789794935000089, -6.278192608999973, 0.0 ], [ 106.789750647000062, -6.278123599999958, 0.0 ], [ 106.789723527000035, -6.278048295999952, 0.0 ], [ 106.789698391000059, -6.27797230699997, 0.0 ], [ 106.789675254000088, -6.27789568399993, 0.0 ], [ 106.789654135000035, -6.277818479999951, 0.0 ], [ 106.789635046000058, -6.277740747999928, 0.0 ], [ 106.789618002000054, -6.277662542999963, 0.0 ], [ 106.789599535000036, -6.277581920999978, 0.0 ], [ 106.789585397000053, -6.27750042599996, 0.0 ], [ 106.789575630000058, -6.277418292999926, 0.0 ], [ 106.789572234000048, -6.277366090999976, 0.0 ], [ 106.789570260000062, -6.277335755999957, 0.0 ], [ 106.789569302000075, -6.277253047999977, 0.0 ], [ 106.789569712000059, -6.277243265999971, 0.0 ], [ 106.789572760000055, -6.277170407999961, 0.0 ], [ 106.789572586000077, -6.277160408999976, 0.0 ], [ 106.789571396000042, -6.277092194999966, 0.0 ], [ 106.789573644000086, -6.27701400199993, 0.0 ], [ 106.78957949800008, -6.276935995999963, 0.0 ], [ 106.789596818000064, -6.276860777999957, 0.0 ], [ 106.789618498000038, -6.276786699999946, 0.0 ], [ 106.789644465000038, -6.276714015999971, 0.0 ], [ 106.789663941000072, -6.276642164999942, 0.0 ], [ 106.789675145000047, -6.27656856599998, 0.0 ], [ 106.789676433000068, -6.276534186999925, 0.0 ], [ 106.789677933000064, -6.276494171999957, 0.0 ], [ 106.78967226900005, -6.276419940999972, 0.0 ], [ 106.789661242000079, -6.276339614999927, 0.0 ], [ 106.789653292000082, -6.276277318999973, 0.0 ], [ 106.789650978000054, -6.276259186999937, 0.0 ], [ 106.789653145000045, -6.276189054999975, 0.0 ], [ 106.789658680000059, -6.276119108999978, 0.0 ], [ 106.789667570000063, -6.27604950999995, 0.0 ], [ 106.789679794000051, -6.27598041899995, 0.0 ], [ 106.789695227000038, -6.275893550999967, 0.0 ], [ 106.789696836000076, -6.275884118999954, 0.0 ], [ 106.789710060000061, -6.275806576999969, 0.0 ], [ 106.789724293000063, -6.275719503999937, 0.0 ], [ 106.789737924000065, -6.275632333999965, 0.0 ], [ 106.789744356000085, -6.275589253999954, 0.0 ], [ 106.789748222000071, -6.275563366999961, 0.0 ], [ 106.789750954000056, -6.275545070999954, 0.0 ], [ 106.78975575000004, -6.275511359999939, 0.0 ], [ 106.789762434000068, -6.275464380999949, 0.0 ], [ 106.789763381000057, -6.275457720999952, 0.0 ], [ 106.789764776000084, -6.275447405999955, 0.0 ], [ 106.789775206000058, -6.27537028699993, 0.0 ], [ 106.789776600000039, -6.275359409999965, 0.0 ], [ 106.789786426000035, -6.275282773999947, 0.0 ], [ 106.789798205000068, -6.27525533499994, 0.0 ], [ 106.789814741000043, -6.275216819999969, 0.0 ], [ 106.789816923000046, -6.275214061999975, 0.0 ], [ 106.789846411000042, -6.275176788999943, 0.0 ], [ 106.789859269000033, -6.275160537999966, 0.0 ], [ 106.789869925000062, -6.275146365999944, 0.0 ], [ 106.789896196000086, -6.275111421999952, 0.0 ], [ 106.789902071000085, -6.275103607999938, 0.0 ], [ 106.789910851000059, -6.275090606999981, 0.0 ], [ 106.789924536000058, -6.275070341999935, 0.0 ], [ 106.789937595000083, -6.275051004999966, 0.0 ], [ 106.789941934000069, -6.275044578999939, 0.0 ], [ 106.789961651000056, -6.27501192699998, 0.0 ], [ 106.78997875400006, -6.274983603999942, 0.0 ], [ 106.790012437000087, -6.274920839999936, 0.0 ], [ 106.790015027000038, -6.274915870999962, 0.0 ], [ 106.790025731000071, -6.274895332999961, 0.0 ], [ 106.790038892000041, -6.274870082999939, 0.0 ], [ 106.790050720000067, -6.27484739099998, 0.0 ], [ 106.790060736000044, -6.274828594999974, 0.0 ], [ 106.790089675000047, -6.274774296999965, 0.0 ], [ 106.790107670000054, -6.274741262999953, 0.0 ], [ 106.790115806000074, -6.27472632599995, 0.0 ], [ 106.790123487000074, -6.274712227999942, 0.0 ], [ 106.790129297000078, -6.274701561999962, 0.0 ], [ 106.790132408000034, -6.27469597399994, 0.0 ], [ 106.790151836000064, -6.274661074999926, 0.0 ], [ 106.790169584000068, -6.274629193999942, 0.0 ], [ 106.790208394000047, -6.274585513999966, 0.0 ], [ 106.790228471000034, -6.274562917999958, 0.0 ], [ 106.790235555000038, -6.274556196999981, 0.0 ], [ 106.790292779000083, -6.274501893999968, 0.0 ], [ 106.790362041000037, -6.274446564999948, 0.0 ], [ 106.790421580000043, -6.27439987899993, 0.0 ], [ 106.790482, -6.274354339999945, 0.0 ], [ 106.790543279000076, -6.274309964999929, 0.0 ], [ 106.790579416000071, -6.274284835999936, 0.0 ], [ 106.790605395000057, -6.274266771999976, 0.0 ], [ 106.790669478000041, -6.274218422999979, 0.0 ], [ 106.790731933000075, -6.274167984999963, 0.0 ], [ 106.790792692000082, -6.274115515999938, 0.0 ], [ 106.790851690000068, -6.27406106899997, 0.0 ], [ 106.790895915000078, -6.274007495999967, 0.0 ], [ 106.790908659000081, -6.273992058999966, 0.0 ], [ 106.79095968300004, -6.273918539999954, 0.0 ], [ 106.791004407000059, -6.273841020999953, 0.0 ], [ 106.791018635000057, -6.273817613999938, 0.0 ], [ 106.791042126000036, -6.273778966999942, 0.0 ], [ 106.791070179000087, -6.273733857999957, 0.0 ], [ 106.791080476000047, -6.273717301999966, 0.0 ], [ 106.791119453000078, -6.273656030999973, 0.0 ], [ 106.791178543000058, -6.273588586999949, 0.0 ], [ 106.791238756000041, -6.273522143999969, 0.0 ], [ 106.791300075000038, -6.273456721999935, 0.0 ], [ 106.791345656000033, -6.273400670999933, 0.0 ], [ 106.791390301000035, -6.273343870999952, 0.0 ], [ 106.791393638000045, -6.273339476999979, 0.0 ], [ 106.79143399700007, -6.273286336999945, 0.0 ], [ 106.791476732000035, -6.273228084999971, 0.0 ], [ 106.79148295300007, -6.273216346999959, 0.0 ], [ 106.791486550000059, -6.273211894999974, 0.0 ], [ 106.791492982000079, -6.273197427999946, 0.0 ], [ 106.791515125000046, -6.273155649999978, 0.0 ], [ 106.791516064000064, -6.27315387699997, 0.0 ], [ 106.791539189000048, -6.273073128999954, 0.0 ], [ 106.791545104000079, -6.272989338999935, 0.0 ], [ 106.791533552000033, -6.272906139999975, 0.0 ], [ 106.791526372000078, -6.272886249999942, 0.0 ], [ 106.791505035000057, -6.272827137999968, 0.0 ], [ 106.791485922000049, -6.272766793999949, 0.0 ], [ 106.791466675000038, -6.272706493999976, 0.0 ], [ 106.791442415000063, -6.272629952999978, 0.0 ], [ 106.79144236500008, -6.272629787999961, 0.0 ], [ 106.791419226000073, -6.272553078999977, 0.0 ], [ 106.791397116000041, -6.272475887999974, 0.0 ], [ 106.791376086000071, -6.272398395999971, 0.0 ], [ 106.791356143000087, -6.272320616999934, 0.0 ], [ 106.791350145000081, -6.272253260999946, 0.0 ], [ 106.791354954000042, -6.272185809999939, 0.0 ], [ 106.791370670000049, -6.272104777999971, 0.0 ], [ 106.791381091000062, -6.272037302999934, 0.0 ], [ 106.791383268000061, -6.272023201999957, 0.0 ], [ 106.791392729000052, -6.271941202999926, 0.0 ], [ 106.79139691000006, -6.271886690999963, 0.0 ], [ 106.791399040000044, -6.271858901999963, 0.0 ], [ 106.791402192000078, -6.271776417999945, 0.0 ], [ 106.79140218100008, -6.271693874999926, 0.0 ], [ 106.791399005000073, -6.271611391999954, 0.0 ], [ 106.791392669000061, -6.27152909199998, 0.0 ], [ 106.791383891000066, -6.271480564999933, 0.0 ], [ 106.791378447000056, -6.271450475999927, 0.0 ], [ 106.791364928000064, -6.271371736999981, 0.0 ], [ 106.791353602000072, -6.271302049999974, 0.0 ], [ 106.791352111000037, -6.27129287899993, 0.0 ], [ 106.79134, -6.271213910999961, 0.0 ], [ 106.791328594000049, -6.271134836999977, 0.0 ], [ 106.791326198000036, -6.271117111999956, 0.0 ], [ 106.791317894000088, -6.271055664999949, 0.0 ], [ 106.791317864000064, -6.271051655999941, 0.0 ], [ 106.791317347000074, -6.270981554999935, 0.0 ], [ 106.791316950000066, -6.270927684999947, 0.0 ], [ 106.791316800000061, -6.270907444999978, 0.0 ], [ 106.791316254000037, -6.270833334999963, 0.0 ], [ 106.791327553000087, -6.270759532999932, 0.0 ], [ 106.791328513000053, -6.270753259999935, 0.0 ], [ 106.791340772000069, -6.270673183999975, 0.0 ], [ 106.791348137000057, -6.270610915999953, 0.0 ], [ 106.791354484000067, -6.270531757999947, 0.0 ], [ 106.791347943000062, -6.270452614999954, 0.0 ], [ 106.791328685000053, -6.270375575999935, 0.0 ], [ 106.791311872000051, -6.270291889999953, 0.0 ], [ 106.791307938000045, -6.270276283999976, 0.0 ], [ 106.791291013000034, -6.270209120999937, 0.0 ], [ 106.791286897000077, -6.270195599999965, 0.0 ], [ 106.791266155000073, -6.270127464999973, 0.0 ], [ 106.791240271000049, -6.270054278999964, 0.0 ], [ 106.791214387000082, -6.269981093999945, 0.0 ], [ 106.79118502700004, -6.269910511999967, 0.0 ], [ 106.791155668000044, -6.269839928999943, 0.0 ], [ 106.791126309000049, -6.269769346999965, 0.0 ], [ 106.791107110000041, -6.269725114999972, 0.0 ], [ 106.791091024000082, -6.269688050999946, 0.0 ], [ 106.791065836000087, -6.269630015999951, 0.0 ], [ 106.791055740000047, -6.269606754999927, 0.0 ], [ 106.791020456000069, -6.269525458999965, 0.0 ], [ 106.791004229000066, -6.269486520999976, 0.0 ], [ 106.790988749000064, -6.269449374999965, 0.0 ], [ 106.790957043000049, -6.269373290999965, 0.0 ], [ 106.79092518200008, -6.269303182999977, 0.0 ], [ 106.790893320000066, -6.269233074999931, 0.0 ], [ 106.790861459000041, -6.269162965999953, 0.0 ], [ 106.790834627000038, -6.269108646999939, 0.0 ], [ 106.790807796000081, -6.269054327999925, 0.0 ], [ 106.790780964000078, -6.269000007999978, 0.0 ], [ 106.790751810000074, -6.268943490999959, 0.0 ], [ 106.790751585000066, -6.268943055999955, 0.0 ], [ 106.790722654000035, -6.26888697499993, 0.0 ], [ 106.790701612000078, -6.268848824999964, 0.0 ], [ 106.790682276000041, -6.268813768999962, 0.0 ], [ 106.790641897000057, -6.268740562999938, 0.0 ], [ 106.790635248000058, -6.268728155999952, 0.0 ], [ 106.790632191000043, -6.268722451999963, 0.0 ], [ 106.790615174000038, -6.268690697999943, 0.0 ], [ 106.790613586000063, -6.268687732999979, 0.0 ], [ 106.790583881000089, -6.268663759999981, 0.0 ], [ 106.790547889000038, -6.26865251199996, 0.0 ], [ 106.790526851000038, -6.268645934999938, 0.0 ], [ 106.790498622000086, -6.268640504999951, 0.0 ], [ 106.790465069000049, -6.268634051999925, 0.0 ], [ 106.790409226000065, -6.268643551999958, 0.0 ], [ 106.790362888000061, -6.268654239999933, 0.0 ], [ 106.790327244000082, -6.268682749999925, 0.0 ], [ 106.790298242000063, -6.268717690999949, 0.0 ], [ 106.790293138000038, -6.26872383999995, 0.0 ], [ 106.790280902000063, -6.268738581999969, 0.0 ], [ 106.790080085000056, -6.269065263999948, 0.0 ], [ 106.79003294000006, -6.269118060999972, 0.0 ], [ 106.789986600000077, -6.269156072999976, 0.0 ], [ 106.789935509000088, -6.269177451999951, 0.0 ], [ 106.789890660000083, -6.269195752999963, 0.0 ], [ 106.78985136700004, -6.26920393499995, 0.0 ], [ 106.78983704400008, -6.26920544099994, 0.0 ], [ 106.789809565000041, -6.269208331999948, 0.0 ], [ 106.789759665000076, -6.269204763999937, 0.0 ], [ 106.789729667000074, -6.269193930999961, 0.0 ], [ 106.789727236000033, -6.269193669999936, 0.0 ], [ 106.789722793000067, -6.269191447999958, 0.0 ], [ 106.789658680000059, -6.269159388999981, 0.0 ], [ 106.789612753000085, -6.269136420999928, 0.0 ], [ 106.789517328000045, -6.269019782999976, 0.0 ], [ 106.789502362000064, -6.269001489999937, 0.0 ], [ 106.789345875000038, -6.268830228999946, 0.0 ], [ 106.789285671000073, -6.268764339999962, 0.0 ], [ 106.789265127000078, -6.268732494999938, 0.0 ], [ 106.789122134000081, -6.268510835999962, 0.0 ], [ 106.789108971000076, -6.268501933999971, 0.0 ], [ 106.789089774000047, -6.268488969999964, 0.0 ], [ 106.789074441000082, -6.268478615999925, 0.0 ], [ 106.789059544000054, -6.26847648699993, 0.0 ], [ 106.789017198000067, -6.268470433999937, 0.0 ], [ 106.788865907000059, -6.268499042999963, 0.0 ], [ 106.788821410000082, -6.268492012999957, 0.0 ], [ 106.788815602000057, -6.268492092999963, 0.0 ], [ 106.788763326000037, -6.268483774999936, 0.0 ], [ 106.788751842000067, -6.268481025999961, 0.0 ], [ 106.788638192000064, -6.268453826999973, 0.0 ], [ 106.788538804000041, -6.268425425999965, 0.0 ], [ 106.788536579000038, -6.268424740999933, 0.0 ], [ 106.788459291000038, -6.268395106999947, 0.0 ], [ 106.788209791000043, -6.268315492999932, 0.0 ], [ 106.788101674000075, -6.26827746999993, 0.0 ], [ 106.787684658000046, -6.26807785699998, 0.0 ], [ 106.787522341000056, -6.267981019999979, 0.0 ], [ 106.787403534000077, -6.267912106999972, 0.0 ], [ 106.787309230000062, -6.267847692999965, 0.0 ], [ 106.787306114000046, -6.267845571999942, 0.0 ], [ 106.787244337000061, -6.26777547699993, 0.0 ], [ 106.787230082000065, -6.267738646999931, 0.0 ], [ 106.787229596000088, -6.267735151999943, 0.0 ], [ 106.78721820700008, -6.267653109999969, 0.0 ], [ 106.787215837000076, -6.267558071999929, 0.0 ], [ 106.787207409000075, -6.267450087999975, 0.0 ], [ 106.787183654000046, -6.267352671999959, 0.0 ], [ 106.787159897000038, -6.267279014999929, 0.0 ], [ 106.787129013000083, -6.267193477999967, 0.0 ], [ 106.787096939000037, -6.267115066999963, 0.0 ], [ 106.78702566000004, -6.266992698999957, 0.0 ], [ 106.786972645000048, -6.266903930999945, 0.0 ], [ 106.786956537000037, -6.266875738999943, 0.0 ], [ 106.78694753700006, -6.266861893999931, 0.0 ], [ 106.786940237000067, -6.266850660999978, 0.0 ], [ 106.786931758000037, -6.266840796999929, 0.0 ], [ 106.786883965000072, -6.266785196999933, 0.0 ], [ 106.786803460000044, -6.266716328999962, 0.0 ], [ 106.786796300000049, -6.266713224999933, 0.0 ], [ 106.786721639000064, -6.266676547999964, 0.0 ], [ 106.786676712000087, -6.266647760999945, 0.0 ], [ 106.786631786000044, -6.266618975999961, 0.0 ], [ 106.786594911000066, -6.266579825999941, 0.0 ], [ 106.786585419000062, -6.266569748999927, 0.0 ], [ 106.786558036000088, -6.266540676999966, 0.0 ], [ 106.786527138000054, -6.266475864999961, 0.0 ], [ 106.786515369000085, -6.266425983999966, 0.0 ], [ 106.786503599000071, -6.26637610299997, 0.0 ], [ 106.786499031000062, -6.266326615999958, 0.0 ], [ 106.786496841000087, -6.26630288399997, 0.0 ], [ 106.786490082000057, -6.266229666999948, 0.0 ], [ 106.786487971000042, -6.266185737999933, 0.0 ], [ 106.786486480000065, -6.266154712999935, 0.0 ], [ 106.786470847000032, -6.266099357999963, 0.0 ], [ 106.786464164000051, -6.266075693999937, 0.0 ], [ 106.786452757000063, -6.266053023999973, 0.0 ], [ 106.786441956000033, -6.266031564999935, 0.0 ], [ 106.786410365000052, -6.265988644999936, 0.0 ], [ 106.786364392000053, -6.265948465999941, 0.0 ], [ 106.786322505000044, -6.265921265999964, 0.0 ], [ 106.786295084000074, -6.265903459999947, 0.0 ], [ 106.786280617000045, -6.26589406599993, 0.0 ], [ 106.786209947000089, -6.265859969999951, 0.0 ], [ 106.786165289000053, -6.265840651999952, 0.0 ], [ 106.786148041000047, -6.265833191999945, 0.0 ], [ 106.786110195000049, -6.265818786999944, 0.0 ], [ 106.786101657000074, -6.26581553799997, 0.0 ], [ 106.786055273000045, -6.265797883999937, 0.0 ], [ 106.786012432000064, -6.265783130999978, 0.0 ], [ 106.785969591000082, -6.265768377999962, 0.0 ], [ 106.785915487000068, -6.265748921999943, 0.0 ], [ 106.785861382000064, -6.265729464999936, 0.0 ], [ 106.785837788000038, -6.265720321999936, 0.0 ], [ 106.785832231000086, -6.265718167999978, 0.0 ], [ 106.78581282500005, -6.265710648999971, 0.0 ], [ 106.785784488000047, -6.265699667999968, 0.0 ], [ 106.785764267000047, -6.265691831999959, 0.0 ], [ 106.785713887000043, -6.265667785999938, 0.0 ], [ 106.785663507000038, -6.265643740999963, 0.0 ], [ 106.785658721000061, -6.265641032999952, 0.0 ], [ 106.78562213400005, -6.265620326999965, 0.0 ], [ 106.785580763000041, -6.265596913999957, 0.0 ], [ 106.785565907000034, -6.265587017999962, 0.0 ], [ 106.785536362000073, -6.265567333999968, 0.0 ], [ 106.785491960000058, -6.265537754999968, 0.0 ], [ 106.785444858000062, -6.265500712999938, 0.0 ], [ 106.785404774000085, -6.265454016999968, 0.0 ], [ 106.785373253000046, -6.265396525999961, 0.0 ], [ 106.785373201000084, -6.265396431999932, 0.0 ], [ 106.78536897400005, -6.265384091999977, 0.0 ], [ 106.78536433000005, -6.265370529999927, 0.0 ], [ 106.785357540000064, -6.265350705999936, 0.0 ], [ 106.785347087000048, -6.26528617799994, 0.0 ], [ 106.785347849000061, -6.265260956999953, 0.0 ], [ 106.785349118000056, -6.265218962999938, 0.0 ], [ 106.78535071400006, -6.265209915999947, 0.0 ], [ 106.785359070000084, -6.265162539999949, 0.0 ], [ 106.785371386000065, -6.265099192999969, 0.0 ], [ 106.785380796000084, -6.265048773999979, 0.0 ], [ 106.785381351000069, -6.26500141899993, 0.0 ], [ 106.785381493000045, -6.264989236999952, 0.0 ], [ 106.78537689400008, -6.264968161999946, 0.0 ], [ 106.785371386000065, -6.26494293099995, 0.0 ], [ 106.785361278000039, -6.26489662299997, 0.0 ], [ 106.785359334000077, -6.26489205799993, 0.0 ], [ 106.78535693300006, -6.264881848999948, 0.0 ], [ 106.785342086000071, -6.264851556999929, 0.0 ], [ 106.785327236000057, -6.264821257999927, 0.0 ], [ 106.785315486000059, -6.264790064999943, 0.0 ], [ 106.785285630000033, -6.264710810999929, 0.0 ], [ 106.785274043000072, -6.26468005199996, 0.0 ], [ 106.78526888500005, -6.264662095999938, 0.0 ], [ 106.78525535700004, -6.264615008999954, 0.0 ], [ 106.78523382700007, -6.264540063999959, 0.0 ], [ 106.785232800000074, -6.264535099999932, 0.0 ], [ 106.785220612000046, -6.264476165999952, 0.0 ], [ 106.785213063000072, -6.264439662999962, 0.0 ], [ 106.785207397000079, -6.264412267999944, 0.0 ], [ 106.785197559000039, -6.264364699999931, 0.0 ], [ 106.785194182000055, -6.264348368999947, 0.0 ], [ 106.785186636000049, -6.264296570999932, 0.0 ], [ 106.785179090000042, -6.264244773999962, 0.0 ], [ 106.785177532000034, -6.264209809999954, 0.0 ], [ 106.785175948000074, -6.264174261999926, 0.0 ], [ 106.78517362000008, -6.264122025999939, 0.0 ], [ 106.785172805000059, -6.264103749999947, 0.0 ], [ 106.785172935000048, -6.264101846999949, 0.0 ], [ 106.785177133000047, -6.264040254999941, 0.0 ], [ 106.78518073500004, -6.263987423999936, 0.0 ], [ 106.785181462000082, -6.26397676199997, 0.0 ], [ 106.785191817000054, -6.26392027299994, 0.0 ], [ 106.785202172000083, -6.263863784999955, 0.0 ], [ 106.785219158000075, -6.263804768999933, 0.0 ], [ 106.785236144000066, -6.263745754999945, 0.0 ], [ 106.785246332000042, -6.26371163999994, 0.0 ], [ 106.785255520000078, -6.263680880999971, 0.0 ], [ 106.785274896000033, -6.263616007999929, 0.0 ], [ 106.785283738000032, -6.263571527999943, 0.0 ], [ 106.78529113500008, -6.263534323999977, 0.0 ], [ 106.785296776000052, -6.263484116999962, 0.0 ], [ 106.785302418000072, -6.263433909999947, 0.0 ], [ 106.785304697000072, -6.263376907999941, 0.0 ], [ 106.785304944000075, -6.263370736999946, 0.0 ], [ 106.785306976000072, -6.263319905999936, 0.0 ], [ 106.78530492200008, -6.263283503999958, 0.0 ], [ 106.785302762000072, -6.263245230999928, 0.0 ], [ 106.785298549000061, -6.263170555999977, 0.0 ], [ 106.78529306300004, -6.263129493999941, 0.0 ], [ 106.785288209000043, -6.263093160999972, 0.0 ], [ 106.785279881000065, -6.263030825999977, 0.0 ], [ 106.785277869000083, -6.263015764999977, 0.0 ], [ 106.785277288000088, -6.263009162999936, 0.0 ], [ 106.785275757000079, -6.262991747999934, 0.0 ], [ 106.785362685000052, -6.26298920499994, 0.0 ], [ 106.785543090000033, -6.262994571999968, 0.0 ], [ 106.785723229000041, -6.263005755999927, 0.0 ], [ 106.785902914000076, -6.263022744999944, 0.0 ], [ 106.786016585000084, -6.263037205999979, 0.0 ], [ 106.786081957000079, -6.26304552299996, 0.0 ], [ 106.786260174000063, -6.263074064999955, 0.0 ], [ 106.786318316000063, -6.263087180999946, 0.0 ], [ 106.786485031000041, -6.263124786999981, 0.0 ], [ 106.786777476000054, -6.263193823999927, 0.0 ], [ 106.786830491000046, -6.263206339999954, 0.0 ], [ 106.786860870000055, -6.263213452999935, 0.0 ], [ 106.78699825700005, -6.263244773999929, 0.0 ], [ 106.787178410000081, -6.263286821999941, 0.0 ], [ 106.787178207000068, -6.263287764999973, 0.0 ], [ 106.78723141100005, -6.263300222999931, 0.0 ], [ 106.787882935000084, -6.263459582999928, 0.0 ], [ 106.787941145000048, -6.263475831999926, 0.0 ], [ 106.788104106000048, -6.263521322999964, 0.0 ], [ 106.788131553000085, -6.26352499799998, 0.0 ] ] ] ] } }
]
}
